employee_id,month,department,working_days,absence_days,late_days
EMP-0001,2025-11-01,Finance,22,2,2
EMP-0001,2025-12-01,Finance,23,1,1
EMP-0002,2024-11-01,Operations,22,1,0
EMP-0002,2024-12-01,Operations,22,0,0
EMP-0002,2025-01-01,Operations,20,0,1
EMP-0002,2025-02-01,Operations,21,0,0
EMP-0003,2024-01-01,Operations,22,1,2
EMP-0003,2024-02-01,Operations,23,1,0
EMP-0003,2024-03-01,Operations,22,0,0
EMP-0003,2024-04-01,Operations,20,0,0
EMP-0003,2024-05-01,Operations,22,1,0
EMP-0003,2024-06-01,Operations,20,1,1
EMP-0003,2024-07-01,Operations,21,1,0
EMP-0003,2024-08-01,Operations,23,0,3
EMP-0003,2024-09-01,Operations,22,0,2
EMP-0003,2024-10-01,Operations,22,1,1
EMP-0003,2024-11-01,Operations,20,1,0
EMP-0003,2024-12-01,Operations,20,1,1
EMP-0003,2025-01-01,Operations,22,2,1
EMP-0003,2025-02-01,Operations,21,0,2
EMP-0003,2025-03-01,Operations,20,2,0
EMP-0003,2025-04-01,Operations,21,0,1
EMP-0003,2025-05-01,Operations,20,0,0
EMP-0003,2025-06-01,Operations,20,0,2
EMP-0003,2025-07-01,Operations,21,0,1
EMP-0003,2025-08-01,Operations,20,0,2
EMP-0003,2025-09-01,Operations,22,0,0
EMP-0003,2025-10-01,Operations,23,0,1
EMP-0003,2025-11-01,Operations,22,1,1
EMP-0003,2025-12-01,Operations,22,0,0
EMP-0004,2025-02-01,Sales,20,0,0
EMP-0004,2025-03-01,Sales,21,1,3
EMP-0004,2025-04-01,Sales,22,0,0
EMP-0004,2025-05-01,Sales,22,1,1
EMP-0004,2025-06-01,Sales,20,0,0
EMP-0004,2025-07-01,Sales,23,0,0
EMP-0004,2025-08-01,Sales,20,1,2
EMP-0004,2025-09-01,Sales,23,0,0
EMP-0004,2025-10-01,Sales,23,1,0
EMP-0004,2025-11-01,Sales,20,0,1
EMP-0004,2025-12-01,Sales,21,0,0
EMP-0005,2025-08-01,Sales,20,2,0
EMP-0005,2025-09-01,Sales,22,0,3
EMP-0005,2025-10-01,Sales,20,1,0
EMP-0006,2025-12-01,Human Resources,23,0,0
EMP-0007,2025-04-01,Finance,21,0,0
EMP-0007,2025-05-01,Finance,21,0,1
EMP-0007,2025-06-01,Finance,21,1,3
EMP-0007,2025-07-01,Finance,23,1,0
EMP-0007,2025-08-01,Finance,21,0,1
EMP-0007,2025-09-01,Finance,23,0,1
EMP-0007,2025-10-01,Finance,21,0,3
EMP-0007,2025-11-01,Finance,21,0,1
EMP-0007,2025-12-01,Finance,20,1,0
EMP-0008,2025-03-01,Sales,20,0,1
EMP-0008,2025-04-01,Sales,23,0,0
EMP-0008,2025-05-01,Sales,23,0,0
EMP-0008,2025-06-01,Sales,22,1,0
EMP-0008,2025-07-01,Sales,21,0,2
EMP-0008,2025-08-01,Sales,23,0,0
EMP-0008,2025-09-01,Sales,21,0,0
EMP-0008,2025-10-01,Sales,21,1,0
EMP-0008,2025-11-01,Sales,22,0,0
EMP-0008,2025-12-01,Sales,20,0,0
EMP-0009,2024-05-01,Sales,23,0,2
EMP-0009,2024-06-01,Sales,22,1,1
EMP-0009,2024-07-01,Sales,20,0,0
EMP-0009,2024-08-01,Sales,22,2,1
EMP-0009,2024-09-01,Sales,22,2,0
EMP-0009,2024-10-01,Sales,20,2,0
EMP-0009,2024-11-01,Sales,20,0,0
EMP-0009,2024-12-01,Sales,21,0,0
EMP-0009,2025-01-01,Sales,20,0,1
EMP-0009,2025-02-01,Sales,23,0,1
EMP-0009,2025-03-01,Sales,23,1,0
EMP-0009,2025-04-01,Sales,20,1,0
EMP-0009,2025-05-01,Sales,23,0,0
EMP-0009,2025-06-01,Sales,20,0,0
EMP-0009,2025-07-01,Sales,22,1,2
EMP-0009,2025-08-01,Sales,21,0,1
EMP-0009,2025-09-01,Sales,21,0,0
EMP-0009,2025-10-01,Sales,21,2,0
EMP-0009,2025-11-01,Sales,23,0,4
EMP-0009,2025-12-01,Sales,20,1,1
EMP-0010,2024-02-01,Marketing,22,0,1
EMP-0010,2024-03-01,Marketing,22,0,3
EMP-0010,2024-04-01,Marketing,21,0,0
EMP-0010,2024-05-01,Marketing,23,0,1
EMP-0010,2024-06-01,Marketing,21,0,1
EMP-0010,2024-07-01,Marketing,22,0,1
EMP-0010,2024-08-01,Marketing,20,0,1
EMP-0010,2024-09-01,Marketing,23,0,3
EMP-0010,2024-10-01,Marketing,20,0,0
EMP-0010,2024-11-01,Marketing,20,2,0
EMP-0010,2024-12-01,Marketing,22,1,2
EMP-0010,2025-01-01,Marketing,22,0,3
EMP-0010,2025-02-01,Marketing,20,2,1
EMP-0010,2025-03-01,Marketing,21,0,0
EMP-0010,2025-04-01,Marketing,23,1,0
EMP-0010,2025-05-01,Marketing,22,1,2
EMP-0010,2025-06-01,Marketing,20,0,0
EMP-0010,2025-07-01,Marketing,23,0,0
EMP-0010,2025-08-01,Marketing,21,0,2
EMP-0010,2025-09-01,Marketing,20,1,0
EMP-0010,2025-10-01,Marketing,23,1,2
EMP-0010,2025-11-01,Marketing,22,1,1
EMP-0010,2025-12-01,Marketing,20,0,2
EMP-0011,2025-12-01,Operations,21,1,2
EMP-0012,2024-12-01,Marketing,21,2,4
EMP-0012,2025-01-01,Marketing,21,0,1
EMP-0012,2025-02-01,Marketing,22,0,0
EMP-0012,2025-03-01,Marketing,20,0,1
EMP-0013,2025-04-01,Operations,23,3,2
EMP-0013,2025-05-01,Operations,21,0,3
EMP-0013,2025-06-01,Operations,20,0,3
EMP-0013,2025-07-01,Operations,21,0,0
EMP-0013,2025-08-01,Operations,21,2,0
EMP-0013,2025-09-01,Operations,23,0,0
EMP-0013,2025-10-01,Operations,21,0,0
EMP-0013,2025-11-01,Operations,22,1,1
EMP-0013,2025-12-01,Operations,22,1,0
EMP-0014,2025-02-01,Customer Service,22,1,2
EMP-0014,2025-03-01,Customer Service,22,0,1
EMP-0014,2025-04-01,Customer Service,21,1,0
EMP-0014,2025-05-01,Customer Service,20,1,2
EMP-0014,2025-06-01,Customer Service,21,0,1
EMP-0014,2025-07-01,Customer Service,23,0,0
EMP-0014,2025-08-01,Customer Service,22,1,0
EMP-0014,2025-09-01,Customer Service,22,0,3
EMP-0014,2025-10-01,Customer Service,22,0,0
EMP-0014,2025-11-01,Customer Service,20,1,0
EMP-0015,2024-11-01,Customer Service,20,2,0
EMP-0015,2024-12-01,Customer Service,21,5,4
EMP-0015,2025-01-01,Customer Service,22,1,2
EMP-0015,2025-02-01,Customer Service,21,4,2
EMP-0015,2025-03-01,Customer Service,20,1,3
EMP-0015,2025-04-01,Customer Service,23,1,0
EMP-0015,2025-05-01,Customer Service,21,2,0
EMP-0015,2025-06-01,Customer Service,22,2,0
EMP-0015,2025-07-01,Customer Service,21,1,1
EMP-0015,2025-08-01,Customer Service,22,2,0
EMP-0015,2025-09-01,Customer Service,22,2,1
EMP-0015,2025-10-01,Customer Service,20,1,0
EMP-0016,2024-09-01,IT & Data,22,0,0
EMP-0016,2024-10-01,IT & Data,21,2,0
EMP-0016,2024-11-01,IT & Data,23,0,0
EMP-0016,2024-12-01,IT & Data,20,1,2
EMP-0016,2025-01-01,IT & Data,22,1,0
EMP-0016,2025-02-01,IT & Data,20,0,2
EMP-0016,2025-03-01,IT & Data,22,0,2
EMP-0016,2025-04-01,IT & Data,21,1,1
EMP-0016,2025-05-01,IT & Data,20,0,1
EMP-0016,2025-06-01,IT & Data,21,1,1
EMP-0016,2025-07-01,IT & Data,23,0,2
EMP-0017,2025-01-01,Customer Service,22,1,0
EMP-0017,2025-02-01,Customer Service,23,0,1
EMP-0017,2025-03-01,Customer Service,23,3,0
EMP-0017,2025-04-01,Customer Service,20,0,1
EMP-0017,2025-05-01,Customer Service,21,0,1
EMP-0017,2025-06-01,Customer Service,20,1,2
EMP-0017,2025-07-01,Customer Service,21,0,2
EMP-0017,2025-08-01,Customer Service,22,0,0
EMP-0017,2025-09-01,Customer Service,20,0,3
EMP-0018,2024-05-01,Sales,23,0,0
EMP-0018,2024-06-01,Sales,23,0,3
EMP-0018,2024-07-01,Sales,20,0,0
EMP-0018,2024-08-01,Sales,23,0,1
EMP-0018,2024-09-01,Sales,22,1,2
EMP-0018,2024-10-01,Sales,23,0,1
EMP-0018,2024-11-01,Sales,21,0,2
EMP-0018,2024-12-01,Sales,20,0,1
EMP-0018,2025-01-01,Sales,23,0,2
EMP-0018,2025-02-01,Sales,21,1,2
EMP-0018,2025-03-01,Sales,22,0,1
EMP-0018,2025-04-01,Sales,21,0,1
EMP-0018,2025-05-01,Sales,20,1,2
EMP-0018,2025-06-01,Sales,22,0,0
EMP-0018,2025-07-01,Sales,21,0,1
EMP-0018,2025-08-01,Sales,20,0,1
EMP-0018,2025-09-01,Sales,23,1,1
EMP-0018,2025-10-01,Sales,21,1,0
EMP-0018,2025-11-01,Sales,23,0,1
EMP-0018,2025-12-01,Sales,23,0,2
EMP-0019,2025-07-01,Operations,20,2,1
EMP-0019,2025-08-01,Operations,21,1,0
EMP-0019,2025-09-01,Operations,22,1,0
EMP-0020,2025-03-01,Finance,20,0,3
EMP-0020,2025-04-01,Finance,20,0,2
EMP-0020,2025-05-01,Finance,22,1,0
EMP-0020,2025-06-01,Finance,23,0,0
EMP-0021,2025-01-01,IT & Data,21,0,2
EMP-0021,2025-02-01,IT & Data,23,0,0
EMP-0021,2025-03-01,IT & Data,20,1,1
EMP-0021,2025-04-01,IT & Data,22,0,0
EMP-0021,2025-05-01,IT & Data,22,0,0
EMP-0021,2025-06-01,IT & Data,21,0,1
EMP-0021,2025-07-01,IT & Data,21,0,0
EMP-0021,2025-08-01,IT & Data,21,0,0
EMP-0021,2025-09-01,IT & Data,20,1,0
EMP-0021,2025-10-01,IT & Data,20,1,1
EMP-0021,2025-11-01,IT & Data,23,0,0
EMP-0021,2025-12-01,IT & Data,20,0,0
EMP-0022,2025-05-01,Customer Service,23,0,1
EMP-0022,2025-06-01,Customer Service,22,0,1
EMP-0022,2025-07-01,Customer Service,20,0,3
EMP-0022,2025-08-01,Customer Service,20,1,0
EMP-0022,2025-09-01,Customer Service,21,1,2
EMP-0022,2025-10-01,Customer Service,23,0,1
EMP-0022,2025-11-01,Customer Service,23,0,1
EMP-0022,2025-12-01,Customer Service,20,1,1
EMP-0023,2024-10-01,IT & Data,22,1,0
EMP-0023,2024-11-01,IT & Data,23,0,0
EMP-0023,2024-12-01,IT & Data,21,0,0
EMP-0023,2025-01-01,IT & Data,22,0,0
EMP-0023,2025-02-01,IT & Data,20,2,1
EMP-0023,2025-03-01,IT & Data,21,1,2
EMP-0023,2025-04-01,IT & Data,20,0,1
EMP-0023,2025-05-01,IT & Data,20,0,1
EMP-0023,2025-06-01,IT & Data,23,0,1
EMP-0023,2025-07-01,IT & Data,23,0,1
EMP-0023,2025-08-01,IT & Data,21,0,0
EMP-0023,2025-09-01,IT & Data,22,1,0
EMP-0023,2025-10-01,IT & Data,20,0,1
EMP-0023,2025-11-01,IT & Data,23,0,2
EMP-0024,2025-05-01,IT & Data,20,0,1
EMP-0024,2025-06-01,IT & Data,23,0,1
EMP-0024,2025-07-01,IT & Data,23,2,0
EMP-0024,2025-08-01,IT & Data,23,0,1
EMP-0024,2025-09-01,IT & Data,23,0,0
EMP-0024,2025-10-01,IT & Data,21,0,0
EMP-0024,2025-11-01,IT & Data,22,0,4
EMP-0024,2025-12-01,IT & Data,22,0,1
EMP-0025,2024-11-01,Marketing,22,1,1
EMP-0025,2024-12-01,Marketing,22,0,0
EMP-0025,2025-01-01,Marketing,20,1,1
EMP-0025,2025-02-01,Marketing,22,0,1
EMP-0025,2025-03-01,Marketing,20,0,1
EMP-0025,2025-04-01,Marketing,23,0,1
EMP-0025,2025-05-01,Marketing,22,0,0
EMP-0025,2025-06-01,Marketing,21,0,2
EMP-0025,2025-07-01,Marketing,22,1,2
EMP-0025,2025-08-01,Marketing,22,1,1
EMP-0025,2025-09-01,Marketing,21,1,0
EMP-0025,2025-10-01,Marketing,22,1,1
EMP-0025,2025-11-01,Marketing,22,0,1
EMP-0025,2025-12-01,Marketing,21,0,0
EMP-0026,2025-05-01,Sales,20,0,2
EMP-0026,2025-06-01,Sales,22,0,1
EMP-0026,2025-07-01,Sales,22,2,0
EMP-0027,2025-10-01,Sales,23,2,1
EMP-0027,2025-11-01,Sales,22,0,2
EMP-0027,2025-12-01,Sales,23,0,1
EMP-0028,2025-07-01,Finance,20,1,2
EMP-0028,2025-08-01,Finance,23,1,2
EMP-0028,2025-09-01,Finance,20,1,1
EMP-0028,2025-10-01,Finance,21,0,0
EMP-0028,2025-11-01,Finance,23,1,3
EMP-0028,2025-12-01,Finance,23,0,1
EMP-0029,2025-05-01,Operations,20,2,0
EMP-0029,2025-06-01,Operations,23,4,3
EMP-0029,2025-07-01,Operations,21,1,3
EMP-0029,2025-08-01,Operations,23,1,1
EMP-0029,2025-09-01,Operations,20,1,0
EMP-0029,2025-10-01,Operations,21,1,2
EMP-0029,2025-11-01,Operations,22,2,0
EMP-0029,2025-12-01,Operations,21,2,2
EMP-0030,2024-06-01,Sales,22,0,1
EMP-0030,2024-07-01,Sales,20,1,2
EMP-0030,2024-08-01,Sales,23,0,1
EMP-0030,2024-09-01,Sales,23,0,1
EMP-0030,2024-10-01,Sales,21,1,1
EMP-0030,2024-11-01,Sales,21,1,0
EMP-0030,2024-12-01,Sales,21,1,1
EMP-0030,2025-01-01,Sales,21,1,0
EMP-0030,2025-02-01,Sales,22,1,1
EMP-0030,2025-03-01,Sales,21,0,0
EMP-0030,2025-04-01,Sales,20,1,3
EMP-0030,2025-05-01,Sales,20,0,2
EMP-0030,2025-06-01,Sales,21,0,0
EMP-0030,2025-07-01,Sales,20,2,1
EMP-0030,2025-08-01,Sales,23,1,0
EMP-0030,2025-09-01,Sales,22,0,0
EMP-0031,2024-11-01,Customer Service,20,0,2
EMP-0031,2024-12-01,Customer Service,22,0,1
EMP-0031,2025-01-01,Customer Service,20,1,2
EMP-0031,2025-02-01,Customer Service,22,1,0
EMP-0031,2025-03-01,Customer Service,22,0,0
EMP-0031,2025-04-01,Customer Service,22,0,1
EMP-0031,2025-05-01,Customer Service,22,2,1
EMP-0031,2025-06-01,Customer Service,21,0,1
EMP-0031,2025-07-01,Customer Service,21,0,0
EMP-0031,2025-08-01,Customer Service,22,0,1
EMP-0031,2025-09-01,Customer Service,23,0,3
EMP-0032,2024-03-01,Operations,23,1,1
EMP-0032,2024-04-01,Operations,20,3,0
EMP-0032,2024-05-01,Operations,20,3,1
EMP-0032,2024-06-01,Operations,20,0,0
EMP-0032,2024-07-01,Operations,22,2,2
EMP-0032,2024-08-01,Operations,20,2,0
EMP-0032,2024-09-01,Operations,21,3,0
EMP-0032,2024-10-01,Operations,23,1,0
EMP-0032,2024-11-01,Operations,23,1,0
EMP-0032,2024-12-01,Operations,20,2,1
EMP-0032,2025-01-01,Operations,23,0,1
EMP-0032,2025-02-01,Operations,21,1,0
EMP-0032,2025-03-01,Operations,22,2,1
EMP-0032,2025-04-01,Operations,22,3,3
EMP-0032,2025-05-01,Operations,21,1,1
EMP-0032,2025-06-01,Operations,21,2,1
EMP-0033,2024-02-01,Operations,22,0,3
EMP-0033,2024-03-01,Operations,20,0,0
EMP-0033,2024-04-01,Operations,20,0,0
EMP-0033,2024-05-01,Operations,21,0,1
EMP-0033,2024-06-01,Operations,20,0,0
EMP-0033,2024-07-01,Operations,22,3,0
EMP-0033,2024-08-01,Operations,22,1,1
EMP-0033,2024-09-01,Operations,20,0,1
EMP-0033,2024-10-01,Operations,23,0,1
EMP-0033,2024-11-01,Operations,22,0,2
EMP-0033,2024-12-01,Operations,20,0,0
EMP-0033,2025-01-01,Operations,22,2,1
EMP-0033,2025-02-01,Operations,23,0,0
EMP-0033,2025-03-01,Operations,20,3,3
EMP-0033,2025-04-01,Operations,21,0,0
EMP-0033,2025-05-01,Operations,20,0,2
EMP-0033,2025-06-01,Operations,21,0,0
EMP-0033,2025-07-01,Operations,21,0,1
EMP-0033,2025-08-01,Operations,20,0,0
EMP-0033,2025-09-01,Operations,22,0,0
EMP-0033,2025-10-01,Operations,20,0,1
EMP-0033,2025-11-01,Operations,20,1,1
EMP-0033,2025-12-01,Operations,23,0,0
EMP-0034,2025-03-01,Marketing,20,0,0
EMP-0034,2025-04-01,Marketing,22,1,1
EMP-0034,2025-05-01,Marketing,20,1,1
EMP-0034,2025-06-01,Marketing,20,1,1
EMP-0034,2025-07-01,Marketing,20,1,0
EMP-0034,2025-08-01,Marketing,22,1,0
EMP-0034,2025-09-01,Marketing,20,2,0
EMP-0034,2025-10-01,Marketing,22,3,0
EMP-0034,2025-11-01,Marketing,20,0,2
EMP-0034,2025-12-01,Marketing,22,1,0
EMP-0035,2025-03-01,Operations,20,1,1
EMP-0035,2025-04-01,Operations,21,1,3
EMP-0035,2025-05-01,Operations,20,1,2
EMP-0035,2025-06-01,Operations,22,1,0
EMP-0035,2025-07-01,Operations,21,0,1
EMP-0035,2025-08-01,Operations,22,1,0
EMP-0035,2025-09-01,Operations,23,0,0
EMP-0035,2025-10-01,Operations,20,2,0
EMP-0035,2025-11-01,Operations,20,1,0
EMP-0035,2025-12-01,Operations,21,0,1
EMP-0036,2025-02-01,Human Resources,22,1,0
EMP-0036,2025-03-01,Human Resources,21,1,1
EMP-0036,2025-04-01,Human Resources,23,1,2
EMP-0036,2025-05-01,Human Resources,22,0,0
EMP-0036,2025-06-01,Human Resources,23,0,0
EMP-0036,2025-07-01,Human Resources,21,0,1
EMP-0036,2025-08-01,Human Resources,20,0,0
EMP-0036,2025-09-01,Human Resources,23,1,3
EMP-0036,2025-10-01,Human Resources,22,1,1
EMP-0036,2025-11-01,Human Resources,20,0,0
EMP-0036,2025-12-01,Human Resources,21,0,0
EMP-0037,2024-01-01,Customer Service,20,1,1
EMP-0037,2024-02-01,Customer Service,20,2,1
EMP-0037,2024-03-01,Customer Service,21,1,0
EMP-0037,2024-04-01,Customer Service,23,1,1
EMP-0037,2024-05-01,Customer Service,21,0,2
EMP-0037,2024-06-01,Customer Service,21,1,0
EMP-0037,2024-07-01,Customer Service,22,0,1
EMP-0037,2024-08-01,Customer Service,21,0,1
EMP-0037,2024-09-01,Customer Service,21,1,1
EMP-0037,2024-10-01,Customer Service,21,1,2
EMP-0037,2024-11-01,Customer Service,21,1,0
EMP-0037,2024-12-01,Customer Service,20,1,3
EMP-0037,2025-01-01,Customer Service,21,0,2
EMP-0037,2025-02-01,Customer Service,21,2,1
EMP-0037,2025-03-01,Customer Service,22,0,0
EMP-0037,2025-04-01,Customer Service,20,0,3
EMP-0037,2025-05-01,Customer Service,21,1,2
EMP-0037,2025-06-01,Customer Service,21,0,1
EMP-0037,2025-07-01,Customer Service,22,1,2
EMP-0037,2025-08-01,Customer Service,22,0,0
EMP-0037,2025-09-01,Customer Service,20,1,0
EMP-0037,2025-10-01,Customer Service,22,1,0
EMP-0037,2025-11-01,Customer Service,23,0,1
EMP-0037,2025-12-01,Customer Service,21,1,2
EMP-0038,2025-09-01,Sales,22,2,0
EMP-0038,2025-10-01,Sales,22,0,0
EMP-0038,2025-11-01,Sales,23,0,1
EMP-0038,2025-12-01,Sales,21,0,3
EMP-0039,2025-07-01,Customer Service,22,0,0
EMP-0039,2025-08-01,Customer Service,20,0,2
EMP-0039,2025-09-01,Customer Service,23,0,0
EMP-0039,2025-10-01,Customer Service,22,1,2
EMP-0039,2025-11-01,Customer Service,23,0,1
EMP-0039,2025-12-01,Customer Service,21,1,1
EMP-0040,2025-05-01,Human Resources,22,0,0
EMP-0040,2025-06-01,Human Resources,20,1,1
EMP-0040,2025-07-01,Human Resources,20,0,0
EMP-0040,2025-08-01,Human Resources,22,1,1
EMP-0040,2025-09-01,Human Resources,21,0,0
EMP-0040,2025-10-01,Human Resources,22,0,2
EMP-0040,2025-11-01,Human Resources,21,0,2
EMP-0040,2025-12-01,Human Resources,22,0,2
EMP-0041,2025-01-01,Sales,22,0,2
EMP-0041,2025-02-01,Sales,21,2,1
EMP-0041,2025-03-01,Sales,21,0,2
EMP-0041,2025-04-01,Sales,20,0,0
EMP-0041,2025-05-01,Sales,23,0,2
EMP-0041,2025-06-01,Sales,23,0,0
EMP-0041,2025-07-01,Sales,22,1,2
EMP-0041,2025-08-01,Sales,20,0,0
EMP-0041,2025-09-01,Sales,21,0,4
EMP-0042,2024-12-01,Finance,22,0,0
EMP-0042,2025-01-01,Finance,22,1,0
EMP-0042,2025-02-01,Finance,20,1,1
EMP-0042,2025-03-01,Finance,20,2,1
EMP-0042,2025-04-01,Finance,23,2,1
EMP-0042,2025-05-01,Finance,23,2,1
EMP-0042,2025-06-01,Finance,23,1,2
EMP-0042,2025-07-01,Finance,22,0,1
EMP-0042,2025-08-01,Finance,23,0,1
EMP-0042,2025-09-01,Finance,22,0,0
EMP-0042,2025-10-01,Finance,21,1,0
EMP-0042,2025-11-01,Finance,22,0,2
EMP-0042,2025-12-01,Finance,21,0,1
EMP-0043,2024-01-01,Finance,22,1,1
EMP-0043,2024-02-01,Finance,21,0,0
EMP-0043,2024-03-01,Finance,23,0,0
EMP-0043,2024-04-01,Finance,21,2,0
EMP-0043,2024-05-01,Finance,23,1,3
EMP-0043,2024-06-01,Finance,20,1,1
EMP-0043,2024-07-01,Finance,20,0,1
EMP-0043,2024-08-01,Finance,22,0,2
EMP-0043,2024-09-01,Finance,23,1,1
EMP-0043,2024-10-01,Finance,23,0,2
EMP-0043,2024-11-01,Finance,23,0,1
EMP-0043,2024-12-01,Finance,22,1,2
EMP-0043,2025-01-01,Finance,23,0,2
EMP-0043,2025-02-01,Finance,21,1,0
EMP-0043,2025-03-01,Finance,22,0,1
EMP-0043,2025-04-01,Finance,20,1,0
EMP-0043,2025-05-01,Finance,22,0,2
EMP-0043,2025-06-01,Finance,23,0,1
EMP-0043,2025-07-01,Finance,22,0,0
EMP-0043,2025-08-01,Finance,22,0,0
EMP-0043,2025-09-01,Finance,20,1,2
EMP-0043,2025-10-01,Finance,23,1,0
EMP-0043,2025-11-01,Finance,20,0,1
EMP-0043,2025-12-01,Finance,20,1,0
EMP-0044,2025-05-01,Operations,23,0,3
EMP-0044,2025-06-01,Operations,21,1,0
EMP-0044,2025-07-01,Operations,22,1,0
EMP-0044,2025-08-01,Operations,23,0,1
EMP-0045,2024-01-01,Operations,21,1,1
EMP-0045,2024-02-01,Operations,20,1,0
EMP-0045,2024-03-01,Operations,20,2,0
EMP-0045,2024-04-01,Operations,22,1,2
EMP-0045,2024-05-01,Operations,21,2,2
EMP-0045,2024-06-01,Operations,20,3,0
EMP-0045,2024-07-01,Operations,23,2,0
EMP-0045,2024-08-01,Operations,20,0,0
EMP-0045,2024-09-01,Operations,22,1,2
EMP-0045,2024-10-01,Operations,23,2,2
EMP-0045,2024-11-01,Operations,20,0,0
EMP-0045,2024-12-01,Operations,22,0,5
EMP-0045,2025-01-01,Operations,20,0,1
EMP-0045,2025-02-01,Operations,22,2,1
EMP-0045,2025-03-01,Operations,23,1,4
EMP-0045,2025-04-01,Operations,22,1,0
EMP-0045,2025-05-01,Operations,21,2,1
EMP-0045,2025-06-01,Operations,20,2,2
EMP-0045,2025-07-01,Operations,22,3,0
EMP-0045,2025-08-01,Operations,20,1,0
EMP-0045,2025-09-01,Operations,20,1,0
EMP-0045,2025-10-01,Operations,20,1,3
EMP-0045,2025-11-01,Operations,20,1,2
EMP-0045,2025-12-01,Operations,21,1,0
EMP-0046,2024-03-01,IT & Data,23,1,0
EMP-0046,2024-04-01,IT & Data,21,1,0
EMP-0046,2024-05-01,IT & Data,23,1,2
EMP-0046,2024-06-01,IT & Data,20,2,0
EMP-0046,2024-07-01,IT & Data,21,2,1
EMP-0046,2024-08-01,IT & Data,23,2,2
EMP-0046,2024-09-01,IT & Data,23,0,1
EMP-0046,2024-10-01,IT & Data,23,0,1
EMP-0046,2024-11-01,IT & Data,20,0,0
EMP-0046,2024-12-01,IT & Data,21,0,0
EMP-0046,2025-01-01,IT & Data,22,0,1
EMP-0046,2025-02-01,IT & Data,20,0,2
EMP-0046,2025-03-01,IT & Data,21,0,0
EMP-0046,2025-04-01,IT & Data,21,0,0
EMP-0046,2025-05-01,IT & Data,20,0,3
EMP-0046,2025-06-01,IT & Data,20,0,1
EMP-0046,2025-07-01,IT & Data,21,1,1
EMP-0046,2025-08-01,IT & Data,23,1,1
EMP-0046,2025-09-01,IT & Data,20,1,2
EMP-0046,2025-10-01,IT & Data,20,0,1
EMP-0046,2025-11-01,IT & Data,21,2,0
EMP-0046,2025-12-01,IT & Data,20,0,0
EMP-0047,2025-02-01,Human Resources,21,0,1
EMP-0047,2025-03-01,Human Resources,21,0,2
EMP-0047,2025-04-01,Human Resources,20,0,0
EMP-0047,2025-05-01,Human Resources,22,0,0
EMP-0047,2025-06-01,Human Resources,21,0,0
EMP-0047,2025-07-01,Human Resources,20,0,2
EMP-0047,2025-08-01,Human Resources,21,0,1
EMP-0047,2025-09-01,Human Resources,21,0,0
EMP-0047,2025-10-01,Human Resources,22,1,1
EMP-0047,2025-11-01,Human Resources,20,1,1
EMP-0047,2025-12-01,Human Resources,21,2,2
EMP-0048,2025-03-01,Sales,23,1,0
EMP-0048,2025-04-01,Sales,22,0,0
EMP-0048,2025-05-01,Sales,22,0,0
EMP-0048,2025-06-01,Sales,22,0,2
EMP-0048,2025-07-01,Sales,22,0,2
EMP-0048,2025-08-01,Sales,20,0,1
EMP-0048,2025-09-01,Sales,22,0,0
EMP-0048,2025-10-01,Sales,21,1,1
EMP-0048,2025-11-01,Sales,22,1,1
EMP-0048,2025-12-01,Sales,22,1,2
EMP-0049,2025-09-01,Marketing,22,2,2
EMP-0049,2025-10-01,Marketing,23,0,2
EMP-0049,2025-11-01,Marketing,21,1,0
EMP-0049,2025-12-01,Marketing,22,2,0
EMP-0050,2025-08-01,Sales,22,0,0
EMP-0050,2025-09-01,Sales,23,0,1
EMP-0050,2025-10-01,Sales,20,1,1
EMP-0050,2025-11-01,Sales,23,1,1
EMP-0050,2025-12-01,Sales,22,0,1
EMP-0051,2025-03-01,Marketing,23,1,3
EMP-0051,2025-04-01,Marketing,21,2,0
EMP-0051,2025-05-01,Marketing,23,0,0
EMP-0051,2025-06-01,Marketing,22,0,0
EMP-0051,2025-07-01,Marketing,20,0,0
EMP-0051,2025-08-01,Marketing,21,0,2
EMP-0051,2025-09-01,Marketing,23,0,2
EMP-0051,2025-10-01,Marketing,21,1,1
EMP-0051,2025-11-01,Marketing,20,0,1
EMP-0051,2025-12-01,Marketing,23,0,0
EMP-0052,2024-09-01,Finance,20,2,1
EMP-0052,2024-10-01,Finance,21,1,4
EMP-0052,2024-11-01,Finance,22,1,3
EMP-0052,2024-12-01,Finance,23,1,2
EMP-0052,2025-01-01,Finance,20,0,2
EMP-0052,2025-02-01,Finance,21,0,0
EMP-0052,2025-03-01,Finance,20,1,0
EMP-0052,2025-04-01,Finance,20,1,0
EMP-0052,2025-05-01,Finance,22,1,0
EMP-0052,2025-06-01,Finance,22,0,0
EMP-0052,2025-07-01,Finance,23,0,0
EMP-0052,2025-08-01,Finance,21,0,1
EMP-0052,2025-09-01,Finance,23,0,1
EMP-0052,2025-10-01,Finance,22,0,0
EMP-0052,2025-11-01,Finance,21,0,1
EMP-0052,2025-12-01,Finance,21,0,0
EMP-0053,2024-07-01,Operations,22,1,0
EMP-0053,2024-08-01,Operations,23,0,1
EMP-0053,2024-09-01,Operations,23,0,1
EMP-0053,2024-10-01,Operations,23,0,0
EMP-0053,2024-11-01,Operations,22,0,2
EMP-0053,2024-12-01,Operations,23,0,0
EMP-0053,2025-01-01,Operations,22,3,0
EMP-0053,2025-02-01,Operations,23,0,2
EMP-0053,2025-03-01,Operations,20,2,1
EMP-0053,2025-04-01,Operations,23,0,0
EMP-0053,2025-05-01,Operations,20,0,2
EMP-0053,2025-06-01,Operations,22,1,0
EMP-0053,2025-07-01,Operations,22,1,0
EMP-0053,2025-08-01,Operations,22,1,2
EMP-0053,2025-09-01,Operations,21,0,0
EMP-0053,2025-10-01,Operations,23,0,0
EMP-0053,2025-11-01,Operations,22,1,0
EMP-0053,2025-12-01,Operations,20,0,1
EMP-0054,2025-05-01,Sales,20,2,0
EMP-0054,2025-06-01,Sales,20,1,3
EMP-0054,2025-07-01,Sales,22,0,3
EMP-0054,2025-08-01,Sales,21,0,1
EMP-0054,2025-09-01,Sales,22,1,0
EMP-0054,2025-10-01,Sales,22,1,0
EMP-0055,2025-07-01,Sales,22,0,4
EMP-0055,2025-08-01,Sales,21,0,2
EMP-0055,2025-09-01,Sales,20,2,0
EMP-0055,2025-10-01,Sales,23,0,0
EMP-0055,2025-11-01,Sales,20,1,1
EMP-0055,2025-12-01,Sales,21,0,1
EMP-0056,2025-08-01,Operations,22,0,0
EMP-0056,2025-09-01,Operations,23,0,2
EMP-0056,2025-10-01,Operations,23,1,0
EMP-0056,2025-11-01,Operations,22,1,1
EMP-0056,2025-12-01,Operations,21,1,1
EMP-0057,2025-06-01,Operations,21,0,1
EMP-0057,2025-07-01,Operations,22,1,2
EMP-0057,2025-08-01,Operations,23,1,2
EMP-0057,2025-09-01,Operations,22,1,0
EMP-0057,2025-10-01,Operations,20,1,0
EMP-0057,2025-11-01,Operations,21,1,2
EMP-0058,2025-01-01,Finance,21,0,0
EMP-0058,2025-02-01,Finance,21,1,2
EMP-0058,2025-03-01,Finance,23,0,1
EMP-0058,2025-04-01,Finance,23,0,1
EMP-0058,2025-05-01,Finance,20,0,2
EMP-0058,2025-06-01,Finance,20,0,1
EMP-0058,2025-07-01,Finance,21,0,0
EMP-0058,2025-08-01,Finance,23,0,2
EMP-0058,2025-09-01,Finance,20,1,0
EMP-0058,2025-10-01,Finance,21,0,0
EMP-0058,2025-11-01,Finance,20,0,2
EMP-0058,2025-12-01,Finance,21,0,0
EMP-0059,2025-01-01,Customer Service,23,0,1
EMP-0059,2025-02-01,Customer Service,23,0,0
EMP-0059,2025-03-01,Customer Service,20,0,1
EMP-0059,2025-04-01,Customer Service,21,0,0
EMP-0059,2025-05-01,Customer Service,21,0,1
EMP-0059,2025-06-01,Customer Service,22,0,0
EMP-0059,2025-07-01,Customer Service,23,0,2
EMP-0059,2025-08-01,Customer Service,23,0,3
EMP-0059,2025-09-01,Customer Service,22,0,3
EMP-0059,2025-10-01,Customer Service,23,0,0
EMP-0059,2025-11-01,Customer Service,23,1,2
EMP-0059,2025-12-01,Customer Service,20,1,2
EMP-0060,2025-10-01,IT & Data,20,0,0
EMP-0060,2025-11-01,IT & Data,23,0,0
EMP-0060,2025-12-01,IT & Data,20,0,0
EMP-0061,2025-03-01,Sales,23,0,1
EMP-0061,2025-04-01,Sales,23,0,1
EMP-0061,2025-05-01,Sales,23,1,0
EMP-0061,2025-06-01,Sales,21,0,1
EMP-0061,2025-07-01,Sales,23,1,2
EMP-0061,2025-08-01,Sales,22,0,1
EMP-0061,2025-09-01,Sales,23,0,0
EMP-0061,2025-10-01,Sales,20,0,0
EMP-0061,2025-11-01,Sales,20,0,0
EMP-0061,2025-12-01,Sales,23,1,1
EMP-0062,2025-01-01,Sales,20,3,0
EMP-0062,2025-02-01,Sales,22,1,0
EMP-0062,2025-03-01,Sales,20,3,0
EMP-0062,2025-04-01,Sales,20,0,1
EMP-0063,2025-12-01,IT & Data,21,0,2
EMP-0064,2024-05-01,IT & Data,21,0,3
EMP-0064,2024-06-01,IT & Data,20,0,2
EMP-0064,2024-07-01,IT & Data,20,0,0
EMP-0064,2024-08-01,IT & Data,20,0,0
EMP-0064,2024-09-01,IT & Data,23,0,2
EMP-0064,2024-10-01,IT & Data,22,2,0
EMP-0064,2024-11-01,IT & Data,22,0,1
EMP-0064,2024-12-01,IT & Data,23,0,0
EMP-0064,2025-01-01,IT & Data,20,2,1
EMP-0064,2025-02-01,IT & Data,23,1,0
EMP-0064,2025-03-01,IT & Data,22,1,1
EMP-0064,2025-04-01,IT & Data,22,0,0
EMP-0064,2025-05-01,IT & Data,21,2,1
EMP-0064,2025-06-01,IT & Data,20,1,0
EMP-0064,2025-07-01,IT & Data,22,1,0
EMP-0064,2025-08-01,IT & Data,21,0,1
EMP-0064,2025-09-01,IT & Data,22,1,1
EMP-0064,2025-10-01,IT & Data,21,0,1
EMP-0064,2025-11-01,IT & Data,23,2,0
EMP-0064,2025-12-01,IT & Data,21,1,1
EMP-0065,2025-06-01,IT & Data,20,0,1
EMP-0065,2025-07-01,IT & Data,20,0,3
EMP-0065,2025-08-01,IT & Data,22,1,0
EMP-0065,2025-09-01,IT & Data,21,1,2
EMP-0065,2025-10-01,IT & Data,23,1,2
EMP-0065,2025-11-01,IT & Data,20,2,0
EMP-0065,2025-12-01,IT & Data,22,0,2
EMP-0066,2025-10-01,Operations,23,0,0
EMP-0066,2025-11-01,Operations,22,1,0
EMP-0066,2025-12-01,Operations,23,0,1
EMP-0067,2024-06-01,Human Resources,22,0,2
EMP-0067,2024-07-01,Human Resources,23,0,0
EMP-0067,2024-08-01,Human Resources,23,1,1
EMP-0067,2024-09-01,Human Resources,22,0,2
EMP-0067,2024-10-01,Human Resources,20,0,0
EMP-0067,2024-11-01,Human Resources,22,0,1
EMP-0067,2024-12-01,Human Resources,21,0,0
EMP-0067,2025-01-01,Human Resources,22,1,1
EMP-0067,2025-02-01,Human Resources,23,0,0
EMP-0067,2025-03-01,Human Resources,22,0,0
EMP-0067,2025-04-01,Human Resources,23,0,1
EMP-0067,2025-05-01,Human Resources,21,1,1
EMP-0067,2025-06-01,Human Resources,23,0,0
EMP-0067,2025-07-01,Human Resources,20,0,0
EMP-0067,2025-08-01,Human Resources,21,0,1
EMP-0067,2025-09-01,Human Resources,20,0,0
EMP-0067,2025-10-01,Human Resources,21,1,1
EMP-0067,2025-11-01,Human Resources,20,1,0
EMP-0067,2025-12-01,Human Resources,23,2,0
EMP-0068,2025-03-01,Finance,20,1,2
EMP-0068,2025-04-01,Finance,20,1,1
EMP-0068,2025-05-01,Finance,20,0,2
EMP-0068,2025-06-01,Finance,20,1,0
EMP-0068,2025-07-01,Finance,20,0,3
EMP-0068,2025-08-01,Finance,23,1,1
EMP-0068,2025-09-01,Finance,21,1,0
EMP-0068,2025-10-01,Finance,21,0,0
EMP-0068,2025-11-01,Finance,21,0,1
EMP-0068,2025-12-01,Finance,22,0,2
EMP-0069,2025-06-01,Sales,20,0,0
EMP-0069,2025-07-01,Sales,21,0,0
EMP-0069,2025-08-01,Sales,23,0,0
EMP-0069,2025-09-01,Sales,23,1,1
EMP-0069,2025-10-01,Sales,22,2,1
EMP-0069,2025-11-01,Sales,20,0,3
EMP-0069,2025-12-01,Sales,22,0,0
EMP-0070,2025-04-01,Customer Service,21,2,1
EMP-0070,2025-05-01,Customer Service,23,0,1
EMP-0070,2025-06-01,Customer Service,23,1,1
EMP-0070,2025-07-01,Customer Service,22,0,1
EMP-0070,2025-08-01,Customer Service,22,1,0
EMP-0070,2025-09-01,Customer Service,22,0,1
EMP-0071,2024-07-01,Customer Service,20,0,1
EMP-0071,2024-08-01,Customer Service,21,2,0
EMP-0071,2024-09-01,Customer Service,20,0,0
EMP-0071,2024-10-01,Customer Service,20,1,0
EMP-0071,2024-11-01,Customer Service,23,2,0
EMP-0071,2024-12-01,Customer Service,21,0,1
EMP-0071,2025-01-01,Customer Service,23,0,1
EMP-0071,2025-02-01,Customer Service,22,0,2
EMP-0071,2025-03-01,Customer Service,20,1,0
EMP-0071,2025-04-01,Customer Service,20,0,3
EMP-0071,2025-05-01,Customer Service,21,0,2
EMP-0071,2025-06-01,Customer Service,21,0,0
EMP-0071,2025-07-01,Customer Service,23,1,0
EMP-0071,2025-08-01,Customer Service,23,1,3
EMP-0071,2025-09-01,Customer Service,22,1,0
EMP-0071,2025-10-01,Customer Service,23,1,0
EMP-0071,2025-11-01,Customer Service,20,2,0
EMP-0071,2025-12-01,Customer Service,21,0,2
EMP-0072,2025-11-01,Human Resources,20,0,3
EMP-0072,2025-12-01,Human Resources,22,1,0
EMP-0073,2024-07-01,Operations,23,0,1
EMP-0073,2024-08-01,Operations,21,0,1
EMP-0073,2024-09-01,Operations,23,1,1
EMP-0073,2024-10-01,Operations,22,1,1
EMP-0073,2024-11-01,Operations,22,0,2
EMP-0073,2024-12-01,Operations,21,2,1
EMP-0073,2025-01-01,Operations,20,0,1
EMP-0073,2025-02-01,Operations,21,0,1
EMP-0073,2025-03-01,Operations,22,0,2
EMP-0073,2025-04-01,Operations,20,0,0
EMP-0073,2025-05-01,Operations,23,2,2
EMP-0073,2025-06-01,Operations,21,0,3
EMP-0073,2025-07-01,Operations,22,0,0
EMP-0073,2025-08-01,Operations,20,1,0
EMP-0073,2025-09-01,Operations,21,2,2
EMP-0073,2025-10-01,Operations,22,1,1
EMP-0073,2025-11-01,Operations,21,1,1
EMP-0073,2025-12-01,Operations,23,1,4
EMP-0074,2024-06-01,Customer Service,21,0,0
EMP-0074,2024-07-01,Customer Service,21,1,1
EMP-0074,2024-08-01,Customer Service,21,0,1
EMP-0074,2024-09-01,Customer Service,20,0,2
EMP-0074,2024-10-01,Customer Service,21,0,0
EMP-0074,2024-11-01,Customer Service,20,0,3
EMP-0074,2024-12-01,Customer Service,22,1,1
EMP-0074,2025-01-01,Customer Service,21,0,2
EMP-0074,2025-02-01,Customer Service,23,1,1
EMP-0074,2025-03-01,Customer Service,22,0,2
EMP-0074,2025-04-01,Customer Service,22,1,1
EMP-0074,2025-05-01,Customer Service,23,0,0
EMP-0074,2025-06-01,Customer Service,23,2,0
EMP-0074,2025-07-01,Customer Service,20,1,2
EMP-0074,2025-08-01,Customer Service,22,3,0
EMP-0074,2025-09-01,Customer Service,21,0,2
EMP-0074,2025-10-01,Customer Service,22,0,1
EMP-0074,2025-11-01,Customer Service,23,1,0
EMP-0074,2025-12-01,Customer Service,22,1,1
EMP-0075,2024-03-01,Sales,22,0,3
EMP-0075,2024-04-01,Sales,20,1,2
EMP-0075,2024-05-01,Sales,22,0,1
EMP-0075,2024-06-01,Sales,23,1,2
EMP-0075,2024-07-01,Sales,21,0,0
EMP-0075,2024-08-01,Sales,22,0,0
EMP-0075,2024-09-01,Sales,21,1,1
EMP-0075,2024-10-01,Sales,22,0,0
EMP-0075,2024-11-01,Sales,23,0,0
EMP-0075,2024-12-01,Sales,21,1,0
EMP-0075,2025-01-01,Sales,21,2,0
EMP-0075,2025-02-01,Sales,22,0,2
EMP-0075,2025-03-01,Sales,22,2,1
EMP-0075,2025-04-01,Sales,21,0,3
EMP-0075,2025-05-01,Sales,20,0,0
EMP-0075,2025-06-01,Sales,22,0,1
EMP-0075,2025-07-01,Sales,21,0,0
EMP-0075,2025-08-01,Sales,21,0,0
EMP-0075,2025-09-01,Sales,22,1,1
EMP-0075,2025-10-01,Sales,22,1,2
EMP-0075,2025-11-01,Sales,20,0,1
EMP-0075,2025-12-01,Sales,22,0,1
EMP-0076,2025-01-01,Customer Service,20,0,2
EMP-0076,2025-02-01,Customer Service,21,0,0
EMP-0076,2025-03-01,Customer Service,21,1,2
EMP-0076,2025-04-01,Customer Service,21,1,1
EMP-0076,2025-05-01,Customer Service,20,1,1
EMP-0076,2025-06-01,Customer Service,22,0,0
EMP-0076,2025-07-01,Customer Service,22,0,1
EMP-0076,2025-08-01,Customer Service,23,0,1
EMP-0076,2025-09-01,Customer Service,23,0,2
EMP-0076,2025-10-01,Customer Service,20,0,3
EMP-0076,2025-11-01,Customer Service,22,0,0
EMP-0076,2025-12-01,Customer Service,20,0,0
EMP-0077,2024-04-01,Customer Service,23,1,3
EMP-0077,2024-05-01,Customer Service,20,2,1
EMP-0077,2024-06-01,Customer Service,20,0,0
EMP-0077,2024-07-01,Customer Service,22,0,2
EMP-0077,2024-08-01,Customer Service,22,0,0
EMP-0077,2024-09-01,Customer Service,20,0,0
EMP-0077,2024-10-01,Customer Service,22,0,3
EMP-0077,2024-11-01,Customer Service,23,0,0
EMP-0077,2024-12-01,Customer Service,23,1,0
EMP-0077,2025-01-01,Customer Service,21,1,1
EMP-0077,2025-02-01,Customer Service,21,1,0
EMP-0077,2025-03-01,Customer Service,23,1,2
EMP-0077,2025-04-01,Customer Service,20,0,0
EMP-0077,2025-05-01,Customer Service,23,0,1
EMP-0077,2025-06-01,Customer Service,23,0,1
EMP-0077,2025-07-01,Customer Service,21,0,0
EMP-0077,2025-08-01,Customer Service,23,0,3
EMP-0077,2025-09-01,Customer Service,22,1,0
EMP-0077,2025-10-01,Customer Service,23,0,1
EMP-0077,2025-11-01,Customer Service,21,0,2
EMP-0077,2025-12-01,Customer Service,23,0,0
EMP-0078,2025-06-01,Operations,21,2,0
EMP-0078,2025-07-01,Operations,20,1,0
EMP-0078,2025-08-01,Operations,20,0,3
EMP-0078,2025-09-01,Operations,21,0,2
EMP-0078,2025-10-01,Operations,22,1,2
EMP-0078,2025-11-01,Operations,23,0,2
EMP-0078,2025-12-01,Operations,20,0,0
EMP-0079,2025-04-01,Customer Service,20,0,0
EMP-0079,2025-05-01,Customer Service,20,1,0
EMP-0079,2025-06-01,Customer Service,22,2,0
EMP-0079,2025-07-01,Customer Service,23,0,1
EMP-0079,2025-08-01,Customer Service,22,1,1
EMP-0079,2025-09-01,Customer Service,22,0,0
EMP-0079,2025-10-01,Customer Service,20,1,0
EMP-0079,2025-11-01,Customer Service,21,0,1
EMP-0079,2025-12-01,Customer Service,22,1,0
EMP-0080,2024-04-01,Human Resources,21,2,1
EMP-0080,2024-05-01,Human Resources,22,0,3
EMP-0080,2024-06-01,Human Resources,23,1,0
EMP-0080,2024-07-01,Human Resources,20,0,0
EMP-0080,2024-08-01,Human Resources,22,0,2
EMP-0080,2024-09-01,Human Resources,23,1,0
EMP-0080,2024-10-01,Human Resources,22,3,0
EMP-0080,2024-11-01,Human Resources,20,1,0
EMP-0080,2024-12-01,Human Resources,23,2,0
EMP-0080,2025-01-01,Human Resources,22,3,1
EMP-0080,2025-02-01,Human Resources,21,1,1
EMP-0080,2025-03-01,Human Resources,22,2,1
EMP-0080,2025-04-01,Human Resources,20,3,1
EMP-0080,2025-05-01,Human Resources,21,0,0
EMP-0080,2025-06-01,Human Resources,23,1,0
EMP-0080,2025-07-01,Human Resources,23,2,2
EMP-0080,2025-08-01,Human Resources,23,2,1
EMP-0080,2025-09-01,Human Resources,22,1,2
EMP-0080,2025-10-01,Human Resources,22,4,0
EMP-0080,2025-11-01,Human Resources,20,2,1
EMP-0080,2025-12-01,Human Resources,22,0,0
EMP-0081,2025-02-01,Customer Service,21,0,0
EMP-0081,2025-03-01,Customer Service,22,0,0
EMP-0081,2025-04-01,Customer Service,21,0,1
EMP-0081,2025-05-01,Customer Service,23,0,0
EMP-0081,2025-06-01,Customer Service,21,0,3
EMP-0081,2025-07-01,Customer Service,23,0,1
EMP-0081,2025-08-01,Customer Service,23,0,0
EMP-0081,2025-09-01,Customer Service,23,0,0
EMP-0081,2025-10-01,Customer Service,20,0,0
EMP-0081,2025-11-01,Customer Service,22,0,1
EMP-0081,2025-12-01,Customer Service,20,0,1
EMP-0082,2024-05-01,Sales,21,1,1
EMP-0082,2024-06-01,Sales,23,2,1
EMP-0082,2024-07-01,Sales,20,3,2
EMP-0082,2024-08-01,Sales,23,0,0
EMP-0082,2024-09-01,Sales,22,0,1
EMP-0082,2024-10-01,Sales,23,1,0
EMP-0082,2024-11-01,Sales,21,2,3
EMP-0082,2024-12-01,Sales,23,2,1
EMP-0082,2025-01-01,Sales,22,0,0
EMP-0082,2025-02-01,Sales,21,1,1
EMP-0082,2025-03-01,Sales,23,2,1
EMP-0082,2025-04-01,Sales,21,1,0
EMP-0082,2025-05-01,Sales,20,1,0
EMP-0082,2025-06-01,Sales,21,3,0
EMP-0082,2025-07-01,Sales,20,3,0
EMP-0082,2025-08-01,Sales,21,3,0
EMP-0082,2025-09-01,Sales,23,1,0
EMP-0082,2025-10-01,Sales,22,2,2
EMP-0082,2025-11-01,Sales,22,0,1
EMP-0082,2025-12-01,Sales,23,1,0
EMP-0083,2024-12-01,Finance,23,1,0
EMP-0083,2025-01-01,Finance,21,1,0
EMP-0083,2025-02-01,Finance,22,0,2
EMP-0083,2025-03-01,Finance,22,0,0
EMP-0083,2025-04-01,Finance,22,0,0
EMP-0083,2025-05-01,Finance,23,0,5
EMP-0083,2025-06-01,Finance,23,2,2
EMP-0083,2025-07-01,Finance,21,0,0
EMP-0083,2025-08-01,Finance,22,0,2
EMP-0083,2025-09-01,Finance,23,1,1
EMP-0083,2025-10-01,Finance,21,1,0
EMP-0083,2025-11-01,Finance,21,0,1
EMP-0083,2025-12-01,Finance,21,0,2
EMP-0084,2025-05-01,Marketing,21,0,2
EMP-0084,2025-06-01,Marketing,23,0,0
EMP-0084,2025-07-01,Marketing,23,1,1
EMP-0084,2025-08-01,Marketing,20,1,0
EMP-0084,2025-09-01,Marketing,21,0,0
EMP-0084,2025-10-01,Marketing,20,1,0
EMP-0084,2025-11-01,Marketing,23,1,1
EMP-0084,2025-12-01,Marketing,23,0,0
EMP-0085,2025-01-01,Operations,22,1,1
EMP-0085,2025-02-01,Operations,23,1,0
EMP-0085,2025-03-01,Operations,20,0,2
EMP-0085,2025-04-01,Operations,22,2,1
EMP-0085,2025-05-01,Operations,22,0,0
EMP-0085,2025-06-01,Operations,22,0,0
EMP-0085,2025-07-01,Operations,21,0,1
EMP-0085,2025-08-01,Operations,22,0,0
EMP-0085,2025-09-01,Operations,23,0,1
EMP-0085,2025-10-01,Operations,23,1,0
EMP-0085,2025-11-01,Operations,22,0,1
EMP-0085,2025-12-01,Operations,22,0,3
EMP-0086,2025-08-01,Operations,23,0,0
EMP-0086,2025-09-01,Operations,22,0,0
EMP-0086,2025-10-01,Operations,22,1,1
EMP-0086,2025-11-01,Operations,21,3,2
EMP-0086,2025-12-01,Operations,22,0,1
EMP-0087,2024-12-01,Human Resources,21,3,2
EMP-0087,2025-01-01,Human Resources,21,1,1
EMP-0087,2025-02-01,Human Resources,20,0,0
EMP-0087,2025-03-01,Human Resources,21,3,2
EMP-0087,2025-04-01,Human Resources,21,2,1
EMP-0087,2025-05-01,Human Resources,21,1,0
EMP-0088,2025-01-01,Marketing,22,0,1
EMP-0088,2025-02-01,Marketing,22,0,3
EMP-0088,2025-03-01,Marketing,20,0,1
EMP-0088,2025-04-01,Marketing,20,0,1
EMP-0088,2025-05-01,Marketing,23,1,2
EMP-0088,2025-06-01,Marketing,20,1,3
EMP-0088,2025-07-01,Marketing,20,0,0
EMP-0088,2025-08-01,Marketing,22,0,1
EMP-0088,2025-09-01,Marketing,20,0,0
EMP-0088,2025-10-01,Marketing,22,0,2
EMP-0088,2025-11-01,Marketing,21,1,1
EMP-0088,2025-12-01,Marketing,21,0,0
EMP-0089,2024-10-01,IT & Data,21,2,1
EMP-0089,2024-11-01,IT & Data,21,2,2
EMP-0089,2024-12-01,IT & Data,20,2,0
EMP-0089,2025-01-01,IT & Data,20,0,1
EMP-0089,2025-02-01,IT & Data,22,1,0
EMP-0089,2025-03-01,IT & Data,22,2,1
EMP-0089,2025-04-01,IT & Data,20,0,0
EMP-0089,2025-05-01,IT & Data,21,0,1
EMP-0089,2025-06-01,IT & Data,22,3,1
EMP-0089,2025-07-01,IT & Data,23,1,0
EMP-0089,2025-08-01,IT & Data,20,3,0
EMP-0089,2025-09-01,IT & Data,21,1,0
EMP-0089,2025-10-01,IT & Data,22,2,0
EMP-0089,2025-11-01,IT & Data,20,1,0
EMP-0089,2025-12-01,IT & Data,20,2,2
EMP-0090,2025-04-01,Sales,23,1,0
EMP-0090,2025-05-01,Sales,23,0,3
EMP-0090,2025-06-01,Sales,23,0,1
EMP-0090,2025-07-01,Sales,23,0,1
EMP-0090,2025-08-01,Sales,21,0,3
EMP-0090,2025-09-01,Sales,23,1,1
EMP-0090,2025-10-01,Sales,22,2,0
EMP-0090,2025-11-01,Sales,21,0,0
EMP-0090,2025-12-01,Sales,21,1,0
EMP-0091,2025-03-01,Customer Service,23,2,0
EMP-0091,2025-04-01,Customer Service,23,3,0
EMP-0091,2025-05-01,Customer Service,20,1,0
EMP-0091,2025-06-01,Customer Service,20,1,1
EMP-0091,2025-07-01,Customer Service,22,2,2
EMP-0091,2025-08-01,Customer Service,21,0,2
EMP-0091,2025-09-01,Customer Service,20,3,1
EMP-0091,2025-10-01,Customer Service,20,2,0
EMP-0091,2025-11-01,Customer Service,21,3,1
EMP-0091,2025-12-01,Customer Service,20,2,0
EMP-0092,2024-11-01,Marketing,23,1,3
EMP-0092,2024-12-01,Marketing,23,0,0
EMP-0092,2025-01-01,Marketing,22,0,0
EMP-0092,2025-02-01,Marketing,22,1,1
EMP-0092,2025-03-01,Marketing,20,0,0
EMP-0092,2025-04-01,Marketing,20,1,1
EMP-0092,2025-05-01,Marketing,21,1,2
EMP-0092,2025-06-01,Marketing,22,2,0
EMP-0092,2025-07-01,Marketing,21,1,2
EMP-0092,2025-08-01,Marketing,21,1,1
EMP-0092,2025-09-01,Marketing,20,0,2
EMP-0092,2025-10-01,Marketing,22,0,1
EMP-0092,2025-11-01,Marketing,22,0,0
EMP-0092,2025-12-01,Marketing,23,1,1
EMP-0093,2024-10-01,Customer Service,22,2,1
EMP-0093,2024-11-01,Customer Service,23,2,1
EMP-0093,2024-12-01,Customer Service,23,2,0
EMP-0093,2025-01-01,Customer Service,23,0,2
EMP-0093,2025-02-01,Customer Service,23,2,0
EMP-0093,2025-03-01,Customer Service,20,1,0
EMP-0093,2025-04-01,Customer Service,20,3,1
EMP-0093,2025-05-01,Customer Service,21,2,0
EMP-0093,2025-06-01,Customer Service,20,0,0
EMP-0093,2025-07-01,Customer Service,20,1,1
EMP-0093,2025-08-01,Customer Service,20,1,1
EMP-0093,2025-09-01,Customer Service,20,2,0
EMP-0093,2025-10-01,Customer Service,21,0,2
EMP-0093,2025-11-01,Customer Service,23,1,0
EMP-0093,2025-12-01,Customer Service,21,2,2
EMP-0094,2024-08-01,Finance,20,0,2
EMP-0094,2024-09-01,Finance,21,0,0
EMP-0094,2024-10-01,Finance,23,0,0
EMP-0094,2024-11-01,Finance,22,0,3
EMP-0094,2024-12-01,Finance,22,1,0
EMP-0094,2025-01-01,Finance,20,0,1
EMP-0094,2025-02-01,Finance,20,2,2
EMP-0094,2025-03-01,Finance,22,2,1
EMP-0094,2025-04-01,Finance,20,0,1
EMP-0094,2025-05-01,Finance,20,0,0
EMP-0094,2025-06-01,Finance,21,1,2
EMP-0094,2025-07-01,Finance,21,1,0
EMP-0094,2025-08-01,Finance,23,1,0
EMP-0094,2025-09-01,Finance,21,0,2
EMP-0094,2025-10-01,Finance,23,1,2
EMP-0094,2025-11-01,Finance,22,0,1
EMP-0094,2025-12-01,Finance,23,0,0
EMP-0095,2025-03-01,Marketing,22,0,2
EMP-0095,2025-04-01,Marketing,22,0,0
EMP-0095,2025-05-01,Marketing,23,2,0
EMP-0095,2025-06-01,Marketing,22,0,2
EMP-0095,2025-07-01,Marketing,20,1,1
EMP-0095,2025-08-01,Marketing,22,1,1
EMP-0095,2025-09-01,Marketing,21,0,1
EMP-0095,2025-10-01,Marketing,23,1,3
EMP-0095,2025-11-01,Marketing,23,0,0
EMP-0095,2025-12-01,Marketing,20,0,3
EMP-0096,2025-11-01,Customer Service,21,0,0
EMP-0096,2025-12-01,Customer Service,22,1,1
EMP-0097,2024-07-01,IT & Data,22,1,0
EMP-0097,2024-08-01,IT & Data,22,1,0
EMP-0097,2024-09-01,IT & Data,20,1,2
EMP-0097,2024-10-01,IT & Data,22,2,0
EMP-0097,2024-11-01,IT & Data,23,1,1
EMP-0097,2024-12-01,IT & Data,21,1,0
EMP-0097,2025-01-01,IT & Data,21,0,1
EMP-0097,2025-02-01,IT & Data,23,0,2
EMP-0097,2025-03-01,IT & Data,23,0,0
EMP-0097,2025-04-01,IT & Data,22,0,0
EMP-0097,2025-05-01,IT & Data,23,1,2
EMP-0097,2025-06-01,IT & Data,23,0,1
EMP-0097,2025-07-01,IT & Data,21,0,1
EMP-0097,2025-08-01,IT & Data,23,1,0
EMP-0097,2025-09-01,IT & Data,21,3,1
EMP-0097,2025-10-01,IT & Data,21,2,1
EMP-0097,2025-11-01,IT & Data,21,0,0
EMP-0097,2025-12-01,IT & Data,21,0,2
EMP-0098,2025-07-01,Marketing,23,0,0
EMP-0098,2025-08-01,Marketing,21,0,0
EMP-0098,2025-09-01,Marketing,23,0,0
EMP-0098,2025-10-01,Marketing,23,1,0
EMP-0098,2025-11-01,Marketing,20,0,0
EMP-0098,2025-12-01,Marketing,22,0,0
EMP-0099,2025-03-01,Operations,20,1,0
EMP-0099,2025-04-01,Operations,22,1,1
EMP-0099,2025-05-01,Operations,22,2,1
EMP-0099,2025-06-01,Operations,22,1,1
EMP-0099,2025-07-01,Operations,20,1,2
EMP-0099,2025-08-01,Operations,20,1,1
EMP-0099,2025-09-01,Operations,23,2,2
EMP-0099,2025-10-01,Operations,21,3,1
EMP-0099,2025-11-01,Operations,23,2,1
EMP-0099,2025-12-01,Operations,22,0,0
EMP-0100,2024-10-01,Sales,22,0,0
EMP-0100,2024-11-01,Sales,21,2,1
EMP-0100,2024-12-01,Sales,22,1,1
EMP-0100,2025-01-01,Sales,23,0,2
EMP-0100,2025-02-01,Sales,20,0,0
EMP-0100,2025-03-01,Sales,21,1,0
EMP-0100,2025-04-01,Sales,21,1,2
EMP-0100,2025-05-01,Sales,21,1,0
EMP-0100,2025-06-01,Sales,23,0,0
EMP-0100,2025-07-01,Sales,23,0,2
EMP-0100,2025-08-01,Sales,21,1,1
EMP-0100,2025-09-01,Sales,20,3,0
EMP-0100,2025-10-01,Sales,22,0,1
EMP-0100,2025-11-01,Sales,23,1,2
EMP-0100,2025-12-01,Sales,21,0,0
EMP-0101,2024-08-01,Customer Service,20,1,0
EMP-0101,2024-09-01,Customer Service,20,0,0
EMP-0101,2024-10-01,Customer Service,20,2,1
EMP-0101,2024-11-01,Customer Service,23,3,1
EMP-0101,2024-12-01,Customer Service,22,1,2
EMP-0101,2025-01-01,Customer Service,21,0,1
EMP-0101,2025-02-01,Customer Service,23,0,1
EMP-0101,2025-03-01,Customer Service,23,0,0
EMP-0101,2025-04-01,Customer Service,20,1,0
EMP-0101,2025-05-01,Customer Service,20,0,1
EMP-0101,2025-06-01,Customer Service,22,0,0
EMP-0101,2025-07-01,Customer Service,22,0,2
EMP-0101,2025-08-01,Customer Service,21,0,3
EMP-0101,2025-09-01,Customer Service,21,0,1
EMP-0101,2025-10-01,Customer Service,20,0,1
EMP-0101,2025-11-01,Customer Service,20,0,1
EMP-0101,2025-12-01,Customer Service,21,0,2
EMP-0102,2024-12-01,Customer Service,22,0,0
EMP-0102,2025-01-01,Customer Service,23,0,1
EMP-0102,2025-02-01,Customer Service,22,0,1
EMP-0102,2025-03-01,Customer Service,20,1,0
EMP-0102,2025-04-01,Customer Service,22,0,1
EMP-0102,2025-05-01,Customer Service,22,0,0
EMP-0102,2025-06-01,Customer Service,20,1,2
EMP-0102,2025-07-01,Customer Service,21,1,3
EMP-0102,2025-08-01,Customer Service,23,0,2
EMP-0102,2025-09-01,Customer Service,22,0,0
EMP-0102,2025-10-01,Customer Service,22,1,1
EMP-0102,2025-11-01,Customer Service,20,2,2
EMP-0102,2025-12-01,Customer Service,23,0,1
EMP-0103,2024-02-01,IT & Data,23,1,0
EMP-0103,2024-03-01,IT & Data,23,0,0
EMP-0103,2024-04-01,IT & Data,20,0,2
EMP-0103,2024-05-01,IT & Data,22,0,3
EMP-0103,2024-06-01,IT & Data,23,0,1
EMP-0103,2024-07-01,IT & Data,23,1,1
EMP-0103,2024-08-01,IT & Data,21,1,0
EMP-0103,2024-09-01,IT & Data,23,2,0
EMP-0103,2024-10-01,IT & Data,21,0,0
EMP-0103,2024-11-01,IT & Data,21,1,1
EMP-0103,2024-12-01,IT & Data,23,0,0
EMP-0103,2025-01-01,IT & Data,23,1,2
EMP-0103,2025-02-01,IT & Data,22,0,0
EMP-0103,2025-03-01,IT & Data,23,1,0
EMP-0103,2025-04-01,IT & Data,21,1,0
EMP-0103,2025-05-01,IT & Data,21,1,0
EMP-0103,2025-06-01,IT & Data,20,0,2
EMP-0103,2025-07-01,IT & Data,23,0,1
EMP-0103,2025-08-01,IT & Data,20,0,0
EMP-0103,2025-09-01,IT & Data,22,0,0
EMP-0103,2025-10-01,IT & Data,23,0,0
EMP-0103,2025-11-01,IT & Data,23,0,3
EMP-0103,2025-12-01,IT & Data,21,0,0
EMP-0104,2025-01-01,Customer Service,23,1,1
EMP-0104,2025-02-01,Customer Service,22,1,1
EMP-0104,2025-03-01,Customer Service,21,0,0
EMP-0104,2025-04-01,Customer Service,21,0,0
EMP-0104,2025-05-01,Customer Service,23,1,0
EMP-0104,2025-06-01,Customer Service,22,0,0
EMP-0104,2025-07-01,Customer Service,23,0,0
EMP-0104,2025-08-01,Customer Service,20,1,2
EMP-0104,2025-09-01,Customer Service,21,0,1
EMP-0104,2025-10-01,Customer Service,21,0,1
EMP-0104,2025-11-01,Customer Service,20,0,1
EMP-0104,2025-12-01,Customer Service,21,0,4
EMP-0105,2024-02-01,Human Resources,22,0,1
EMP-0105,2024-03-01,Human Resources,22,0,2
EMP-0105,2024-04-01,Human Resources,23,2,1
EMP-0105,2024-05-01,Human Resources,22,1,0
EMP-0105,2024-06-01,Human Resources,22,1,1
EMP-0105,2024-07-01,Human Resources,22,0,3
EMP-0105,2024-08-01,Human Resources,20,0,0
EMP-0105,2024-09-01,Human Resources,21,3,0
EMP-0105,2024-10-01,Human Resources,21,0,0
EMP-0105,2024-11-01,Human Resources,22,0,2
EMP-0105,2024-12-01,Human Resources,21,0,0
EMP-0105,2025-01-01,Human Resources,23,0,0
EMP-0105,2025-02-01,Human Resources,20,0,2
EMP-0105,2025-03-01,Human Resources,21,0,1
EMP-0105,2025-04-01,Human Resources,20,1,0
EMP-0105,2025-05-01,Human Resources,20,1,0
EMP-0105,2025-06-01,Human Resources,22,1,2
EMP-0105,2025-07-01,Human Resources,22,0,0
EMP-0105,2025-08-01,Human Resources,20,0,0
EMP-0105,2025-09-01,Human Resources,23,0,0
EMP-0105,2025-10-01,Human Resources,20,0,1
EMP-0105,2025-11-01,Human Resources,20,0,2
EMP-0105,2025-12-01,Human Resources,23,0,0
EMP-0106,2025-10-01,Sales,22,0,1
EMP-0106,2025-11-01,Sales,20,0,0
EMP-0106,2025-12-01,Sales,21,2,1
EMP-0107,2024-03-01,Marketing,21,0,1
EMP-0107,2024-04-01,Marketing,21,1,1
EMP-0107,2024-05-01,Marketing,21,0,0
EMP-0107,2024-06-01,Marketing,23,1,0
EMP-0107,2024-07-01,Marketing,20,0,0
EMP-0107,2024-08-01,Marketing,20,1,1
EMP-0107,2024-09-01,Marketing,20,2,0
EMP-0107,2024-10-01,Marketing,23,0,2
EMP-0107,2024-11-01,Marketing,23,1,0
EMP-0107,2024-12-01,Marketing,20,1,0
EMP-0107,2025-01-01,Marketing,23,1,1
EMP-0107,2025-02-01,Marketing,22,0,0
EMP-0107,2025-03-01,Marketing,21,0,0
EMP-0107,2025-04-01,Marketing,21,0,1
EMP-0107,2025-05-01,Marketing,23,0,1
EMP-0107,2025-06-01,Marketing,20,0,1
EMP-0107,2025-07-01,Marketing,20,1,1
EMP-0107,2025-08-01,Marketing,21,0,1
EMP-0107,2025-09-01,Marketing,22,0,0
EMP-0107,2025-10-01,Marketing,22,1,0
EMP-0107,2025-11-01,Marketing,22,0,1
EMP-0107,2025-12-01,Marketing,23,1,1
EMP-0108,2024-02-01,Sales,20,0,1
EMP-0108,2024-03-01,Sales,21,0,0
EMP-0108,2024-04-01,Sales,20,0,0
EMP-0108,2024-05-01,Sales,20,0,0
EMP-0108,2024-06-01,Sales,23,0,1
EMP-0108,2024-07-01,Sales,23,0,2
EMP-0108,2024-08-01,Sales,21,0,0
EMP-0108,2024-09-01,Sales,23,0,0
EMP-0108,2024-10-01,Sales,21,1,0
EMP-0108,2024-11-01,Sales,21,1,0
EMP-0108,2024-12-01,Sales,22,0,0
EMP-0108,2025-01-01,Sales,20,2,1
EMP-0108,2025-02-01,Sales,22,0,0
EMP-0108,2025-03-01,Sales,21,0,0
EMP-0108,2025-04-01,Sales,21,0,0
EMP-0108,2025-05-01,Sales,21,0,0
EMP-0108,2025-06-01,Sales,21,0,0
EMP-0108,2025-07-01,Sales,20,1,1
EMP-0108,2025-08-01,Sales,23,0,2
EMP-0108,2025-09-01,Sales,23,1,1
EMP-0108,2025-10-01,Sales,23,1,0
EMP-0108,2025-11-01,Sales,22,1,1
EMP-0108,2025-12-01,Sales,20,1,2
EMP-0109,2025-07-01,Customer Service,23,0,1
EMP-0109,2025-08-01,Customer Service,22,1,2
EMP-0109,2025-09-01,Customer Service,23,1,0
EMP-0109,2025-10-01,Customer Service,22,0,0
EMP-0109,2025-11-01,Customer Service,20,1,0
EMP-0109,2025-12-01,Customer Service,22,1,1
EMP-0110,2025-09-01,Customer Service,22,2,0
EMP-0110,2025-10-01,Customer Service,21,0,1
EMP-0110,2025-11-01,Customer Service,23,0,1
EMP-0110,2025-12-01,Customer Service,20,0,2
EMP-0111,2024-02-01,Marketing,23,1,0
EMP-0111,2024-03-01,Marketing,22,0,0
EMP-0111,2024-04-01,Marketing,23,3,0
EMP-0111,2024-05-01,Marketing,20,1,0
EMP-0111,2024-06-01,Marketing,22,0,1
EMP-0111,2024-07-01,Marketing,23,1,0
EMP-0111,2024-08-01,Marketing,22,0,1
EMP-0111,2024-09-01,Marketing,22,1,1
EMP-0111,2024-10-01,Marketing,21,1,0
EMP-0111,2024-11-01,Marketing,23,1,0
EMP-0111,2024-12-01,Marketing,20,0,1
EMP-0111,2025-01-01,Marketing,20,0,4
EMP-0111,2025-02-01,Marketing,23,0,0
EMP-0111,2025-03-01,Marketing,21,1,0
EMP-0111,2025-04-01,Marketing,20,0,0
EMP-0111,2025-05-01,Marketing,22,1,0
EMP-0111,2025-06-01,Marketing,21,1,1
EMP-0111,2025-07-01,Marketing,23,0,3
EMP-0111,2025-08-01,Marketing,22,0,2
EMP-0111,2025-09-01,Marketing,23,0,1
EMP-0111,2025-10-01,Marketing,23,1,1
EMP-0111,2025-11-01,Marketing,20,0,0
EMP-0111,2025-12-01,Marketing,23,0,1
EMP-0112,2024-10-01,Operations,22,0,1
EMP-0112,2024-11-01,Operations,23,0,0
EMP-0112,2024-12-01,Operations,21,1,1
EMP-0112,2025-01-01,Operations,22,0,3
EMP-0112,2025-02-01,Operations,20,0,0
EMP-0112,2025-03-01,Operations,23,2,0
EMP-0112,2025-04-01,Operations,21,1,0
EMP-0112,2025-05-01,Operations,20,1,0
EMP-0112,2025-06-01,Operations,23,1,3
EMP-0112,2025-07-01,Operations,22,0,2
EMP-0112,2025-08-01,Operations,21,0,0
EMP-0112,2025-09-01,Operations,20,1,1
EMP-0112,2025-10-01,Operations,21,0,2
EMP-0112,2025-11-01,Operations,22,0,0
EMP-0112,2025-12-01,Operations,21,0,1
EMP-0113,2025-10-01,IT & Data,22,2,0
EMP-0113,2025-11-01,IT & Data,22,2,2
EMP-0113,2025-12-01,IT & Data,20,2,3
EMP-0114,2025-06-01,Sales,22,1,1
EMP-0114,2025-07-01,Sales,23,1,0
EMP-0114,2025-08-01,Sales,23,0,0
EMP-0114,2025-09-01,Sales,23,0,3
EMP-0114,2025-10-01,Sales,21,0,2
EMP-0114,2025-11-01,Sales,23,0,0
EMP-0114,2025-12-01,Sales,20,1,1
EMP-0115,2025-08-01,IT & Data,22,1,0
EMP-0115,2025-09-01,IT & Data,22,0,1
EMP-0115,2025-10-01,IT & Data,20,0,0
EMP-0115,2025-11-01,IT & Data,21,0,0
EMP-0115,2025-12-01,IT & Data,20,1,3
EMP-0116,2025-08-01,Finance,20,0,2
EMP-0116,2025-09-01,Finance,21,1,2
EMP-0116,2025-10-01,Finance,22,1,0
EMP-0116,2025-11-01,Finance,22,0,1
EMP-0116,2025-12-01,Finance,22,0,4
EMP-0117,2025-09-01,Sales,21,0,0
EMP-0117,2025-10-01,Sales,21,0,2
EMP-0117,2025-11-01,Sales,20,1,0
EMP-0117,2025-12-01,Sales,23,1,1
EMP-0118,2024-05-01,IT & Data,21,0,1
EMP-0118,2024-06-01,IT & Data,21,1,0
EMP-0118,2024-07-01,IT & Data,20,0,1
EMP-0118,2024-08-01,IT & Data,21,0,0
EMP-0118,2024-09-01,IT & Data,23,1,3
EMP-0118,2024-10-01,IT & Data,22,0,0
EMP-0118,2024-11-01,IT & Data,21,1,0
EMP-0118,2024-12-01,IT & Data,20,1,0
EMP-0118,2025-01-01,IT & Data,22,2,0
EMP-0118,2025-02-01,IT & Data,22,0,0
EMP-0118,2025-03-01,IT & Data,20,0,1
EMP-0118,2025-04-01,IT & Data,22,0,2
EMP-0118,2025-05-01,IT & Data,21,1,1
EMP-0118,2025-06-01,IT & Data,22,0,1
EMP-0118,2025-07-01,IT & Data,21,1,1
EMP-0118,2025-08-01,IT & Data,20,0,0
EMP-0118,2025-09-01,IT & Data,22,1,0
EMP-0118,2025-10-01,IT & Data,20,1,0
EMP-0118,2025-11-01,IT & Data,22,0,1
EMP-0118,2025-12-01,IT & Data,22,0,1
EMP-0119,2024-09-01,Marketing,23,0,2
EMP-0119,2024-10-01,Marketing,22,0,0
EMP-0119,2024-11-01,Marketing,22,0,0
EMP-0119,2024-12-01,Marketing,22,0,2
EMP-0119,2025-01-01,Marketing,22,0,2
EMP-0119,2025-02-01,Marketing,23,1,2
EMP-0119,2025-03-01,Marketing,20,0,0
EMP-0119,2025-04-01,Marketing,20,1,0
EMP-0119,2025-05-01,Marketing,20,0,0
EMP-0119,2025-06-01,Marketing,21,0,0
EMP-0119,2025-07-01,Marketing,23,0,0
EMP-0119,2025-08-01,Marketing,20,0,0
EMP-0119,2025-09-01,Marketing,23,1,0
EMP-0119,2025-10-01,Marketing,22,0,1
EMP-0119,2025-11-01,Marketing,21,0,0
EMP-0119,2025-12-01,Marketing,20,0,1
EMP-0120,2024-09-01,Sales,21,0,0
EMP-0120,2024-10-01,Sales,21,2,1
EMP-0120,2024-11-01,Sales,23,1,1
EMP-0120,2024-12-01,Sales,22,0,1
EMP-0120,2025-01-01,Sales,22,1,0
EMP-0120,2025-02-01,Sales,21,1,0
EMP-0120,2025-03-01,Sales,23,2,0
EMP-0120,2025-04-01,Sales,21,0,1
EMP-0120,2025-05-01,Sales,21,1,0
EMP-0120,2025-06-01,Sales,22,3,1
EMP-0120,2025-07-01,Sales,20,0,0
EMP-0120,2025-08-01,Sales,23,1,0
EMP-0120,2025-09-01,Sales,23,0,1
EMP-0120,2025-10-01,Sales,22,0,1
EMP-0120,2025-11-01,Sales,22,1,0
EMP-0120,2025-12-01,Sales,21,0,0
EMP-0121,2024-04-01,Operations,22,1,0
EMP-0121,2024-05-01,Operations,20,0,1
EMP-0121,2024-06-01,Operations,22,2,0
EMP-0121,2024-07-01,Operations,20,1,1
EMP-0121,2024-08-01,Operations,22,1,2
EMP-0121,2024-09-01,Operations,22,0,0
EMP-0121,2024-10-01,Operations,22,1,0
EMP-0121,2024-11-01,Operations,20,0,1
EMP-0121,2024-12-01,Operations,22,0,2
EMP-0121,2025-01-01,Operations,20,0,0
EMP-0121,2025-02-01,Operations,22,1,1
EMP-0121,2025-03-01,Operations,21,1,1
EMP-0121,2025-04-01,Operations,22,0,2
EMP-0121,2025-05-01,Operations,20,0,0
EMP-0121,2025-06-01,Operations,23,0,1
EMP-0121,2025-07-01,Operations,23,1,1
EMP-0121,2025-08-01,Operations,22,1,0
EMP-0121,2025-09-01,Operations,22,1,0
EMP-0121,2025-10-01,Operations,22,0,2
EMP-0121,2025-11-01,Operations,22,1,1
EMP-0121,2025-12-01,Operations,23,0,0
EMP-0122,2024-02-01,IT & Data,23,0,0
EMP-0122,2024-03-01,IT & Data,20,0,0
EMP-0122,2024-04-01,IT & Data,22,2,2
EMP-0122,2024-05-01,IT & Data,23,2,1
EMP-0122,2024-06-01,IT & Data,20,0,0
EMP-0122,2024-07-01,IT & Data,21,1,1
EMP-0122,2024-08-01,IT & Data,23,0,0
EMP-0122,2024-09-01,IT & Data,20,1,1
EMP-0122,2024-10-01,IT & Data,22,0,0
EMP-0122,2024-11-01,IT & Data,22,0,1
EMP-0122,2024-12-01,IT & Data,23,1,1
EMP-0122,2025-01-01,IT & Data,23,0,0
EMP-0122,2025-02-01,IT & Data,21,0,3
EMP-0122,2025-03-01,IT & Data,20,0,2
EMP-0122,2025-04-01,IT & Data,20,0,3
EMP-0122,2025-05-01,IT & Data,20,0,0
EMP-0122,2025-06-01,IT & Data,21,0,1
EMP-0122,2025-07-01,IT & Data,20,1,0
EMP-0122,2025-08-01,IT & Data,23,0,1
EMP-0122,2025-09-01,IT & Data,23,0,1
EMP-0122,2025-10-01,IT & Data,22,0,0
EMP-0122,2025-11-01,IT & Data,23,1,0
EMP-0122,2025-12-01,IT & Data,23,1,0
EMP-0123,2024-12-01,IT & Data,23,1,3
EMP-0123,2025-01-01,IT & Data,23,0,2
EMP-0123,2025-02-01,IT & Data,23,1,2
EMP-0123,2025-03-01,IT & Data,23,0,1
EMP-0123,2025-04-01,IT & Data,20,0,0
EMP-0123,2025-05-01,IT & Data,22,1,0
EMP-0123,2025-06-01,IT & Data,23,0,0
EMP-0123,2025-07-01,IT & Data,23,0,2
EMP-0123,2025-08-01,IT & Data,20,2,2
EMP-0123,2025-09-01,IT & Data,20,1,1
EMP-0123,2025-10-01,IT & Data,22,2,0
EMP-0123,2025-11-01,IT & Data,20,1,0
EMP-0123,2025-12-01,IT & Data,20,0,1
EMP-0124,2024-10-01,Sales,23,1,2
EMP-0124,2024-11-01,Sales,23,2,0
EMP-0124,2024-12-01,Sales,21,2,1
EMP-0124,2025-01-01,Sales,20,2,0
EMP-0124,2025-02-01,Sales,20,1,3
EMP-0124,2025-03-01,Sales,22,2,1
EMP-0124,2025-04-01,Sales,20,0,3
EMP-0124,2025-05-01,Sales,20,0,3
EMP-0124,2025-06-01,Sales,22,2,1
EMP-0124,2025-07-01,Sales,20,2,3
EMP-0124,2025-08-01,Sales,21,1,0
EMP-0124,2025-09-01,Sales,20,2,1
EMP-0124,2025-10-01,Sales,23,0,0
EMP-0124,2025-11-01,Sales,23,2,0
EMP-0124,2025-12-01,Sales,23,4,0
EMP-0125,2024-01-01,Operations,23,0,1
EMP-0125,2024-02-01,Operations,22,0,3
EMP-0125,2024-03-01,Operations,22,2,0
EMP-0125,2024-04-01,Operations,20,0,0
EMP-0125,2024-05-01,Operations,21,0,1
EMP-0125,2024-06-01,Operations,23,1,0
EMP-0125,2024-07-01,Operations,22,0,1
EMP-0125,2024-08-01,Operations,22,1,1
EMP-0125,2024-09-01,Operations,22,1,1
EMP-0125,2024-10-01,Operations,23,0,1
EMP-0125,2024-11-01,Operations,22,2,1
EMP-0125,2024-12-01,Operations,22,0,0
EMP-0125,2025-01-01,Operations,23,0,0
EMP-0125,2025-02-01,Operations,22,0,0
EMP-0125,2025-03-01,Operations,22,1,0
EMP-0125,2025-04-01,Operations,22,0,1
EMP-0125,2025-05-01,Operations,21,1,0
EMP-0125,2025-06-01,Operations,22,1,1
EMP-0125,2025-07-01,Operations,22,0,2
EMP-0125,2025-08-01,Operations,20,0,0
EMP-0125,2025-09-01,Operations,22,1,0
EMP-0125,2025-10-01,Operations,20,2,2
EMP-0125,2025-11-01,Operations,23,0,3
EMP-0125,2025-12-01,Operations,23,1,1
EMP-0126,2025-03-01,Finance,20,0,3
EMP-0126,2025-04-01,Finance,23,0,2
EMP-0126,2025-05-01,Finance,22,1,0
EMP-0126,2025-06-01,Finance,23,1,1
EMP-0126,2025-07-01,Finance,22,0,0
EMP-0126,2025-08-01,Finance,21,1,1
EMP-0126,2025-09-01,Finance,23,1,0
EMP-0127,2024-09-01,Operations,23,2,1
EMP-0127,2024-10-01,Operations,21,0,2
EMP-0127,2024-11-01,Operations,22,0,0
EMP-0127,2024-12-01,Operations,22,1,2
EMP-0127,2025-01-01,Operations,21,1,1
EMP-0127,2025-02-01,Operations,22,1,2
EMP-0127,2025-03-01,Operations,22,0,0
EMP-0127,2025-04-01,Operations,21,0,1
EMP-0127,2025-05-01,Operations,20,0,2
EMP-0128,2024-06-01,Sales,21,0,1
EMP-0128,2024-07-01,Sales,23,0,0
EMP-0128,2024-08-01,Sales,22,1,1
EMP-0128,2024-09-01,Sales,23,1,0
EMP-0128,2024-10-01,Sales,21,1,0
EMP-0128,2024-11-01,Sales,21,0,0
EMP-0128,2024-12-01,Sales,20,0,2
EMP-0128,2025-01-01,Sales,22,1,1
EMP-0128,2025-02-01,Sales,22,1,2
EMP-0128,2025-03-01,Sales,21,1,0
EMP-0128,2025-04-01,Sales,21,0,0
EMP-0128,2025-05-01,Sales,22,1,1
EMP-0128,2025-06-01,Sales,20,1,0
EMP-0128,2025-07-01,Sales,23,1,1
EMP-0128,2025-08-01,Sales,21,1,1
EMP-0128,2025-09-01,Sales,20,0,1
EMP-0128,2025-10-01,Sales,21,0,0
EMP-0128,2025-11-01,Sales,20,1,0
EMP-0128,2025-12-01,Sales,20,0,0
EMP-0129,2025-08-01,Marketing,23,1,2
EMP-0129,2025-09-01,Marketing,23,0,0
EMP-0129,2025-10-01,Marketing,22,0,2
EMP-0129,2025-11-01,Marketing,23,0,2
EMP-0129,2025-12-01,Marketing,23,0,0
EMP-0130,2025-09-01,Operations,22,0,0
EMP-0130,2025-10-01,Operations,23,2,1
EMP-0130,2025-11-01,Operations,23,2,0
EMP-0130,2025-12-01,Operations,20,0,2
EMP-0131,2025-10-01,IT & Data,20,0,3
EMP-0131,2025-11-01,IT & Data,22,2,2
EMP-0131,2025-12-01,IT & Data,21,0,0
EMP-0132,2025-02-01,Sales,23,2,2
EMP-0132,2025-03-01,Sales,22,1,1
EMP-0132,2025-04-01,Sales,22,0,1
EMP-0132,2025-05-01,Sales,23,0,1
EMP-0132,2025-06-01,Sales,23,1,1
EMP-0132,2025-07-01,Sales,20,1,1
EMP-0132,2025-08-01,Sales,22,3,0
EMP-0132,2025-09-01,Sales,21,0,0
EMP-0132,2025-10-01,Sales,20,2,2
EMP-0132,2025-11-01,Sales,21,0,2
EMP-0132,2025-12-01,Sales,22,1,0
EMP-0133,2024-09-01,Sales,20,0,0
EMP-0133,2024-10-01,Sales,21,0,1
EMP-0133,2024-11-01,Sales,22,0,2
EMP-0133,2024-12-01,Sales,20,1,1
EMP-0133,2025-01-01,Sales,20,0,0
EMP-0133,2025-02-01,Sales,20,0,0
EMP-0133,2025-03-01,Sales,21,2,1
EMP-0133,2025-04-01,Sales,22,0,2
EMP-0133,2025-05-01,Sales,20,0,0
EMP-0133,2025-06-01,Sales,22,0,2
EMP-0133,2025-07-01,Sales,20,1,0
EMP-0133,2025-08-01,Sales,20,0,1
EMP-0133,2025-09-01,Sales,23,0,0
EMP-0133,2025-10-01,Sales,23,0,1
EMP-0133,2025-11-01,Sales,22,1,0
EMP-0133,2025-12-01,Sales,23,0,0
EMP-0134,2025-08-01,Human Resources,21,0,1
EMP-0134,2025-09-01,Human Resources,21,2,0
EMP-0134,2025-10-01,Human Resources,22,1,1
EMP-0134,2025-11-01,Human Resources,20,2,2
EMP-0134,2025-12-01,Human Resources,20,2,0
EMP-0135,2025-04-01,Sales,20,0,1
EMP-0135,2025-05-01,Sales,20,1,0
EMP-0135,2025-06-01,Sales,21,0,3
EMP-0135,2025-07-01,Sales,21,1,0
EMP-0135,2025-08-01,Sales,22,0,2
EMP-0135,2025-09-01,Sales,21,0,3
EMP-0135,2025-10-01,Sales,22,0,2
EMP-0136,2025-10-01,Operations,23,0,0
EMP-0136,2025-11-01,Operations,23,0,1
EMP-0136,2025-12-01,Operations,20,1,2
EMP-0137,2024-10-01,Customer Service,20,0,0
EMP-0137,2024-11-01,Customer Service,22,0,1
EMP-0137,2024-12-01,Customer Service,22,1,2
EMP-0137,2025-01-01,Customer Service,23,0,1
EMP-0137,2025-02-01,Customer Service,20,0,2
EMP-0137,2025-03-01,Customer Service,20,0,1
EMP-0137,2025-04-01,Customer Service,20,0,0
EMP-0137,2025-05-01,Customer Service,21,1,0
EMP-0137,2025-06-01,Customer Service,23,1,1
EMP-0137,2025-07-01,Customer Service,20,0,0
EMP-0137,2025-08-01,Customer Service,21,0,1
EMP-0137,2025-09-01,Customer Service,20,0,0
EMP-0137,2025-10-01,Customer Service,22,0,0
EMP-0137,2025-11-01,Customer Service,20,1,0
EMP-0137,2025-12-01,Customer Service,20,1,1
EMP-0138,2025-09-01,Human Resources,22,0,2
EMP-0138,2025-10-01,Human Resources,22,0,0
EMP-0138,2025-11-01,Human Resources,20,0,1
EMP-0138,2025-12-01,Human Resources,21,1,0
EMP-0139,2024-04-01,Customer Service,21,0,0
EMP-0139,2024-05-01,Customer Service,21,1,0
EMP-0139,2024-06-01,Customer Service,22,0,2
EMP-0139,2024-07-01,Customer Service,23,1,2
EMP-0140,2024-07-01,Finance,20,0,0
EMP-0140,2024-08-01,Finance,23,1,0
EMP-0140,2024-09-01,Finance,21,1,0
EMP-0140,2024-10-01,Finance,22,1,3
EMP-0140,2024-11-01,Finance,22,1,0
EMP-0140,2024-12-01,Finance,23,0,0
EMP-0140,2025-01-01,Finance,21,1,0
EMP-0140,2025-02-01,Finance,21,0,0
EMP-0140,2025-03-01,Finance,22,2,0
EMP-0140,2025-04-01,Finance,22,0,2
EMP-0140,2025-05-01,Finance,20,1,0
EMP-0140,2025-06-01,Finance,22,1,1
EMP-0140,2025-07-01,Finance,21,0,1
EMP-0140,2025-08-01,Finance,22,0,0
EMP-0140,2025-09-01,Finance,23,0,2
EMP-0140,2025-10-01,Finance,20,1,3
EMP-0140,2025-11-01,Finance,20,1,3
EMP-0140,2025-12-01,Finance,22,0,0
EMP-0141,2025-08-01,Sales,22,1,2
EMP-0141,2025-09-01,Sales,20,0,2
EMP-0141,2025-10-01,Sales,20,0,0
EMP-0141,2025-11-01,Sales,21,0,1
EMP-0141,2025-12-01,Sales,20,0,0
EMP-0142,2025-09-01,Customer Service,21,0,1
EMP-0142,2025-10-01,Customer Service,23,0,1
EMP-0142,2025-11-01,Customer Service,20,1,0
EMP-0142,2025-12-01,Customer Service,20,0,1
EMP-0143,2024-06-01,Marketing,23,1,2
EMP-0143,2024-07-01,Marketing,23,2,0
EMP-0143,2024-08-01,Marketing,23,0,0
EMP-0143,2024-09-01,Marketing,20,0,2
EMP-0143,2024-10-01,Marketing,21,2,1
EMP-0143,2024-11-01,Marketing,22,0,0
EMP-0143,2024-12-01,Marketing,22,1,0
EMP-0143,2025-01-01,Marketing,20,0,3
EMP-0143,2025-02-01,Marketing,22,1,0
EMP-0143,2025-03-01,Marketing,20,0,0
EMP-0143,2025-04-01,Marketing,20,0,0
EMP-0143,2025-05-01,Marketing,20,0,2
EMP-0143,2025-06-01,Marketing,23,1,2
EMP-0143,2025-07-01,Marketing,21,1,2
EMP-0143,2025-08-01,Marketing,23,2,1
EMP-0143,2025-09-01,Marketing,21,2,0
EMP-0143,2025-10-01,Marketing,23,0,0
EMP-0143,2025-11-01,Marketing,21,1,0
EMP-0143,2025-12-01,Marketing,22,0,1
EMP-0144,2024-08-01,Customer Service,21,0,0
EMP-0144,2024-09-01,Customer Service,20,0,2
EMP-0144,2024-10-01,Customer Service,21,1,1
EMP-0144,2024-11-01,Customer Service,20,0,0
EMP-0144,2024-12-01,Customer Service,20,2,3
EMP-0144,2025-01-01,Customer Service,21,0,1
EMP-0145,2024-02-01,Finance,23,0,1
EMP-0145,2024-03-01,Finance,22,2,1
EMP-0145,2024-04-01,Finance,23,0,1
EMP-0145,2024-05-01,Finance,21,0,1
EMP-0145,2024-06-01,Finance,23,0,0
EMP-0145,2024-07-01,Finance,21,1,2
EMP-0145,2024-08-01,Finance,23,0,1
EMP-0145,2024-09-01,Finance,23,0,1
EMP-0145,2024-10-01,Finance,23,0,1
EMP-0145,2024-11-01,Finance,22,1,0
EMP-0145,2024-12-01,Finance,22,0,2
EMP-0145,2025-01-01,Finance,23,1,1
EMP-0145,2025-02-01,Finance,23,0,0
EMP-0145,2025-03-01,Finance,21,1,1
EMP-0145,2025-04-01,Finance,23,0,2
EMP-0145,2025-05-01,Finance,23,0,0
EMP-0145,2025-06-01,Finance,23,0,2
EMP-0145,2025-07-01,Finance,21,1,0
EMP-0145,2025-08-01,Finance,23,1,3
EMP-0145,2025-09-01,Finance,20,1,2
EMP-0145,2025-10-01,Finance,22,1,2
EMP-0145,2025-11-01,Finance,23,0,0
EMP-0145,2025-12-01,Finance,23,2,1
EMP-0146,2024-04-01,IT & Data,20,0,3
EMP-0146,2024-05-01,IT & Data,21,0,0
EMP-0146,2024-06-01,IT & Data,22,1,1
EMP-0146,2024-07-01,IT & Data,21,0,0
EMP-0146,2024-08-01,IT & Data,23,0,2
EMP-0146,2024-09-01,IT & Data,21,1,0
EMP-0146,2024-10-01,IT & Data,23,1,1
EMP-0146,2024-11-01,IT & Data,20,0,0
EMP-0146,2024-12-01,IT & Data,22,1,0
EMP-0146,2025-01-01,IT & Data,21,1,1
EMP-0146,2025-02-01,IT & Data,22,2,0
EMP-0146,2025-03-01,IT & Data,22,0,1
EMP-0146,2025-04-01,IT & Data,22,0,2
EMP-0146,2025-05-01,IT & Data,22,0,0
EMP-0146,2025-06-01,IT & Data,21,2,2
EMP-0146,2025-07-01,IT & Data,23,0,0
EMP-0146,2025-08-01,IT & Data,21,0,1
EMP-0146,2025-09-01,IT & Data,21,3,2
EMP-0146,2025-10-01,IT & Data,21,0,2
EMP-0146,2025-11-01,IT & Data,20,1,0
EMP-0146,2025-12-01,IT & Data,23,1,1
EMP-0147,2025-09-01,Human Resources,20,0,0
EMP-0147,2025-10-01,Human Resources,20,1,1
EMP-0147,2025-11-01,Human Resources,22,1,2
EMP-0147,2025-12-01,Human Resources,21,1,1
EMP-0148,2024-06-01,Marketing,23,2,0
EMP-0148,2024-07-01,Marketing,23,2,3
EMP-0148,2024-08-01,Marketing,22,0,1
EMP-0148,2024-09-01,Marketing,21,1,2
EMP-0148,2024-10-01,Marketing,21,0,1
EMP-0148,2024-11-01,Marketing,22,2,1
EMP-0148,2024-12-01,Marketing,21,1,1
EMP-0148,2025-01-01,Marketing,21,1,0
EMP-0148,2025-02-01,Marketing,21,0,1
EMP-0148,2025-03-01,Marketing,21,0,1
EMP-0148,2025-04-01,Marketing,23,0,0
EMP-0148,2025-05-01,Marketing,22,0,1
EMP-0148,2025-06-01,Marketing,21,0,0
EMP-0148,2025-07-01,Marketing,22,0,1
EMP-0148,2025-08-01,Marketing,21,0,3
EMP-0148,2025-09-01,Marketing,21,0,0
EMP-0148,2025-10-01,Marketing,22,0,1
EMP-0148,2025-11-01,Marketing,20,0,2
EMP-0148,2025-12-01,Marketing,23,1,0
EMP-0149,2025-01-01,Operations,20,0,2
EMP-0149,2025-02-01,Operations,21,0,0
EMP-0149,2025-03-01,Operations,21,1,0
EMP-0149,2025-04-01,Operations,22,1,1
EMP-0149,2025-05-01,Operations,22,2,2
EMP-0149,2025-06-01,Operations,20,1,0
EMP-0149,2025-07-01,Operations,21,1,0
EMP-0149,2025-08-01,Operations,21,0,0
EMP-0149,2025-09-01,Operations,22,1,2
EMP-0149,2025-10-01,Operations,23,1,1
EMP-0149,2025-11-01,Operations,23,1,0
EMP-0149,2025-12-01,Operations,20,0,0
EMP-0150,2025-06-01,Sales,23,3,1
EMP-0150,2025-07-01,Sales,20,3,1
EMP-0150,2025-08-01,Sales,22,2,0
EMP-0150,2025-09-01,Sales,20,1,2
EMP-0150,2025-10-01,Sales,21,4,0
EMP-0150,2025-11-01,Sales,23,2,0
EMP-0150,2025-12-01,Sales,22,2,2
EMP-0151,2025-10-01,Finance,22,0,1
EMP-0151,2025-11-01,Finance,21,1,0
EMP-0151,2025-12-01,Finance,20,0,1
EMP-0152,2024-05-01,Operations,22,1,2
EMP-0152,2024-06-01,Operations,20,0,0
EMP-0152,2024-07-01,Operations,22,2,0
EMP-0152,2024-08-01,Operations,22,2,1
EMP-0152,2024-09-01,Operations,23,3,3
EMP-0152,2024-10-01,Operations,23,0,1
EMP-0152,2024-11-01,Operations,21,0,0
EMP-0152,2024-12-01,Operations,22,2,1
EMP-0152,2025-01-01,Operations,22,1,0
EMP-0152,2025-02-01,Operations,21,1,1
EMP-0152,2025-03-01,Operations,23,0,0
EMP-0152,2025-04-01,Operations,23,0,1
EMP-0152,2025-05-01,Operations,22,0,1
EMP-0152,2025-06-01,Operations,22,2,1
EMP-0152,2025-07-01,Operations,23,0,2
EMP-0152,2025-08-01,Operations,20,0,1
EMP-0152,2025-09-01,Operations,23,0,2
EMP-0152,2025-10-01,Operations,20,0,1
EMP-0152,2025-11-01,Operations,22,0,0
EMP-0152,2025-12-01,Operations,22,0,1
EMP-0153,2025-11-01,Sales,21,2,4
EMP-0153,2025-12-01,Sales,20,0,0
EMP-0154,2024-08-01,Customer Service,21,1,1
EMP-0154,2024-09-01,Customer Service,23,1,2
EMP-0154,2024-10-01,Customer Service,20,0,4
EMP-0154,2024-11-01,Customer Service,20,0,0
EMP-0154,2024-12-01,Customer Service,21,2,0
EMP-0154,2025-01-01,Customer Service,23,0,2
EMP-0154,2025-02-01,Customer Service,22,0,2
EMP-0154,2025-03-01,Customer Service,23,0,3
EMP-0154,2025-04-01,Customer Service,22,0,2
EMP-0154,2025-05-01,Customer Service,23,0,2
EMP-0154,2025-06-01,Customer Service,22,0,3
EMP-0154,2025-07-01,Customer Service,20,1,1
EMP-0154,2025-08-01,Customer Service,23,0,0
EMP-0154,2025-09-01,Customer Service,20,0,2
EMP-0154,2025-10-01,Customer Service,22,0,0
EMP-0154,2025-11-01,Customer Service,22,1,2
EMP-0154,2025-12-01,Customer Service,23,0,0
EMP-0155,2024-06-01,IT & Data,23,2,1
EMP-0155,2024-07-01,IT & Data,22,3,0
EMP-0155,2024-08-01,IT & Data,22,2,0
EMP-0155,2024-09-01,IT & Data,21,2,0
EMP-0155,2024-10-01,IT & Data,21,1,3
EMP-0155,2024-11-01,IT & Data,23,1,1
EMP-0155,2024-12-01,IT & Data,21,0,0
EMP-0155,2025-01-01,IT & Data,21,2,1
EMP-0155,2025-02-01,IT & Data,23,2,1
EMP-0155,2025-03-01,IT & Data,21,0,1
EMP-0155,2025-04-01,IT & Data,22,3,1
EMP-0155,2025-05-01,IT & Data,21,1,2
EMP-0155,2025-06-01,IT & Data,22,3,2
EMP-0155,2025-07-01,IT & Data,22,2,0
EMP-0155,2025-08-01,IT & Data,21,1,1
EMP-0155,2025-09-01,IT & Data,22,0,1
EMP-0155,2025-10-01,IT & Data,20,3,0
EMP-0155,2025-11-01,IT & Data,22,1,0
EMP-0155,2025-12-01,IT & Data,22,2,0
EMP-0156,2025-11-01,Sales,23,1,2
EMP-0156,2025-12-01,Sales,21,0,2
EMP-0157,2024-11-01,Operations,23,0,2
EMP-0157,2024-12-01,Operations,20,0,0
EMP-0157,2025-01-01,Operations,20,2,2
EMP-0157,2025-02-01,Operations,23,1,2
EMP-0157,2025-03-01,Operations,21,0,0
EMP-0157,2025-04-01,Operations,21,2,1
EMP-0157,2025-05-01,Operations,23,2,0
EMP-0157,2025-06-01,Operations,23,0,2
EMP-0157,2025-07-01,Operations,23,2,1
EMP-0157,2025-08-01,Operations,22,0,1
EMP-0157,2025-09-01,Operations,22,2,1
EMP-0157,2025-10-01,Operations,21,2,2
EMP-0157,2025-11-01,Operations,20,3,1
EMP-0157,2025-12-01,Operations,22,2,0
EMP-0158,2024-12-01,Sales,21,1,0
EMP-0158,2025-01-01,Sales,21,2,0
EMP-0158,2025-02-01,Sales,20,3,0
EMP-0158,2025-03-01,Sales,20,1,0
EMP-0158,2025-04-01,Sales,20,1,2
EMP-0158,2025-05-01,Sales,21,2,1
EMP-0158,2025-06-01,Sales,23,3,0
EMP-0158,2025-07-01,Sales,22,0,1
EMP-0158,2025-08-01,Sales,20,0,0
EMP-0158,2025-09-01,Sales,23,0,1
EMP-0158,2025-10-01,Sales,21,1,0
EMP-0158,2025-11-01,Sales,23,0,0
EMP-0159,2024-04-01,Operations,22,0,2
EMP-0159,2024-05-01,Operations,21,0,0
EMP-0159,2024-06-01,Operations,23,0,0
EMP-0159,2024-07-01,Operations,20,1,2
EMP-0159,2024-08-01,Operations,23,2,0
EMP-0159,2024-09-01,Operations,22,1,2
EMP-0159,2024-10-01,Operations,22,0,0
EMP-0159,2024-11-01,Operations,22,1,2
EMP-0159,2024-12-01,Operations,21,0,4
EMP-0159,2025-01-01,Operations,23,0,0
EMP-0159,2025-02-01,Operations,21,0,0
EMP-0159,2025-03-01,Operations,22,0,3
EMP-0159,2025-04-01,Operations,20,2,1
EMP-0159,2025-05-01,Operations,21,0,0
EMP-0159,2025-06-01,Operations,21,0,0
EMP-0159,2025-07-01,Operations,20,0,0
EMP-0159,2025-08-01,Operations,22,0,0
EMP-0159,2025-09-01,Operations,23,0,1
EMP-0159,2025-10-01,Operations,23,0,2
EMP-0159,2025-11-01,Operations,22,1,1
EMP-0159,2025-12-01,Operations,22,0,3
EMP-0160,2024-05-01,Marketing,23,0,2
EMP-0160,2024-06-01,Marketing,23,0,2
EMP-0160,2024-07-01,Marketing,23,0,1
EMP-0160,2024-08-01,Marketing,22,0,0
EMP-0160,2024-09-01,Marketing,22,3,2
EMP-0160,2024-10-01,Marketing,23,0,0
EMP-0160,2024-11-01,Marketing,21,1,1
EMP-0160,2024-12-01,Marketing,22,0,2
EMP-0160,2025-01-01,Marketing,20,1,2
EMP-0160,2025-02-01,Marketing,22,1,1
EMP-0160,2025-03-01,Marketing,20,1,0
EMP-0160,2025-04-01,Marketing,23,0,2
EMP-0160,2025-05-01,Marketing,20,0,1
EMP-0160,2025-06-01,Marketing,22,1,2
EMP-0160,2025-07-01,Marketing,21,0,1
EMP-0161,2025-08-01,Operations,22,0,2
EMP-0161,2025-09-01,Operations,23,1,1
EMP-0161,2025-10-01,Operations,23,0,2
EMP-0161,2025-11-01,Operations,23,1,2
EMP-0161,2025-12-01,Operations,20,0,0
EMP-0162,2024-09-01,IT & Data,22,0,0
EMP-0162,2024-10-01,IT & Data,22,1,2
EMP-0162,2024-11-01,IT & Data,23,0,1
EMP-0162,2024-12-01,IT & Data,22,0,1
EMP-0162,2025-01-01,IT & Data,20,1,0
EMP-0162,2025-02-01,IT & Data,20,2,0
EMP-0162,2025-03-01,IT & Data,21,1,0
EMP-0162,2025-04-01,IT & Data,22,2,0
EMP-0162,2025-05-01,IT & Data,20,1,1
EMP-0162,2025-06-01,IT & Data,23,0,1
EMP-0162,2025-07-01,IT & Data,20,1,2
EMP-0162,2025-08-01,IT & Data,20,0,0
EMP-0162,2025-09-01,IT & Data,23,1,0
EMP-0162,2025-10-01,IT & Data,21,1,0
EMP-0162,2025-11-01,IT & Data,21,2,0
EMP-0162,2025-12-01,IT & Data,22,1,0
EMP-0163,2025-07-01,Customer Service,23,2,1
EMP-0163,2025-08-01,Customer Service,22,2,2
EMP-0163,2025-09-01,Customer Service,21,2,1
EMP-0163,2025-10-01,Customer Service,23,2,2
EMP-0163,2025-11-01,Customer Service,21,0,0
EMP-0163,2025-12-01,Customer Service,22,2,0
EMP-0164,2024-09-01,Human Resources,20,0,1
EMP-0164,2024-10-01,Human Resources,20,1,2
EMP-0164,2024-11-01,Human Resources,22,0,3
EMP-0164,2024-12-01,Human Resources,23,1,2
EMP-0164,2025-01-01,Human Resources,20,1,0
EMP-0164,2025-02-01,Human Resources,22,1,3
EMP-0164,2025-03-01,Human Resources,22,0,2
EMP-0164,2025-04-01,Human Resources,23,1,2
EMP-0164,2025-05-01,Human Resources,21,1,0
EMP-0164,2025-06-01,Human Resources,22,1,0
EMP-0164,2025-07-01,Human Resources,21,0,1
EMP-0164,2025-08-01,Human Resources,21,1,0
EMP-0164,2025-09-01,Human Resources,23,1,2
EMP-0164,2025-10-01,Human Resources,21,2,0
EMP-0164,2025-11-01,Human Resources,22,0,0
EMP-0164,2025-12-01,Human Resources,22,0,2
EMP-0165,2025-04-01,Operations,21,1,0
EMP-0165,2025-05-01,Operations,23,2,2
EMP-0165,2025-06-01,Operations,23,0,1
EMP-0165,2025-07-01,Operations,20,1,1
EMP-0166,2024-11-01,Operations,22,2,2
EMP-0166,2024-12-01,Operations,20,2,1
EMP-0166,2025-01-01,Operations,22,3,0
EMP-0166,2025-02-01,Operations,23,2,0
EMP-0166,2025-03-01,Operations,20,1,0
EMP-0166,2025-04-01,Operations,20,1,0
EMP-0166,2025-05-01,Operations,23,1,1
EMP-0166,2025-06-01,Operations,22,2,1
EMP-0166,2025-07-01,Operations,22,0,2
EMP-0166,2025-08-01,Operations,21,4,0
EMP-0166,2025-09-01,Operations,21,2,0
EMP-0166,2025-10-01,Operations,20,1,1
EMP-0166,2025-11-01,Operations,23,2,1
EMP-0166,2025-12-01,Operations,20,2,1
EMP-0167,2024-04-01,Human Resources,20,0,0
EMP-0167,2024-05-01,Human Resources,21,0,0
EMP-0167,2024-06-01,Human Resources,21,0,1
EMP-0167,2024-07-01,Human Resources,20,0,1
EMP-0167,2024-08-01,Human Resources,23,1,1
EMP-0167,2024-09-01,Human Resources,22,1,1
EMP-0167,2024-10-01,Human Resources,20,0,2
EMP-0167,2024-11-01,Human Resources,20,0,0
EMP-0167,2024-12-01,Human Resources,22,0,0
EMP-0167,2025-01-01,Human Resources,22,0,0
EMP-0167,2025-02-01,Human Resources,20,2,0
EMP-0167,2025-03-01,Human Resources,20,0,2
EMP-0167,2025-04-01,Human Resources,20,3,0
EMP-0167,2025-05-01,Human Resources,20,0,0
EMP-0167,2025-06-01,Human Resources,23,1,1
EMP-0167,2025-07-01,Human Resources,22,0,2
EMP-0167,2025-08-01,Human Resources,23,0,1
EMP-0167,2025-09-01,Human Resources,23,0,1
EMP-0167,2025-10-01,Human Resources,22,0,1
EMP-0167,2025-11-01,Human Resources,21,1,1
EMP-0167,2025-12-01,Human Resources,20,1,0
EMP-0168,2024-02-01,Finance,22,0,2
EMP-0168,2024-03-01,Finance,20,0,0
EMP-0168,2024-04-01,Finance,22,1,0
EMP-0168,2024-05-01,Finance,20,0,2
EMP-0168,2024-06-01,Finance,20,0,0
EMP-0168,2024-07-01,Finance,21,0,3
EMP-0168,2024-08-01,Finance,23,0,3
EMP-0168,2024-09-01,Finance,23,1,0
EMP-0168,2024-10-01,Finance,21,1,0
EMP-0168,2024-11-01,Finance,20,1,3
EMP-0168,2024-12-01,Finance,22,1,0
EMP-0168,2025-01-01,Finance,23,0,0
EMP-0168,2025-02-01,Finance,23,1,0
EMP-0168,2025-03-01,Finance,23,0,0
EMP-0168,2025-04-01,Finance,23,0,0
EMP-0168,2025-05-01,Finance,21,0,0
EMP-0168,2025-06-01,Finance,21,2,1
EMP-0168,2025-07-01,Finance,23,1,2
EMP-0168,2025-08-01,Finance,20,0,0
EMP-0168,2025-09-01,Finance,23,0,1
EMP-0168,2025-10-01,Finance,23,0,1
EMP-0168,2025-11-01,Finance,21,0,0
EMP-0168,2025-12-01,Finance,22,2,0
EMP-0169,2024-08-01,Finance,22,0,1
EMP-0169,2024-09-01,Finance,22,2,2
EMP-0169,2024-10-01,Finance,22,0,3
EMP-0169,2024-11-01,Finance,20,0,1
EMP-0169,2024-12-01,Finance,21,0,0
EMP-0169,2025-01-01,Finance,20,0,2
EMP-0169,2025-02-01,Finance,23,1,1
EMP-0169,2025-03-01,Finance,21,0,1
EMP-0169,2025-04-01,Finance,21,0,1
EMP-0169,2025-05-01,Finance,23,2,1
EMP-0169,2025-06-01,Finance,22,1,0
EMP-0169,2025-07-01,Finance,22,0,1
EMP-0169,2025-08-01,Finance,22,1,1
EMP-0169,2025-09-01,Finance,21,1,3
EMP-0169,2025-10-01,Finance,20,1,1
EMP-0169,2025-11-01,Finance,23,2,0
EMP-0169,2025-12-01,Finance,20,0,4
EMP-0170,2024-12-01,Customer Service,20,1,1
EMP-0170,2025-01-01,Customer Service,22,1,0
EMP-0170,2025-02-01,Customer Service,20,1,1
EMP-0170,2025-03-01,Customer Service,23,0,0
EMP-0170,2025-04-01,Customer Service,23,0,1
EMP-0170,2025-05-01,Customer Service,20,0,0
EMP-0170,2025-06-01,Customer Service,22,1,0
EMP-0170,2025-07-01,Customer Service,21,1,0
EMP-0170,2025-08-01,Customer Service,22,0,0
EMP-0170,2025-09-01,Customer Service,20,0,2
EMP-0170,2025-10-01,Customer Service,22,2,0
EMP-0170,2025-11-01,Customer Service,20,2,0
EMP-0170,2025-12-01,Customer Service,21,0,1
EMP-0171,2024-03-01,Finance,20,0,1
EMP-0171,2024-04-01,Finance,23,0,0
EMP-0171,2024-05-01,Finance,22,1,2
EMP-0171,2024-06-01,Finance,22,0,2
EMP-0171,2024-07-01,Finance,23,0,1
EMP-0171,2024-08-01,Finance,23,0,0
EMP-0171,2024-09-01,Finance,21,3,3
EMP-0171,2024-10-01,Finance,21,0,1
EMP-0171,2024-11-01,Finance,22,0,1
EMP-0171,2024-12-01,Finance,20,1,0
EMP-0171,2025-01-01,Finance,21,0,0
EMP-0171,2025-02-01,Finance,22,0,1
EMP-0171,2025-03-01,Finance,23,1,2
EMP-0171,2025-04-01,Finance,22,1,2
EMP-0171,2025-05-01,Finance,21,1,0
EMP-0171,2025-06-01,Finance,22,1,1
EMP-0171,2025-07-01,Finance,22,1,0
EMP-0171,2025-08-01,Finance,20,0,3
EMP-0171,2025-09-01,Finance,21,0,1
EMP-0171,2025-10-01,Finance,22,1,0
EMP-0171,2025-11-01,Finance,20,1,1
EMP-0171,2025-12-01,Finance,21,0,0
EMP-0172,2025-01-01,Marketing,20,2,2
EMP-0172,2025-02-01,Marketing,23,0,0
EMP-0172,2025-03-01,Marketing,23,0,2
EMP-0172,2025-04-01,Marketing,20,1,1
EMP-0172,2025-05-01,Marketing,23,2,0
EMP-0172,2025-06-01,Marketing,20,2,2
EMP-0172,2025-07-01,Marketing,22,0,1
EMP-0172,2025-08-01,Marketing,23,2,0
EMP-0172,2025-09-01,Marketing,21,3,0
EMP-0172,2025-10-01,Marketing,20,3,0
EMP-0172,2025-11-01,Marketing,23,1,0
EMP-0172,2025-12-01,Marketing,20,1,0
EMP-0173,2025-02-01,IT & Data,22,0,1
EMP-0173,2025-03-01,IT & Data,22,0,3
EMP-0173,2025-04-01,IT & Data,22,0,0
EMP-0173,2025-05-01,IT & Data,22,0,2
EMP-0173,2025-06-01,IT & Data,22,0,1
EMP-0173,2025-07-01,IT & Data,21,0,1
EMP-0173,2025-08-01,IT & Data,23,0,2
EMP-0173,2025-09-01,IT & Data,21,0,0
EMP-0173,2025-10-01,IT & Data,20,0,4
EMP-0173,2025-11-01,IT & Data,20,0,0
EMP-0173,2025-12-01,IT & Data,21,1,0
EMP-0174,2024-05-01,Human Resources,20,0,2
EMP-0174,2024-06-01,Human Resources,20,2,1
EMP-0174,2024-07-01,Human Resources,21,2,1
EMP-0174,2024-08-01,Human Resources,23,2,2
EMP-0174,2024-09-01,Human Resources,20,3,1
EMP-0174,2024-10-01,Human Resources,22,2,1
EMP-0174,2024-11-01,Human Resources,22,5,0
EMP-0174,2024-12-01,Human Resources,23,4,0
EMP-0174,2025-01-01,Human Resources,21,1,1
EMP-0174,2025-02-01,Human Resources,22,0,2
EMP-0174,2025-03-01,Human Resources,22,0,2
EMP-0174,2025-04-01,Human Resources,20,3,0
EMP-0174,2025-05-01,Human Resources,20,1,0
EMP-0174,2025-06-01,Human Resources,23,1,0
EMP-0174,2025-07-01,Human Resources,22,2,0
EMP-0174,2025-08-01,Human Resources,23,3,2
EMP-0174,2025-09-01,Human Resources,23,2,1
EMP-0174,2025-10-01,Human Resources,22,2,2
EMP-0174,2025-11-01,Human Resources,20,1,0
EMP-0174,2025-12-01,Human Resources,23,0,0
EMP-0175,2025-11-01,Operations,21,2,1
EMP-0175,2025-12-01,Operations,22,2,0
EMP-0176,2024-12-01,Marketing,20,0,0
EMP-0176,2025-01-01,Marketing,23,0,1
EMP-0176,2025-02-01,Marketing,21,2,3
EMP-0176,2025-03-01,Marketing,22,0,1
EMP-0176,2025-04-01,Marketing,23,1,3
EMP-0176,2025-05-01,Marketing,20,0,1
EMP-0176,2025-06-01,Marketing,22,0,0
EMP-0176,2025-07-01,Marketing,20,0,2
EMP-0176,2025-08-01,Marketing,23,0,2
EMP-0176,2025-09-01,Marketing,20,1,0
EMP-0176,2025-10-01,Marketing,23,2,3
EMP-0176,2025-11-01,Marketing,22,1,0
EMP-0176,2025-12-01,Marketing,21,3,1
EMP-0177,2025-09-01,Operations,20,1,1
EMP-0177,2025-10-01,Operations,22,2,2
EMP-0177,2025-11-01,Operations,23,0,0
EMP-0177,2025-12-01,Operations,22,0,0
EMP-0178,2025-02-01,Marketing,20,1,0
EMP-0178,2025-03-01,Marketing,20,0,0
EMP-0178,2025-04-01,Marketing,21,1,1
EMP-0178,2025-05-01,Marketing,21,0,0
EMP-0178,2025-06-01,Marketing,23,2,1
EMP-0178,2025-07-01,Marketing,23,2,1
EMP-0178,2025-08-01,Marketing,20,0,1
EMP-0178,2025-09-01,Marketing,22,0,0
EMP-0178,2025-10-01,Marketing,20,1,1
EMP-0178,2025-11-01,Marketing,21,1,1
EMP-0178,2025-12-01,Marketing,23,1,2
EMP-0179,2024-12-01,Finance,23,0,0
EMP-0179,2025-01-01,Finance,20,0,0
EMP-0179,2025-02-01,Finance,22,1,1
EMP-0179,2025-03-01,Finance,20,0,0
EMP-0179,2025-04-01,Finance,21,0,0
EMP-0179,2025-05-01,Finance,20,0,2
EMP-0179,2025-06-01,Finance,23,1,1
EMP-0179,2025-07-01,Finance,21,0,1
EMP-0179,2025-08-01,Finance,21,2,0
EMP-0179,2025-09-01,Finance,21,0,2
EMP-0179,2025-10-01,Finance,22,1,2
EMP-0179,2025-11-01,Finance,22,1,1
EMP-0179,2025-12-01,Finance,22,1,0
EMP-0180,2024-07-01,Human Resources,22,0,0
EMP-0180,2024-08-01,Human Resources,23,0,0
EMP-0180,2024-09-01,Human Resources,20,0,0
EMP-0180,2024-10-01,Human Resources,23,0,3
EMP-0180,2024-11-01,Human Resources,21,1,0
EMP-0180,2024-12-01,Human Resources,21,0,1
EMP-0180,2025-01-01,Human Resources,21,0,0
EMP-0180,2025-02-01,Human Resources,22,0,0
EMP-0180,2025-03-01,Human Resources,21,1,0
EMP-0180,2025-04-01,Human Resources,22,0,2
EMP-0180,2025-05-01,Human Resources,21,0,0
EMP-0180,2025-06-01,Human Resources,20,0,1
EMP-0180,2025-07-01,Human Resources,21,0,1
EMP-0180,2025-08-01,Human Resources,21,0,0
EMP-0180,2025-09-01,Human Resources,22,0,1
EMP-0180,2025-10-01,Human Resources,21,0,0
EMP-0180,2025-11-01,Human Resources,21,1,3
EMP-0180,2025-12-01,Human Resources,20,0,1
EMP-0181,2024-11-01,Customer Service,23,0,0
EMP-0181,2024-12-01,Customer Service,23,0,1
EMP-0181,2025-01-01,Customer Service,20,1,0
EMP-0181,2025-02-01,Customer Service,21,0,0
EMP-0181,2025-03-01,Customer Service,23,0,0
EMP-0181,2025-04-01,Customer Service,23,2,0
EMP-0181,2025-05-01,Customer Service,21,2,1
EMP-0182,2024-04-01,Operations,22,0,1
EMP-0182,2024-05-01,Operations,22,0,2
EMP-0182,2024-06-01,Operations,23,1,1
EMP-0182,2024-07-01,Operations,21,0,2
EMP-0182,2024-08-01,Operations,23,1,1
EMP-0182,2024-09-01,Operations,22,1,2
EMP-0182,2024-10-01,Operations,23,0,0
EMP-0182,2024-11-01,Operations,23,1,0
EMP-0182,2024-12-01,Operations,23,0,1
EMP-0182,2025-01-01,Operations,22,0,2
EMP-0182,2025-02-01,Operations,20,1,1
EMP-0182,2025-03-01,Operations,21,0,1
EMP-0182,2025-04-01,Operations,21,1,1
EMP-0182,2025-05-01,Operations,22,0,2
EMP-0182,2025-06-01,Operations,23,0,1
EMP-0182,2025-07-01,Operations,22,1,0
EMP-0182,2025-08-01,Operations,20,0,1
EMP-0182,2025-09-01,Operations,20,0,2
EMP-0182,2025-10-01,Operations,20,1,1
EMP-0182,2025-11-01,Operations,22,1,1
EMP-0182,2025-12-01,Operations,22,0,0
EMP-0183,2025-04-01,Customer Service,20,0,3
EMP-0183,2025-05-01,Customer Service,23,3,0
EMP-0183,2025-06-01,Customer Service,23,0,2
EMP-0183,2025-07-01,Customer Service,23,1,1
EMP-0183,2025-08-01,Customer Service,21,1,0
EMP-0183,2025-09-01,Customer Service,22,3,1
EMP-0183,2025-10-01,Customer Service,23,4,0
EMP-0183,2025-11-01,Customer Service,21,2,2
EMP-0183,2025-12-01,Customer Service,22,2,0
EMP-0184,2025-08-01,Customer Service,22,1,2
EMP-0184,2025-09-01,Customer Service,20,0,1
EMP-0184,2025-10-01,Customer Service,20,2,0
EMP-0184,2025-11-01,Customer Service,22,0,0
EMP-0184,2025-12-01,Customer Service,23,0,4
EMP-0185,2024-10-01,Operations,21,1,0
EMP-0185,2024-11-01,Operations,23,0,1
EMP-0185,2024-12-01,Operations,21,0,1
EMP-0185,2025-01-01,Operations,22,1,1
EMP-0185,2025-02-01,Operations,20,0,2
EMP-0185,2025-03-01,Operations,23,0,2
EMP-0185,2025-04-01,Operations,21,1,1
EMP-0185,2025-05-01,Operations,20,1,3
EMP-0185,2025-06-01,Operations,21,2,0
EMP-0185,2025-07-01,Operations,20,0,0
EMP-0185,2025-08-01,Operations,21,0,0
EMP-0185,2025-09-01,Operations,20,0,3
EMP-0185,2025-10-01,Operations,22,1,0
EMP-0185,2025-11-01,Operations,20,0,0
EMP-0185,2025-12-01,Operations,21,1,2
EMP-0186,2024-10-01,Sales,22,0,0
EMP-0186,2024-11-01,Sales,23,0,0
EMP-0186,2024-12-01,Sales,21,0,0
EMP-0186,2025-01-01,Sales,22,0,0
EMP-0186,2025-02-01,Sales,22,0,0
EMP-0186,2025-03-01,Sales,21,1,0
EMP-0186,2025-04-01,Sales,22,0,1
EMP-0186,2025-05-01,Sales,23,0,1
EMP-0186,2025-06-01,Sales,22,0,1
EMP-0186,2025-07-01,Sales,20,2,2
EMP-0186,2025-08-01,Sales,21,1,0
EMP-0186,2025-09-01,Sales,21,1,1
EMP-0186,2025-10-01,Sales,20,2,1
EMP-0186,2025-11-01,Sales,23,0,0
EMP-0186,2025-12-01,Sales,22,0,2
EMP-0187,2025-12-01,Marketing,21,0,1
EMP-0188,2024-11-01,IT & Data,21,0,1
EMP-0188,2024-12-01,IT & Data,20,0,0
EMP-0188,2025-01-01,IT & Data,23,1,3
EMP-0188,2025-02-01,IT & Data,20,2,1
EMP-0188,2025-03-01,IT & Data,21,0,0
EMP-0188,2025-04-01,IT & Data,20,1,1
EMP-0188,2025-05-01,IT & Data,20,0,3
EMP-0188,2025-06-01,IT & Data,20,0,0
EMP-0188,2025-07-01,IT & Data,21,0,1
EMP-0188,2025-08-01,IT & Data,22,0,2
EMP-0188,2025-09-01,IT & Data,21,1,0
EMP-0188,2025-10-01,IT & Data,20,1,4
EMP-0188,2025-11-01,IT & Data,23,2,0
EMP-0188,2025-12-01,IT & Data,22,0,0
EMP-0189,2024-01-01,Customer Service,20,1,1
EMP-0189,2024-02-01,Customer Service,21,0,3
EMP-0189,2024-03-01,Customer Service,23,0,2
EMP-0189,2024-04-01,Customer Service,21,1,0
EMP-0189,2024-05-01,Customer Service,21,0,0
EMP-0189,2024-06-01,Customer Service,21,1,1
EMP-0189,2024-07-01,Customer Service,20,0,1
EMP-0189,2024-08-01,Customer Service,20,1,0
EMP-0189,2024-09-01,Customer Service,20,0,0
EMP-0189,2024-10-01,Customer Service,21,0,0
EMP-0189,2024-11-01,Customer Service,20,0,0
EMP-0189,2024-12-01,Customer Service,23,0,1
EMP-0189,2025-01-01,Customer Service,21,0,0
EMP-0189,2025-02-01,Customer Service,23,0,2
EMP-0189,2025-03-01,Customer Service,22,0,0
EMP-0189,2025-04-01,Customer Service,21,1,1
EMP-0189,2025-05-01,Customer Service,22,0,1
EMP-0189,2025-06-01,Customer Service,21,0,0
EMP-0189,2025-07-01,Customer Service,23,0,0
EMP-0189,2025-08-01,Customer Service,21,1,0
EMP-0189,2025-09-01,Customer Service,22,0,2
EMP-0189,2025-10-01,Customer Service,23,0,1
EMP-0189,2025-11-01,Customer Service,22,0,1
EMP-0189,2025-12-01,Customer Service,20,1,3
EMP-0190,2025-10-01,Marketing,21,0,4
EMP-0190,2025-11-01,Marketing,21,0,2
EMP-0190,2025-12-01,Marketing,23,0,0
EMP-0191,2024-04-01,IT & Data,22,0,0
EMP-0191,2024-05-01,IT & Data,22,1,1
EMP-0191,2024-06-01,IT & Data,20,0,0
EMP-0191,2024-07-01,IT & Data,23,1,2
EMP-0191,2024-08-01,IT & Data,21,0,2
EMP-0191,2024-09-01,IT & Data,23,0,1
EMP-0191,2024-10-01,IT & Data,22,0,0
EMP-0191,2024-11-01,IT & Data,22,1,0
EMP-0191,2024-12-01,IT & Data,20,0,0
EMP-0191,2025-01-01,IT & Data,23,0,2
EMP-0191,2025-02-01,IT & Data,23,0,0
EMP-0191,2025-03-01,IT & Data,23,0,2
EMP-0191,2025-04-01,IT & Data,20,0,4
EMP-0191,2025-05-01,IT & Data,20,0,0
EMP-0192,2025-07-01,Finance,20,0,0
EMP-0192,2025-08-01,Finance,23,1,0
EMP-0192,2025-09-01,Finance,20,1,1
EMP-0192,2025-10-01,Finance,20,2,1
EMP-0192,2025-11-01,Finance,23,1,1
EMP-0192,2025-12-01,Finance,21,1,0
EMP-0193,2024-12-01,Human Resources,23,1,0
EMP-0193,2025-01-01,Human Resources,23,0,0
EMP-0193,2025-02-01,Human Resources,22,0,2
EMP-0193,2025-03-01,Human Resources,23,1,3
EMP-0193,2025-04-01,Human Resources,21,1,0
EMP-0193,2025-05-01,Human Resources,20,0,1
EMP-0193,2025-06-01,Human Resources,22,0,2
EMP-0193,2025-07-01,Human Resources,21,2,3
EMP-0193,2025-08-01,Human Resources,20,0,1
EMP-0193,2025-09-01,Human Resources,20,0,1
EMP-0193,2025-10-01,Human Resources,22,1,2
EMP-0193,2025-11-01,Human Resources,23,0,1
EMP-0193,2025-12-01,Human Resources,21,0,0
EMP-0194,2024-04-01,Finance,23,0,1
EMP-0194,2024-05-01,Finance,23,1,1
EMP-0194,2024-06-01,Finance,22,0,2
EMP-0194,2024-07-01,Finance,22,2,1
EMP-0194,2024-08-01,Finance,22,0,3
EMP-0194,2024-09-01,Finance,23,2,0
EMP-0194,2024-10-01,Finance,23,0,0
EMP-0194,2024-11-01,Finance,23,0,0
EMP-0194,2024-12-01,Finance,21,0,1
EMP-0194,2025-01-01,Finance,20,0,1
EMP-0194,2025-02-01,Finance,22,1,0
EMP-0194,2025-03-01,Finance,21,1,1
EMP-0194,2025-04-01,Finance,20,1,1
EMP-0194,2025-05-01,Finance,20,0,1
EMP-0194,2025-06-01,Finance,21,0,0
EMP-0194,2025-07-01,Finance,21,1,1
EMP-0194,2025-08-01,Finance,23,0,3
EMP-0194,2025-09-01,Finance,21,0,1
EMP-0194,2025-10-01,Finance,23,0,2
EMP-0194,2025-11-01,Finance,20,0,1
EMP-0194,2025-12-01,Finance,21,0,1
EMP-0195,2025-02-01,IT & Data,20,0,0
EMP-0195,2025-03-01,IT & Data,22,0,2
EMP-0195,2025-04-01,IT & Data,22,0,0
EMP-0195,2025-05-01,IT & Data,21,0,1
EMP-0195,2025-06-01,IT & Data,20,0,1
EMP-0195,2025-07-01,IT & Data,23,0,0
EMP-0195,2025-08-01,IT & Data,23,0,0
EMP-0195,2025-09-01,IT & Data,22,1,0
EMP-0195,2025-10-01,IT & Data,23,0,1
EMP-0195,2025-11-01,IT & Data,23,0,1
EMP-0195,2025-12-01,IT & Data,20,1,0
EMP-0196,2024-05-01,Marketing,20,0,0
EMP-0196,2024-06-01,Marketing,23,3,0
EMP-0196,2024-07-01,Marketing,22,3,0
EMP-0196,2024-08-01,Marketing,22,0,1
EMP-0196,2024-09-01,Marketing,23,0,1
EMP-0196,2024-10-01,Marketing,22,2,0
EMP-0196,2024-11-01,Marketing,21,2,0
EMP-0196,2024-12-01,Marketing,22,0,1
EMP-0196,2025-01-01,Marketing,22,1,0
EMP-0196,2025-02-01,Marketing,20,1,1
EMP-0196,2025-03-01,Marketing,23,2,0
EMP-0196,2025-04-01,Marketing,20,2,2
EMP-0196,2025-05-01,Marketing,21,0,0
EMP-0196,2025-06-01,Marketing,23,2,0
EMP-0196,2025-07-01,Marketing,20,2,0
EMP-0196,2025-08-01,Marketing,22,3,2
EMP-0196,2025-09-01,Marketing,23,2,0
EMP-0196,2025-10-01,Marketing,22,2,0
EMP-0196,2025-11-01,Marketing,21,0,0
EMP-0196,2025-12-01,Marketing,21,2,1
EMP-0197,2025-11-01,Finance,22,3,0
EMP-0197,2025-12-01,Finance,21,1,0
EMP-0198,2024-08-01,Sales,21,1,0
EMP-0198,2024-09-01,Sales,20,0,1
EMP-0198,2024-10-01,Sales,20,0,1
EMP-0198,2024-11-01,Sales,22,1,2
EMP-0198,2024-12-01,Sales,20,0,1
EMP-0198,2025-01-01,Sales,23,0,0
EMP-0198,2025-02-01,Sales,23,0,2
EMP-0198,2025-03-01,Sales,21,0,1
EMP-0198,2025-04-01,Sales,20,0,2
EMP-0198,2025-05-01,Sales,22,0,1
EMP-0198,2025-06-01,Sales,20,0,0
EMP-0198,2025-07-01,Sales,20,0,0
EMP-0198,2025-08-01,Sales,22,2,2
EMP-0198,2025-09-01,Sales,22,0,0
EMP-0198,2025-10-01,Sales,22,0,0
EMP-0198,2025-11-01,Sales,21,0,0
EMP-0198,2025-12-01,Sales,23,1,0
EMP-0199,2025-06-01,Marketing,23,0,0
EMP-0199,2025-07-01,Marketing,20,0,0
EMP-0199,2025-08-01,Marketing,21,0,1
EMP-0199,2025-09-01,Marketing,21,0,3
EMP-0199,2025-10-01,Marketing,20,0,1
EMP-0199,2025-11-01,Marketing,21,2,2
EMP-0199,2025-12-01,Marketing,20,0,0
EMP-0200,2024-06-01,Sales,21,0,0
EMP-0200,2024-07-01,Sales,21,0,1
EMP-0200,2024-08-01,Sales,22,0,0
EMP-0200,2024-09-01,Sales,23,0,0
EMP-0200,2024-10-01,Sales,22,1,0
EMP-0200,2024-11-01,Sales,23,0,1
EMP-0200,2024-12-01,Sales,20,1,2
EMP-0200,2025-01-01,Sales,23,0,0
EMP-0200,2025-02-01,Sales,23,0,1
EMP-0200,2025-03-01,Sales,22,0,1
EMP-0200,2025-04-01,Sales,20,1,2
EMP-0200,2025-05-01,Sales,23,0,2
EMP-0200,2025-06-01,Sales,21,0,0
EMP-0200,2025-07-01,Sales,22,1,1
EMP-0201,2024-08-01,Customer Service,21,0,1
EMP-0201,2024-09-01,Customer Service,21,0,3
EMP-0201,2024-10-01,Customer Service,20,0,0
EMP-0201,2024-11-01,Customer Service,22,1,0
EMP-0201,2024-12-01,Customer Service,22,1,1
EMP-0201,2025-01-01,Customer Service,21,1,0
EMP-0201,2025-02-01,Customer Service,22,1,2
EMP-0201,2025-03-01,Customer Service,20,0,2
EMP-0201,2025-04-01,Customer Service,23,1,1
EMP-0201,2025-05-01,Customer Service,22,0,0
EMP-0201,2025-06-01,Customer Service,21,1,1
EMP-0201,2025-07-01,Customer Service,22,0,0
EMP-0201,2025-08-01,Customer Service,21,0,0
EMP-0201,2025-09-01,Customer Service,20,0,2
EMP-0201,2025-10-01,Customer Service,23,0,0
EMP-0201,2025-11-01,Customer Service,20,0,0
EMP-0201,2025-12-01,Customer Service,20,0,0
EMP-0202,2024-10-01,Sales,23,2,2
EMP-0202,2024-11-01,Sales,22,1,2
EMP-0202,2024-12-01,Sales,22,0,0
EMP-0202,2025-01-01,Sales,22,0,0
EMP-0202,2025-02-01,Sales,23,0,3
EMP-0202,2025-03-01,Sales,22,0,2
EMP-0202,2025-04-01,Sales,21,0,0
EMP-0202,2025-05-01,Sales,23,0,0
EMP-0202,2025-06-01,Sales,20,0,2
EMP-0202,2025-07-01,Sales,20,2,0
EMP-0202,2025-08-01,Sales,23,0,0
EMP-0202,2025-09-01,Sales,22,0,0
EMP-0202,2025-10-01,Sales,20,2,0
EMP-0202,2025-11-01,Sales,20,0,0
EMP-0202,2025-12-01,Sales,20,0,1
EMP-0203,2024-02-01,Customer Service,21,2,0
EMP-0203,2024-03-01,Customer Service,21,2,0
EMP-0203,2024-04-01,Customer Service,23,1,0
EMP-0203,2024-05-01,Customer Service,21,1,1
EMP-0203,2024-06-01,Customer Service,20,2,2
EMP-0203,2024-07-01,Customer Service,22,3,0
EMP-0203,2024-08-01,Customer Service,21,0,0
EMP-0203,2024-09-01,Customer Service,23,2,1
EMP-0203,2024-10-01,Customer Service,22,1,0
EMP-0203,2024-11-01,Customer Service,22,0,0
EMP-0203,2024-12-01,Customer Service,21,1,1
EMP-0203,2025-01-01,Customer Service,21,2,2
EMP-0203,2025-02-01,Customer Service,21,3,0
EMP-0203,2025-03-01,Customer Service,23,2,2
EMP-0203,2025-04-01,Customer Service,21,1,0
EMP-0203,2025-05-01,Customer Service,20,2,0
EMP-0203,2025-06-01,Customer Service,21,1,2
EMP-0203,2025-07-01,Customer Service,21,3,0
EMP-0203,2025-08-01,Customer Service,20,1,1
EMP-0203,2025-09-01,Customer Service,20,1,0
EMP-0203,2025-10-01,Customer Service,21,2,2
EMP-0203,2025-11-01,Customer Service,23,1,1
EMP-0203,2025-12-01,Customer Service,22,1,2
EMP-0204,2024-04-01,Operations,23,0,2
EMP-0204,2024-05-01,Operations,21,1,3
EMP-0204,2024-06-01,Operations,21,1,2
EMP-0204,2024-07-01,Operations,22,0,2
EMP-0204,2024-08-01,Operations,22,0,1
EMP-0204,2024-09-01,Operations,23,0,0
EMP-0204,2024-10-01,Operations,20,0,0
EMP-0204,2024-11-01,Operations,20,0,0
EMP-0204,2024-12-01,Operations,20,0,0
EMP-0204,2025-01-01,Operations,20,1,1
EMP-0204,2025-02-01,Operations,20,0,0
EMP-0204,2025-03-01,Operations,21,1,1
EMP-0204,2025-04-01,Operations,23,0,2
EMP-0204,2025-05-01,Operations,23,1,0
EMP-0204,2025-06-01,Operations,21,0,2
EMP-0204,2025-07-01,Operations,23,0,0
EMP-0204,2025-08-01,Operations,22,1,0
EMP-0204,2025-09-01,Operations,21,0,2
EMP-0204,2025-10-01,Operations,22,2,0
EMP-0204,2025-11-01,Operations,20,0,1
EMP-0204,2025-12-01,Operations,22,0,2
EMP-0205,2025-10-01,Human Resources,21,0,0
EMP-0205,2025-11-01,Human Resources,21,0,0
EMP-0205,2025-12-01,Human Resources,23,1,2
EMP-0206,2025-05-01,Finance,21,0,1
EMP-0206,2025-06-01,Finance,21,0,0
EMP-0206,2025-07-01,Finance,23,0,0
EMP-0206,2025-08-01,Finance,23,2,1
EMP-0206,2025-09-01,Finance,21,0,1
EMP-0206,2025-10-01,Finance,22,0,0
EMP-0206,2025-11-01,Finance,21,2,0
EMP-0206,2025-12-01,Finance,20,0,0
EMP-0207,2025-01-01,Finance,20,0,3
EMP-0207,2025-02-01,Finance,21,1,1
EMP-0207,2025-03-01,Finance,22,1,1
EMP-0207,2025-04-01,Finance,21,0,0
EMP-0207,2025-05-01,Finance,23,0,0
EMP-0207,2025-06-01,Finance,22,1,0
EMP-0207,2025-07-01,Finance,21,0,2
EMP-0207,2025-08-01,Finance,23,0,2
EMP-0207,2025-09-01,Finance,21,1,1
EMP-0207,2025-10-01,Finance,22,1,0
EMP-0207,2025-11-01,Finance,21,0,0
EMP-0207,2025-12-01,Finance,20,0,0
EMP-0208,2024-04-01,IT & Data,22,0,2
EMP-0208,2024-05-01,IT & Data,22,1,1
EMP-0208,2024-06-01,IT & Data,21,1,1
EMP-0208,2024-07-01,IT & Data,22,0,1
EMP-0208,2024-08-01,IT & Data,23,0,0
EMP-0208,2024-09-01,IT & Data,21,1,0
EMP-0208,2024-10-01,IT & Data,21,1,1
EMP-0208,2024-11-01,IT & Data,21,0,0
EMP-0208,2024-12-01,IT & Data,21,0,2
EMP-0208,2025-01-01,IT & Data,23,0,3
EMP-0208,2025-02-01,IT & Data,23,1,0
EMP-0208,2025-03-01,IT & Data,22,0,1
EMP-0208,2025-04-01,IT & Data,22,1,0
EMP-0208,2025-05-01,IT & Data,20,0,0
EMP-0208,2025-06-01,IT & Data,21,0,0
EMP-0208,2025-07-01,IT & Data,23,0,0
EMP-0208,2025-08-01,IT & Data,21,0,1
EMP-0208,2025-09-01,IT & Data,21,0,0
EMP-0208,2025-10-01,IT & Data,21,1,2
EMP-0208,2025-11-01,IT & Data,22,0,0
EMP-0208,2025-12-01,IT & Data,23,0,2
EMP-0209,2025-03-01,Marketing,20,1,2
EMP-0209,2025-04-01,Marketing,22,0,2
EMP-0209,2025-05-01,Marketing,20,0,0
EMP-0209,2025-06-01,Marketing,23,0,1
EMP-0209,2025-07-01,Marketing,22,0,3
EMP-0209,2025-08-01,Marketing,20,1,0
EMP-0209,2025-09-01,Marketing,21,1,1
EMP-0209,2025-10-01,Marketing,21,0,2
EMP-0209,2025-11-01,Marketing,23,3,0
EMP-0210,2024-01-01,Sales,20,0,1
EMP-0210,2024-02-01,Sales,23,1,2
EMP-0210,2024-03-01,Sales,23,1,1
EMP-0210,2024-04-01,Sales,21,0,0
EMP-0210,2024-05-01,Sales,23,1,0
EMP-0210,2024-06-01,Sales,22,0,0
EMP-0210,2024-07-01,Sales,23,1,1
EMP-0210,2024-08-01,Sales,22,0,1
EMP-0210,2024-09-01,Sales,22,0,2
EMP-0210,2024-10-01,Sales,20,0,2
EMP-0210,2024-11-01,Sales,23,0,1
EMP-0210,2024-12-01,Sales,20,0,0
EMP-0210,2025-01-01,Sales,23,1,1
EMP-0210,2025-02-01,Sales,20,2,0
EMP-0210,2025-03-01,Sales,23,0,1
EMP-0210,2025-04-01,Sales,21,0,1
EMP-0210,2025-05-01,Sales,23,0,2
EMP-0210,2025-06-01,Sales,23,0,0
EMP-0210,2025-07-01,Sales,21,1,1
EMP-0210,2025-08-01,Sales,22,0,3
EMP-0210,2025-09-01,Sales,22,1,1
EMP-0210,2025-10-01,Sales,20,0,0
EMP-0210,2025-11-01,Sales,20,0,0
EMP-0210,2025-12-01,Sales,20,0,0
EMP-0211,2025-06-01,IT & Data,23,0,1
EMP-0211,2025-07-01,IT & Data,23,0,0
EMP-0211,2025-08-01,IT & Data,22,0,0
EMP-0211,2025-09-01,IT & Data,21,0,0
EMP-0211,2025-10-01,IT & Data,22,0,0
EMP-0211,2025-11-01,IT & Data,21,0,1
EMP-0211,2025-12-01,IT & Data,22,0,1
EMP-0212,2024-08-01,Human Resources,21,0,3
EMP-0212,2024-09-01,Human Resources,20,0,2
EMP-0212,2024-10-01,Human Resources,20,0,2
EMP-0212,2024-11-01,Human Resources,22,1,3
EMP-0212,2024-12-01,Human Resources,23,0,0
EMP-0212,2025-01-01,Human Resources,22,0,1
EMP-0212,2025-02-01,Human Resources,21,0,0
EMP-0212,2025-03-01,Human Resources,23,0,1
EMP-0212,2025-04-01,Human Resources,21,1,0
EMP-0212,2025-05-01,Human Resources,23,0,3
EMP-0212,2025-06-01,Human Resources,21,1,2
EMP-0212,2025-07-01,Human Resources,20,1,1
EMP-0212,2025-08-01,Human Resources,21,2,2
EMP-0212,2025-09-01,Human Resources,21,1,3
EMP-0212,2025-10-01,Human Resources,21,0,0
EMP-0212,2025-11-01,Human Resources,22,0,1
EMP-0212,2025-12-01,Human Resources,23,1,0
EMP-0213,2025-02-01,Human Resources,23,0,2
EMP-0213,2025-03-01,Human Resources,23,0,1
EMP-0213,2025-04-01,Human Resources,21,0,1
EMP-0213,2025-05-01,Human Resources,22,2,0
EMP-0213,2025-06-01,Human Resources,20,1,0
EMP-0213,2025-07-01,Human Resources,23,0,1
EMP-0213,2025-08-01,Human Resources,22,1,0
EMP-0213,2025-09-01,Human Resources,23,1,0
EMP-0213,2025-10-01,Human Resources,20,0,0
EMP-0213,2025-11-01,Human Resources,20,1,0
EMP-0213,2025-12-01,Human Resources,20,1,0
EMP-0214,2024-01-01,Sales,20,2,0
EMP-0214,2024-02-01,Sales,21,0,0
EMP-0214,2024-03-01,Sales,21,0,0
EMP-0214,2024-04-01,Sales,20,0,3
EMP-0214,2024-05-01,Sales,20,0,1
EMP-0214,2024-06-01,Sales,23,0,0
EMP-0214,2024-07-01,Sales,21,1,2
EMP-0214,2024-08-01,Sales,22,0,2
EMP-0214,2024-09-01,Sales,20,1,0
EMP-0214,2024-10-01,Sales,22,0,0
EMP-0214,2024-11-01,Sales,23,1,3
EMP-0214,2024-12-01,Sales,23,0,0
EMP-0214,2025-01-01,Sales,23,0,0
EMP-0214,2025-02-01,Sales,20,1,1
EMP-0214,2025-03-01,Sales,23,1,1
EMP-0214,2025-04-01,Sales,20,0,0
EMP-0214,2025-05-01,Sales,20,0,0
EMP-0214,2025-06-01,Sales,23,0,1
EMP-0214,2025-07-01,Sales,20,0,2
EMP-0214,2025-08-01,Sales,21,2,0
EMP-0214,2025-09-01,Sales,22,1,0
EMP-0214,2025-10-01,Sales,23,0,2
EMP-0214,2025-11-01,Sales,22,2,1
EMP-0214,2025-12-01,Sales,22,0,1
EMP-0215,2024-03-01,Customer Service,22,2,0
EMP-0215,2024-04-01,Customer Service,22,0,1
EMP-0215,2024-05-01,Customer Service,20,2,3
EMP-0215,2024-06-01,Customer Service,20,1,1
EMP-0215,2024-07-01,Customer Service,20,4,0
EMP-0215,2024-08-01,Customer Service,21,1,0
EMP-0215,2024-09-01,Customer Service,20,1,1
EMP-0215,2024-10-01,Customer Service,23,2,1
EMP-0215,2024-11-01,Customer Service,21,1,2
EMP-0215,2024-12-01,Customer Service,23,1,2
EMP-0215,2025-01-01,Customer Service,20,1,0
EMP-0215,2025-02-01,Customer Service,21,3,2
EMP-0215,2025-03-01,Customer Service,22,4,2
EMP-0215,2025-04-01,Customer Service,22,2,1
EMP-0215,2025-05-01,Customer Service,20,2,3
EMP-0215,2025-06-01,Customer Service,23,0,0
EMP-0215,2025-07-01,Customer Service,23,0,0
EMP-0215,2025-08-01,Customer Service,20,2,0
EMP-0215,2025-09-01,Customer Service,20,2,0
EMP-0215,2025-10-01,Customer Service,20,2,1
EMP-0215,2025-11-01,Customer Service,22,2,0
EMP-0215,2025-12-01,Customer Service,20,1,0
EMP-0216,2024-11-01,Marketing,20,0,1
EMP-0216,2024-12-01,Marketing,20,2,1
EMP-0216,2025-01-01,Marketing,20,1,1
EMP-0216,2025-02-01,Marketing,21,0,0
EMP-0216,2025-03-01,Marketing,23,2,2
EMP-0216,2025-04-01,Marketing,21,2,1
EMP-0216,2025-05-01,Marketing,23,2,1
EMP-0216,2025-06-01,Marketing,22,2,0
EMP-0216,2025-07-01,Marketing,20,0,0
EMP-0216,2025-08-01,Marketing,23,3,1
EMP-0216,2025-09-01,Marketing,23,3,0
EMP-0216,2025-10-01,Marketing,22,3,0
EMP-0216,2025-11-01,Marketing,22,2,2
EMP-0216,2025-12-01,Marketing,21,3,0
EMP-0217,2024-04-01,Operations,21,2,1
EMP-0217,2024-05-01,Operations,23,0,3
EMP-0217,2024-06-01,Operations,23,0,0
EMP-0217,2024-07-01,Operations,20,1,1
EMP-0217,2024-08-01,Operations,23,0,3
EMP-0217,2024-09-01,Operations,22,1,1
EMP-0217,2024-10-01,Operations,20,0,3
EMP-0217,2024-11-01,Operations,22,1,0
EMP-0217,2024-12-01,Operations,21,0,3
EMP-0217,2025-01-01,Operations,22,0,0
EMP-0217,2025-02-01,Operations,22,0,1
EMP-0217,2025-03-01,Operations,22,0,0
EMP-0217,2025-04-01,Operations,20,1,1
EMP-0217,2025-05-01,Operations,23,0,1
EMP-0217,2025-06-01,Operations,21,0,2
EMP-0217,2025-07-01,Operations,21,2,1
EMP-0217,2025-08-01,Operations,21,0,0
EMP-0217,2025-09-01,Operations,21,0,1
EMP-0217,2025-10-01,Operations,20,0,1
EMP-0217,2025-11-01,Operations,23,0,0
EMP-0217,2025-12-01,Operations,23,1,1
EMP-0218,2025-04-01,Human Resources,21,0,0
EMP-0218,2025-05-01,Human Resources,20,0,1
EMP-0218,2025-06-01,Human Resources,21,0,1
EMP-0218,2025-07-01,Human Resources,22,0,2
EMP-0218,2025-08-01,Human Resources,23,1,1
EMP-0218,2025-09-01,Human Resources,20,0,0
EMP-0218,2025-10-01,Human Resources,20,0,2
EMP-0218,2025-11-01,Human Resources,21,0,0
EMP-0218,2025-12-01,Human Resources,20,0,0
EMP-0219,2025-12-01,Human Resources,20,0,2
EMP-0220,2024-03-01,Sales,23,0,0
EMP-0220,2024-04-01,Sales,21,1,1
EMP-0220,2024-05-01,Sales,20,0,2
EMP-0220,2024-06-01,Sales,23,0,2
EMP-0220,2024-07-01,Sales,20,0,3
EMP-0220,2024-08-01,Sales,22,0,4
EMP-0220,2024-09-01,Sales,20,0,1
EMP-0220,2024-10-01,Sales,21,2,0
EMP-0220,2024-11-01,Sales,22,0,2
EMP-0220,2024-12-01,Sales,20,0,0
EMP-0220,2025-01-01,Sales,22,0,1
EMP-0220,2025-02-01,Sales,21,0,0
EMP-0220,2025-03-01,Sales,21,0,0
EMP-0220,2025-04-01,Sales,23,0,1
EMP-0220,2025-05-01,Sales,23,0,0
EMP-0220,2025-06-01,Sales,20,0,1
EMP-0220,2025-07-01,Sales,22,0,2
EMP-0220,2025-08-01,Sales,20,0,1
EMP-0220,2025-09-01,Sales,21,0,0
EMP-0220,2025-10-01,Sales,21,1,1
EMP-0220,2025-11-01,Sales,21,0,0
EMP-0220,2025-12-01,Sales,20,0,1
EMP-0221,2025-04-01,Sales,22,1,1
EMP-0221,2025-05-01,Sales,23,0,2
EMP-0221,2025-06-01,Sales,23,3,1
EMP-0221,2025-07-01,Sales,22,3,3
EMP-0221,2025-08-01,Sales,21,1,1
EMP-0221,2025-09-01,Sales,23,1,2
EMP-0221,2025-10-01,Sales,21,2,0
EMP-0221,2025-11-01,Sales,23,1,1
EMP-0221,2025-12-01,Sales,23,2,1
EMP-0222,2024-03-01,Sales,22,0,0
EMP-0222,2024-04-01,Sales,22,0,2
EMP-0222,2024-05-01,Sales,23,0,1
EMP-0222,2024-06-01,Sales,23,0,2
EMP-0222,2024-07-01,Sales,23,0,1
EMP-0222,2024-08-01,Sales,22,0,1
EMP-0222,2024-09-01,Sales,20,1,0
EMP-0222,2024-10-01,Sales,22,0,1
EMP-0222,2024-11-01,Sales,20,0,2
EMP-0222,2024-12-01,Sales,20,1,0
EMP-0222,2025-01-01,Sales,21,0,1
EMP-0222,2025-02-01,Sales,23,1,3
EMP-0222,2025-03-01,Sales,23,0,1
EMP-0222,2025-04-01,Sales,21,0,0
EMP-0222,2025-05-01,Sales,22,1,0
EMP-0222,2025-06-01,Sales,21,1,3
EMP-0222,2025-07-01,Sales,21,1,2
EMP-0222,2025-08-01,Sales,23,0,1
EMP-0222,2025-09-01,Sales,22,1,0
EMP-0222,2025-10-01,Sales,20,1,1
EMP-0222,2025-11-01,Sales,23,1,0
EMP-0222,2025-12-01,Sales,22,1,1
EMP-0223,2024-06-01,Sales,20,0,1
EMP-0223,2024-07-01,Sales,20,1,2
EMP-0223,2024-08-01,Sales,22,0,2
EMP-0223,2024-09-01,Sales,20,0,1
EMP-0223,2024-10-01,Sales,20,2,3
EMP-0223,2024-11-01,Sales,22,2,0
EMP-0223,2024-12-01,Sales,23,1,0
EMP-0223,2025-01-01,Sales,20,1,0
EMP-0223,2025-02-01,Sales,21,0,2
EMP-0223,2025-03-01,Sales,20,2,0
EMP-0223,2025-04-01,Sales,23,2,0
EMP-0223,2025-05-01,Sales,23,0,0
EMP-0223,2025-06-01,Sales,23,1,1
EMP-0223,2025-07-01,Sales,20,2,1
EMP-0223,2025-08-01,Sales,23,2,0
EMP-0223,2025-09-01,Sales,23,1,3
EMP-0223,2025-10-01,Sales,21,0,2
EMP-0223,2025-11-01,Sales,20,0,2
EMP-0223,2025-12-01,Sales,21,1,1
EMP-0224,2025-03-01,Customer Service,22,1,1
EMP-0224,2025-04-01,Customer Service,21,0,0
EMP-0224,2025-05-01,Customer Service,21,0,0
EMP-0224,2025-06-01,Customer Service,20,2,1
EMP-0224,2025-07-01,Customer Service,22,0,1
EMP-0224,2025-08-01,Customer Service,23,0,1
EMP-0224,2025-09-01,Customer Service,21,1,1
EMP-0224,2025-10-01,Customer Service,21,1,1
EMP-0224,2025-11-01,Customer Service,22,0,0
EMP-0224,2025-12-01,Customer Service,20,0,2
EMP-0225,2025-12-01,Finance,20,0,2
EMP-0226,2025-10-01,Sales,23,2,0
EMP-0226,2025-11-01,Sales,22,2,2
EMP-0226,2025-12-01,Sales,20,1,0
EMP-0227,2025-11-01,Marketing,21,2,2
EMP-0227,2025-12-01,Marketing,20,0,0
EMP-0228,2024-02-01,Customer Service,23,0,2
EMP-0228,2024-03-01,Customer Service,20,1,1
EMP-0228,2024-04-01,Customer Service,23,1,3
EMP-0228,2024-05-01,Customer Service,22,0,1
EMP-0228,2024-06-01,Customer Service,22,1,0
EMP-0228,2024-07-01,Customer Service,22,1,1
EMP-0228,2024-08-01,Customer Service,20,1,0
EMP-0228,2024-09-01,Customer Service,22,0,0
EMP-0228,2024-10-01,Customer Service,23,1,2
EMP-0228,2024-11-01,Customer Service,22,0,0
EMP-0228,2024-12-01,Customer Service,21,0,0
EMP-0228,2025-01-01,Customer Service,22,1,0
EMP-0228,2025-02-01,Customer Service,21,0,2
EMP-0228,2025-03-01,Customer Service,22,2,0
EMP-0228,2025-04-01,Customer Service,21,0,0
EMP-0228,2025-05-01,Customer Service,21,1,2
EMP-0228,2025-06-01,Customer Service,22,1,2
EMP-0228,2025-07-01,Customer Service,21,0,0
EMP-0228,2025-08-01,Customer Service,21,2,0
EMP-0228,2025-09-01,Customer Service,20,0,1
EMP-0228,2025-10-01,Customer Service,21,2,0
EMP-0228,2025-11-01,Customer Service,22,1,0
EMP-0228,2025-12-01,Customer Service,21,1,3
EMP-0229,2024-03-01,Customer Service,21,0,0
EMP-0229,2024-04-01,Customer Service,23,0,1
EMP-0229,2024-05-01,Customer Service,23,0,1
EMP-0229,2024-06-01,Customer Service,21,2,1
EMP-0229,2024-07-01,Customer Service,22,0,0
EMP-0229,2024-08-01,Customer Service,21,0,2
EMP-0229,2024-09-01,Customer Service,23,0,1
EMP-0229,2024-10-01,Customer Service,23,0,2
EMP-0229,2024-11-01,Customer Service,22,0,2
EMP-0229,2024-12-01,Customer Service,20,0,1
EMP-0229,2025-01-01,Customer Service,21,0,0
EMP-0229,2025-02-01,Customer Service,23,2,0
EMP-0229,2025-03-01,Customer Service,23,0,1
EMP-0229,2025-04-01,Customer Service,20,1,0
EMP-0229,2025-05-01,Customer Service,21,0,0
EMP-0229,2025-06-01,Customer Service,22,1,0
EMP-0229,2025-07-01,Customer Service,20,0,2
EMP-0229,2025-08-01,Customer Service,23,0,0
EMP-0229,2025-09-01,Customer Service,21,0,0
EMP-0229,2025-10-01,Customer Service,23,0,1
EMP-0229,2025-11-01,Customer Service,20,0,0
EMP-0229,2025-12-01,Customer Service,20,0,1
EMP-0230,2025-10-01,Sales,20,0,2
EMP-0230,2025-11-01,Sales,22,0,0
EMP-0230,2025-12-01,Sales,20,1,0
EMP-0231,2025-11-01,Operations,23,1,1
EMP-0231,2025-12-01,Operations,21,0,3
EMP-0232,2025-04-01,Operations,20,1,2
EMP-0232,2025-05-01,Operations,20,0,0
EMP-0232,2025-06-01,Operations,21,2,0
EMP-0232,2025-07-01,Operations,22,2,0
EMP-0232,2025-08-01,Operations,23,3,1
EMP-0232,2025-09-01,Operations,20,1,1
EMP-0232,2025-10-01,Operations,23,3,0
EMP-0233,2025-11-01,Customer Service,21,3,0
EMP-0233,2025-12-01,Customer Service,22,1,2
EMP-0234,2025-06-01,IT & Data,23,1,2
EMP-0234,2025-07-01,IT & Data,22,0,3
EMP-0234,2025-08-01,IT & Data,23,1,0
EMP-0234,2025-09-01,IT & Data,22,0,0
EMP-0234,2025-10-01,IT & Data,22,0,1
EMP-0234,2025-11-01,IT & Data,23,0,1
EMP-0234,2025-12-01,IT & Data,23,0,1
EMP-0235,2025-09-01,Marketing,22,0,0
EMP-0235,2025-10-01,Marketing,23,0,0
EMP-0235,2025-11-01,Marketing,22,0,0
EMP-0235,2025-12-01,Marketing,23,0,1
EMP-0236,2025-09-01,Sales,21,0,0
EMP-0236,2025-10-01,Sales,22,1,1
EMP-0236,2025-11-01,Sales,23,0,2
EMP-0236,2025-12-01,Sales,22,0,0
EMP-0237,2024-01-01,Customer Service,23,0,0
EMP-0237,2024-02-01,Customer Service,22,0,0
EMP-0237,2024-03-01,Customer Service,22,0,1
EMP-0237,2024-04-01,Customer Service,23,0,1
EMP-0237,2024-05-01,Customer Service,21,0,0
EMP-0237,2024-06-01,Customer Service,22,0,0
EMP-0237,2024-07-01,Customer Service,23,1,0
EMP-0237,2024-08-01,Customer Service,23,0,1
EMP-0237,2024-09-01,Customer Service,21,1,0
EMP-0237,2024-10-01,Customer Service,22,0,2
EMP-0237,2024-11-01,Customer Service,20,1,1
EMP-0237,2024-12-01,Customer Service,23,0,1
EMP-0237,2025-01-01,Customer Service,23,1,1
EMP-0237,2025-02-01,Customer Service,22,0,0
EMP-0237,2025-03-01,Customer Service,22,0,2
EMP-0237,2025-04-01,Customer Service,22,0,2
EMP-0237,2025-05-01,Customer Service,21,0,0
EMP-0237,2025-06-01,Customer Service,21,1,1
EMP-0237,2025-07-01,Customer Service,20,0,0
EMP-0237,2025-08-01,Customer Service,20,1,2
EMP-0237,2025-09-01,Customer Service,22,0,0
EMP-0237,2025-10-01,Customer Service,23,0,2
EMP-0237,2025-11-01,Customer Service,23,0,1
EMP-0237,2025-12-01,Customer Service,21,0,1
EMP-0238,2025-05-01,Marketing,22,0,0
EMP-0238,2025-06-01,Marketing,22,1,1
EMP-0238,2025-07-01,Marketing,20,0,1
EMP-0238,2025-08-01,Marketing,23,2,3
EMP-0238,2025-09-01,Marketing,20,0,0
EMP-0238,2025-10-01,Marketing,23,0,0
EMP-0238,2025-11-01,Marketing,21,0,0
EMP-0238,2025-12-01,Marketing,22,1,0
EMP-0239,2024-04-01,Sales,22,0,1
EMP-0239,2024-05-01,Sales,22,1,1
EMP-0239,2024-06-01,Sales,20,0,2
EMP-0239,2024-07-01,Sales,20,0,1
EMP-0239,2024-08-01,Sales,23,2,1
EMP-0239,2024-09-01,Sales,21,2,1
EMP-0239,2024-10-01,Sales,23,0,2
EMP-0239,2024-11-01,Sales,23,0,0
EMP-0239,2024-12-01,Sales,21,1,2
EMP-0239,2025-01-01,Sales,20,0,2
EMP-0239,2025-02-01,Sales,20,0,1
EMP-0239,2025-03-01,Sales,20,2,3
EMP-0239,2025-04-01,Sales,20,0,0
EMP-0239,2025-05-01,Sales,20,0,0
EMP-0239,2025-06-01,Sales,23,2,0
EMP-0239,2025-07-01,Sales,21,1,2
EMP-0239,2025-08-01,Sales,22,0,3
EMP-0239,2025-09-01,Sales,23,1,2
EMP-0239,2025-10-01,Sales,20,0,1
EMP-0239,2025-11-01,Sales,22,1,0
EMP-0239,2025-12-01,Sales,20,0,0
EMP-0240,2025-04-01,Customer Service,21,0,3
EMP-0240,2025-05-01,Customer Service,23,0,0
EMP-0240,2025-06-01,Customer Service,22,0,3
EMP-0240,2025-07-01,Customer Service,23,0,0
EMP-0240,2025-08-01,Customer Service,23,1,0
EMP-0240,2025-09-01,Customer Service,22,1,1
EMP-0240,2025-10-01,Customer Service,20,1,1
EMP-0240,2025-11-01,Customer Service,20,0,1
EMP-0240,2025-12-01,Customer Service,22,1,0
EMP-0241,2025-01-01,Marketing,20,0,2
EMP-0241,2025-02-01,Marketing,22,0,0
EMP-0241,2025-03-01,Marketing,21,0,2
EMP-0241,2025-04-01,Marketing,21,1,0
EMP-0241,2025-05-01,Marketing,22,0,2
EMP-0241,2025-06-01,Marketing,22,0,1
EMP-0241,2025-07-01,Marketing,22,2,0
EMP-0241,2025-08-01,Marketing,22,0,2
EMP-0241,2025-09-01,Marketing,21,2,1
EMP-0241,2025-10-01,Marketing,20,3,2
EMP-0241,2025-11-01,Marketing,23,3,1
EMP-0241,2025-12-01,Marketing,22,0,0
EMP-0242,2024-06-01,Customer Service,22,0,0
EMP-0242,2024-07-01,Customer Service,22,0,2
EMP-0242,2024-08-01,Customer Service,22,0,0
EMP-0242,2024-09-01,Customer Service,23,0,1
EMP-0243,2025-11-01,Customer Service,22,0,1
EMP-0243,2025-12-01,Customer Service,21,1,4
EMP-0244,2025-02-01,Sales,22,1,0
EMP-0244,2025-03-01,Sales,21,0,1
EMP-0244,2025-04-01,Sales,20,1,0
EMP-0244,2025-05-01,Sales,22,1,1
EMP-0244,2025-06-01,Sales,20,1,0
EMP-0244,2025-07-01,Sales,22,0,1
EMP-0244,2025-08-01,Sales,21,1,0
EMP-0244,2025-09-01,Sales,23,1,2
EMP-0244,2025-10-01,Sales,20,1,1
EMP-0244,2025-11-01,Sales,22,0,0
EMP-0244,2025-12-01,Sales,22,0,0
EMP-0245,2024-07-01,Marketing,22,0,2
EMP-0245,2024-08-01,Marketing,23,0,3
EMP-0245,2024-09-01,Marketing,20,1,0
EMP-0245,2024-10-01,Marketing,20,1,2
EMP-0245,2024-11-01,Marketing,21,0,0
EMP-0245,2024-12-01,Marketing,20,0,1
EMP-0245,2025-01-01,Marketing,22,0,1
EMP-0245,2025-02-01,Marketing,20,0,1
EMP-0245,2025-03-01,Marketing,23,0,0
EMP-0245,2025-04-01,Marketing,20,1,1
EMP-0245,2025-05-01,Marketing,20,0,0
EMP-0245,2025-06-01,Marketing,21,0,1
EMP-0245,2025-07-01,Marketing,22,0,0
EMP-0245,2025-08-01,Marketing,21,0,1
EMP-0245,2025-09-01,Marketing,23,0,1
EMP-0245,2025-10-01,Marketing,23,1,3
EMP-0245,2025-11-01,Marketing,22,2,2
EMP-0245,2025-12-01,Marketing,21,1,1
EMP-0246,2025-05-01,Customer Service,23,1,1
EMP-0246,2025-06-01,Customer Service,20,1,0
EMP-0246,2025-07-01,Customer Service,20,2,0
EMP-0246,2025-08-01,Customer Service,20,3,1
EMP-0246,2025-09-01,Customer Service,21,2,1
EMP-0246,2025-10-01,Customer Service,22,1,1
EMP-0246,2025-11-01,Customer Service,22,4,2
EMP-0246,2025-12-01,Customer Service,20,1,0
EMP-0247,2025-08-01,Sales,21,0,1
EMP-0247,2025-09-01,Sales,22,0,1
EMP-0247,2025-10-01,Sales,21,1,0
EMP-0247,2025-11-01,Sales,22,1,0
EMP-0247,2025-12-01,Sales,22,0,0
EMP-0248,2025-01-01,IT & Data,23,0,0
EMP-0248,2025-02-01,IT & Data,21,2,0
EMP-0248,2025-03-01,IT & Data,20,1,0
EMP-0248,2025-04-01,IT & Data,22,1,3
EMP-0248,2025-05-01,IT & Data,23,0,0
EMP-0248,2025-06-01,IT & Data,20,1,1
EMP-0248,2025-07-01,IT & Data,22,2,1
EMP-0248,2025-08-01,IT & Data,22,1,0
EMP-0248,2025-09-01,IT & Data,22,1,1
EMP-0248,2025-10-01,IT & Data,22,0,1
EMP-0248,2025-11-01,IT & Data,22,0,2
EMP-0248,2025-12-01,IT & Data,21,2,1
EMP-0249,2025-08-01,Marketing,23,1,1
EMP-0249,2025-09-01,Marketing,23,1,0
EMP-0249,2025-10-01,Marketing,23,1,0
EMP-0249,2025-11-01,Marketing,20,2,2
EMP-0249,2025-12-01,Marketing,21,0,0
EMP-0250,2025-07-01,IT & Data,20,0,1
EMP-0250,2025-08-01,IT & Data,23,2,1
EMP-0250,2025-09-01,IT & Data,21,0,3
EMP-0250,2025-10-01,IT & Data,21,1,0
EMP-0250,2025-11-01,IT & Data,23,0,1
EMP-0250,2025-12-01,IT & Data,21,0,0
EMP-0251,2024-09-01,Human Resources,23,0,0
EMP-0251,2024-10-01,Human Resources,20,0,1
EMP-0251,2024-11-01,Human Resources,20,1,0
EMP-0251,2024-12-01,Human Resources,20,0,3
EMP-0251,2025-01-01,Human Resources,22,1,0
EMP-0251,2025-02-01,Human Resources,21,0,1
EMP-0251,2025-03-01,Human Resources,20,1,0
EMP-0251,2025-04-01,Human Resources,21,0,2
EMP-0251,2025-05-01,Human Resources,23,0,0
EMP-0252,2024-09-01,Customer Service,23,2,2
EMP-0252,2024-10-01,Customer Service,21,2,1
EMP-0252,2024-11-01,Customer Service,20,1,2
EMP-0252,2024-12-01,Customer Service,20,1,0
EMP-0252,2025-01-01,Customer Service,22,1,2
EMP-0252,2025-02-01,Customer Service,23,1,2
EMP-0252,2025-03-01,Customer Service,23,0,1
EMP-0253,2025-05-01,Operations,21,0,0
EMP-0253,2025-06-01,Operations,21,0,1
EMP-0253,2025-07-01,Operations,22,1,1
EMP-0253,2025-08-01,Operations,22,1,0
EMP-0253,2025-09-01,Operations,23,0,4
EMP-0253,2025-10-01,Operations,20,1,0
EMP-0253,2025-11-01,Operations,22,0,2
EMP-0253,2025-12-01,Operations,22,1,1
EMP-0254,2024-01-01,Sales,22,0,0
EMP-0254,2024-02-01,Sales,21,0,0
EMP-0254,2024-03-01,Sales,20,0,1
EMP-0254,2024-04-01,Sales,22,1,2
EMP-0254,2024-05-01,Sales,21,1,0
EMP-0254,2024-06-01,Sales,23,1,2
EMP-0254,2024-07-01,Sales,20,0,1
EMP-0254,2024-08-01,Sales,21,0,0
EMP-0254,2024-09-01,Sales,23,0,2
EMP-0254,2024-10-01,Sales,20,0,1
EMP-0254,2024-11-01,Sales,22,1,2
EMP-0254,2024-12-01,Sales,20,1,2
EMP-0254,2025-01-01,Sales,22,1,1
EMP-0254,2025-02-01,Sales,20,0,2
EMP-0254,2025-03-01,Sales,23,2,2
EMP-0254,2025-04-01,Sales,22,1,0
EMP-0254,2025-05-01,Sales,20,1,1
EMP-0254,2025-06-01,Sales,22,0,2
EMP-0254,2025-07-01,Sales,20,0,1
EMP-0254,2025-08-01,Sales,21,0,2
EMP-0254,2025-09-01,Sales,22,0,2
EMP-0254,2025-10-01,Sales,21,0,1
EMP-0254,2025-11-01,Sales,22,0,2
EMP-0254,2025-12-01,Sales,22,2,1
EMP-0255,2025-01-01,Finance,22,1,1
EMP-0255,2025-02-01,Finance,22,3,1
EMP-0255,2025-03-01,Finance,22,2,0
EMP-0255,2025-04-01,Finance,23,2,1
EMP-0255,2025-05-01,Finance,21,2,2
EMP-0255,2025-06-01,Finance,20,1,2
EMP-0255,2025-07-01,Finance,23,2,0
EMP-0255,2025-08-01,Finance,22,2,0
EMP-0255,2025-09-01,Finance,22,3,0
EMP-0255,2025-10-01,Finance,23,0,0
EMP-0255,2025-11-01,Finance,22,0,0
EMP-0255,2025-12-01,Finance,20,1,0
EMP-0256,2025-09-01,Marketing,21,0,0
EMP-0256,2025-10-01,Marketing,22,0,1
EMP-0256,2025-11-01,Marketing,22,0,2
EMP-0256,2025-12-01,Marketing,20,1,1
EMP-0257,2024-05-01,Human Resources,21,4,1
EMP-0257,2024-06-01,Human Resources,23,3,1
EMP-0257,2024-07-01,Human Resources,21,4,0
EMP-0257,2024-08-01,Human Resources,20,1,1
EMP-0257,2024-09-01,Human Resources,22,1,0
EMP-0257,2024-10-01,Human Resources,23,2,0
EMP-0257,2024-11-01,Human Resources,23,1,0
EMP-0257,2024-12-01,Human Resources,20,1,1
EMP-0257,2025-01-01,Human Resources,20,1,1
EMP-0257,2025-02-01,Human Resources,23,0,0
EMP-0257,2025-03-01,Human Resources,23,1,1
EMP-0257,2025-04-01,Human Resources,22,1,0
EMP-0257,2025-05-01,Human Resources,21,0,0
EMP-0257,2025-06-01,Human Resources,21,1,1
EMP-0257,2025-07-01,Human Resources,20,0,0
EMP-0257,2025-08-01,Human Resources,22,0,2
EMP-0257,2025-09-01,Human Resources,22,0,1
EMP-0257,2025-10-01,Human Resources,22,1,1
EMP-0257,2025-11-01,Human Resources,22,0,1
EMP-0257,2025-12-01,Human Resources,23,2,0
EMP-0258,2025-05-01,Customer Service,20,0,0
EMP-0258,2025-06-01,Customer Service,20,0,1
EMP-0258,2025-07-01,Customer Service,21,0,1
EMP-0258,2025-08-01,Customer Service,23,0,0
EMP-0258,2025-09-01,Customer Service,22,1,1
EMP-0258,2025-10-01,Customer Service,21,0,0
EMP-0258,2025-11-01,Customer Service,21,2,0
EMP-0258,2025-12-01,Customer Service,20,0,1
EMP-0259,2024-10-01,Sales,22,0,0
EMP-0259,2024-11-01,Sales,20,0,0
EMP-0259,2024-12-01,Sales,20,0,0
EMP-0259,2025-01-01,Sales,21,1,0
EMP-0259,2025-02-01,Sales,23,0,2
EMP-0259,2025-03-01,Sales,22,0,0
EMP-0259,2025-04-01,Sales,22,1,2
EMP-0259,2025-05-01,Sales,21,1,2
EMP-0259,2025-06-01,Sales,23,0,1
EMP-0259,2025-07-01,Sales,21,0,1
EMP-0259,2025-08-01,Sales,22,0,2
EMP-0259,2025-09-01,Sales,20,0,0
EMP-0259,2025-10-01,Sales,21,0,0
EMP-0259,2025-11-01,Sales,23,3,0
EMP-0259,2025-12-01,Sales,21,0,0
EMP-0260,2024-06-01,Human Resources,22,0,1
EMP-0260,2024-07-01,Human Resources,22,1,1
EMP-0260,2024-08-01,Human Resources,23,0,2
EMP-0260,2024-09-01,Human Resources,21,1,1
EMP-0260,2024-10-01,Human Resources,21,0,3
EMP-0260,2024-11-01,Human Resources,23,0,1
EMP-0260,2024-12-01,Human Resources,22,0,0
EMP-0260,2025-01-01,Human Resources,23,1,0
EMP-0261,2025-06-01,Human Resources,20,0,2
EMP-0261,2025-07-01,Human Resources,22,1,3
EMP-0261,2025-08-01,Human Resources,20,0,1
EMP-0261,2025-09-01,Human Resources,21,0,1
EMP-0261,2025-10-01,Human Resources,22,0,0
EMP-0261,2025-11-01,Human Resources,21,1,1
EMP-0261,2025-12-01,Human Resources,22,1,2
EMP-0262,2025-11-01,Operations,21,4,0
EMP-0262,2025-12-01,Operations,20,0,1
EMP-0263,2024-02-01,Marketing,21,0,0
EMP-0263,2024-03-01,Marketing,23,0,2
EMP-0263,2024-04-01,Marketing,20,1,3
EMP-0263,2024-05-01,Marketing,21,0,0
EMP-0263,2024-06-01,Marketing,23,1,0
EMP-0263,2024-07-01,Marketing,23,0,1
EMP-0263,2024-08-01,Marketing,20,0,3
EMP-0263,2024-09-01,Marketing,22,0,1
EMP-0263,2024-10-01,Marketing,21,0,3
EMP-0263,2024-11-01,Marketing,21,1,2
EMP-0263,2024-12-01,Marketing,23,0,3
EMP-0263,2025-01-01,Marketing,23,0,0
EMP-0263,2025-02-01,Marketing,22,0,3
EMP-0263,2025-03-01,Marketing,23,0,0
EMP-0263,2025-04-01,Marketing,23,1,0
EMP-0263,2025-05-01,Marketing,21,2,1
EMP-0263,2025-06-01,Marketing,20,0,0
EMP-0263,2025-07-01,Marketing,22,0,3
EMP-0263,2025-08-01,Marketing,21,0,2
EMP-0263,2025-09-01,Marketing,23,0,1
EMP-0263,2025-10-01,Marketing,20,0,1
EMP-0263,2025-11-01,Marketing,20,0,0
EMP-0263,2025-12-01,Marketing,21,0,1
EMP-0264,2024-10-01,Operations,20,0,0
EMP-0264,2024-11-01,Operations,22,0,0
EMP-0264,2024-12-01,Operations,23,0,2
EMP-0264,2025-01-01,Operations,21,0,0
EMP-0264,2025-02-01,Operations,23,0,1
EMP-0264,2025-03-01,Operations,23,0,0
EMP-0264,2025-04-01,Operations,21,1,2
EMP-0264,2025-05-01,Operations,21,1,4
EMP-0264,2025-06-01,Operations,20,0,1
EMP-0264,2025-07-01,Operations,20,1,0
EMP-0264,2025-08-01,Operations,21,0,0
EMP-0264,2025-09-01,Operations,23,0,0
EMP-0264,2025-10-01,Operations,23,1,0
EMP-0264,2025-11-01,Operations,23,1,0
EMP-0264,2025-12-01,Operations,21,0,0
EMP-0265,2025-05-01,Sales,23,0,1
EMP-0265,2025-06-01,Sales,21,0,0
EMP-0265,2025-07-01,Sales,21,1,2
EMP-0265,2025-08-01,Sales,21,1,1
EMP-0265,2025-09-01,Sales,22,0,0
EMP-0265,2025-10-01,Sales,23,0,1
EMP-0265,2025-11-01,Sales,22,0,3
EMP-0265,2025-12-01,Sales,21,0,0
EMP-0266,2024-01-01,Sales,20,0,1
EMP-0266,2024-02-01,Sales,21,1,1
EMP-0266,2024-03-01,Sales,22,2,1
EMP-0266,2024-04-01,Sales,20,0,1
EMP-0266,2024-05-01,Sales,20,2,0
EMP-0266,2024-06-01,Sales,21,1,0
EMP-0266,2024-07-01,Sales,23,1,2
EMP-0266,2024-08-01,Sales,20,0,2
EMP-0266,2024-09-01,Sales,23,0,2
EMP-0266,2024-10-01,Sales,20,0,2
EMP-0266,2024-11-01,Sales,22,0,1
EMP-0266,2024-12-01,Sales,21,0,1
EMP-0266,2025-01-01,Sales,20,0,1
EMP-0267,2025-05-01,Human Resources,22,1,0
EMP-0267,2025-06-01,Human Resources,22,1,3
EMP-0267,2025-07-01,Human Resources,20,2,0
EMP-0267,2025-08-01,Human Resources,20,0,0
EMP-0267,2025-09-01,Human Resources,20,1,3
EMP-0267,2025-10-01,Human Resources,22,0,0
EMP-0267,2025-11-01,Human Resources,22,0,1
EMP-0267,2025-12-01,Human Resources,23,0,1
EMP-0268,2025-08-01,Sales,20,0,0
EMP-0268,2025-09-01,Sales,22,0,0
EMP-0268,2025-10-01,Sales,23,2,0
EMP-0268,2025-11-01,Sales,21,0,2
EMP-0268,2025-12-01,Sales,23,1,3
EMP-0269,2024-06-01,Marketing,20,0,1
EMP-0269,2024-07-01,Marketing,23,1,0
EMP-0269,2024-08-01,Marketing,20,1,1
EMP-0269,2024-09-01,Marketing,23,2,2
EMP-0269,2024-10-01,Marketing,22,0,0
EMP-0269,2024-11-01,Marketing,22,0,1
EMP-0269,2024-12-01,Marketing,22,1,0
EMP-0269,2025-01-01,Marketing,22,0,1
EMP-0269,2025-02-01,Marketing,21,0,0
EMP-0269,2025-03-01,Marketing,23,0,0
EMP-0269,2025-04-01,Marketing,23,0,1
EMP-0269,2025-05-01,Marketing,22,0,1
EMP-0269,2025-06-01,Marketing,21,0,2
EMP-0269,2025-07-01,Marketing,22,0,1
EMP-0269,2025-08-01,Marketing,23,0,1
EMP-0269,2025-09-01,Marketing,23,0,0
EMP-0269,2025-10-01,Marketing,22,0,1
EMP-0269,2025-11-01,Marketing,21,0,1
EMP-0269,2025-12-01,Marketing,23,0,0
EMP-0270,2025-05-01,Marketing,23,0,0
EMP-0270,2025-06-01,Marketing,23,2,1
EMP-0270,2025-07-01,Marketing,20,1,2
EMP-0270,2025-08-01,Marketing,21,2,0
EMP-0270,2025-09-01,Marketing,23,3,0
EMP-0270,2025-10-01,Marketing,22,3,2
EMP-0270,2025-11-01,Marketing,21,1,0
EMP-0270,2025-12-01,Marketing,21,2,0
EMP-0271,2025-10-01,Finance,23,0,0
EMP-0271,2025-11-01,Finance,22,0,1
EMP-0271,2025-12-01,Finance,20,0,0
EMP-0272,2025-03-01,IT & Data,22,0,2
EMP-0272,2025-04-01,IT & Data,23,0,0
EMP-0272,2025-05-01,IT & Data,22,0,1
EMP-0272,2025-06-01,IT & Data,20,0,0
EMP-0272,2025-07-01,IT & Data,23,0,3
EMP-0273,2024-07-01,IT & Data,21,3,2
EMP-0273,2024-08-01,IT & Data,23,1,2
EMP-0273,2024-09-01,IT & Data,20,1,1
EMP-0273,2024-10-01,IT & Data,20,1,1
EMP-0273,2024-11-01,IT & Data,21,2,1
EMP-0273,2024-12-01,IT & Data,23,1,0
EMP-0274,2025-08-01,IT & Data,20,0,5
EMP-0274,2025-09-01,IT & Data,21,0,2
EMP-0274,2025-10-01,IT & Data,21,1,1
EMP-0274,2025-11-01,IT & Data,21,2,2
EMP-0274,2025-12-01,IT & Data,20,0,0
EMP-0275,2025-12-01,Operations,22,1,0
EMP-0276,2025-05-01,Sales,22,0,0
EMP-0276,2025-06-01,Sales,22,0,1
EMP-0276,2025-07-01,Sales,21,0,2
EMP-0276,2025-08-01,Sales,21,0,3
EMP-0276,2025-09-01,Sales,20,2,0
EMP-0276,2025-10-01,Sales,21,2,2
EMP-0276,2025-11-01,Sales,22,0,1
EMP-0276,2025-12-01,Sales,22,0,1
EMP-0277,2025-06-01,Sales,21,1,0
EMP-0277,2025-07-01,Sales,22,2,1
EMP-0277,2025-08-01,Sales,20,1,0
EMP-0277,2025-09-01,Sales,22,0,0
EMP-0277,2025-10-01,Sales,22,2,0
EMP-0277,2025-11-01,Sales,21,0,1
EMP-0277,2025-12-01,Sales,20,1,0
EMP-0278,2024-06-01,Operations,22,1,2
EMP-0278,2024-07-01,Operations,22,3,1
EMP-0278,2024-08-01,Operations,22,0,0
EMP-0278,2024-09-01,Operations,21,0,2
EMP-0278,2024-10-01,Operations,21,0,1
EMP-0278,2024-11-01,Operations,22,0,1
EMP-0278,2024-12-01,Operations,22,0,1
EMP-0278,2025-01-01,Operations,20,0,1
EMP-0279,2024-06-01,Finance,20,2,1
EMP-0279,2024-07-01,Finance,21,2,0
EMP-0279,2024-08-01,Finance,21,1,3
EMP-0279,2024-09-01,Finance,21,0,2
EMP-0279,2024-10-01,Finance,21,1,0
EMP-0279,2024-11-01,Finance,23,1,3
EMP-0279,2024-12-01,Finance,22,2,2
EMP-0279,2025-01-01,Finance,20,3,0
EMP-0279,2025-02-01,Finance,20,1,0
EMP-0279,2025-03-01,Finance,23,1,1
EMP-0279,2025-04-01,Finance,21,0,0
EMP-0279,2025-05-01,Finance,23,0,1
EMP-0279,2025-06-01,Finance,21,0,0
EMP-0279,2025-07-01,Finance,23,1,1
EMP-0279,2025-08-01,Finance,22,1,0
EMP-0279,2025-09-01,Finance,22,0,2
EMP-0279,2025-10-01,Finance,23,3,0
EMP-0279,2025-11-01,Finance,20,2,1
EMP-0279,2025-12-01,Finance,23,3,1
EMP-0280,2025-04-01,IT & Data,22,3,2
EMP-0280,2025-05-01,IT & Data,23,2,0
EMP-0280,2025-06-01,IT & Data,22,0,2
EMP-0280,2025-07-01,IT & Data,22,1,2
EMP-0280,2025-08-01,IT & Data,22,0,1
EMP-0280,2025-09-01,IT & Data,21,1,3
EMP-0280,2025-10-01,IT & Data,23,0,1
EMP-0280,2025-11-01,IT & Data,21,0,3
EMP-0280,2025-12-01,IT & Data,21,0,0
EMP-0281,2025-10-01,Sales,23,1,0
EMP-0281,2025-11-01,Sales,22,0,1
EMP-0281,2025-12-01,Sales,23,1,1
EMP-0282,2025-04-01,Operations,22,0,0
EMP-0282,2025-05-01,Operations,20,1,0
EMP-0282,2025-06-01,Operations,22,1,0
EMP-0282,2025-07-01,Operations,20,0,0
EMP-0282,2025-08-01,Operations,21,0,2
EMP-0282,2025-09-01,Operations,23,0,2
EMP-0282,2025-10-01,Operations,22,1,1
EMP-0282,2025-11-01,Operations,22,0,0
EMP-0282,2025-12-01,Operations,20,0,1
EMP-0283,2024-02-01,IT & Data,22,2,0
EMP-0283,2024-03-01,IT & Data,22,0,0
EMP-0283,2024-04-01,IT & Data,20,0,2
EMP-0283,2024-05-01,IT & Data,20,2,1
EMP-0283,2024-06-01,IT & Data,20,1,2
EMP-0283,2024-07-01,IT & Data,21,1,0
EMP-0283,2024-08-01,IT & Data,22,0,3
EMP-0283,2024-09-01,IT & Data,21,0,3
EMP-0283,2024-10-01,IT & Data,22,1,0
EMP-0283,2024-11-01,IT & Data,22,0,0
EMP-0283,2024-12-01,IT & Data,21,0,1
EMP-0283,2025-01-01,IT & Data,22,1,1
EMP-0283,2025-02-01,IT & Data,22,2,1
EMP-0283,2025-03-01,IT & Data,21,1,3
EMP-0283,2025-04-01,IT & Data,22,1,1
EMP-0283,2025-05-01,IT & Data,21,2,0
EMP-0283,2025-06-01,IT & Data,20,4,0
EMP-0283,2025-07-01,IT & Data,21,0,0
EMP-0283,2025-08-01,IT & Data,22,0,0
EMP-0283,2025-09-01,IT & Data,20,1,1
EMP-0283,2025-10-01,IT & Data,20,1,0
EMP-0283,2025-11-01,IT & Data,22,0,0
EMP-0283,2025-12-01,IT & Data,21,1,0
EMP-0284,2024-05-01,Finance,21,2,3
EMP-0284,2024-06-01,Finance,22,1,1
EMP-0284,2024-07-01,Finance,23,2,2
EMP-0284,2024-08-01,Finance,23,3,0
EMP-0284,2024-09-01,Finance,20,3,1
EMP-0284,2024-10-01,Finance,23,3,0
EMP-0284,2024-11-01,Finance,22,0,2
EMP-0284,2024-12-01,Finance,22,1,0
EMP-0284,2025-01-01,Finance,23,1,0
EMP-0285,2025-02-01,Operations,22,0,0
EMP-0285,2025-03-01,Operations,21,0,1
EMP-0285,2025-04-01,Operations,20,0,1
EMP-0285,2025-05-01,Operations,20,1,2
EMP-0285,2025-06-01,Operations,21,1,2
EMP-0285,2025-07-01,Operations,20,2,1
EMP-0285,2025-08-01,Operations,23,1,0
EMP-0285,2025-09-01,Operations,23,0,1
EMP-0285,2025-10-01,Operations,21,2,2
EMP-0285,2025-11-01,Operations,21,1,1
EMP-0285,2025-12-01,Operations,22,1,1
EMP-0286,2025-03-01,Customer Service,23,1,2
EMP-0286,2025-04-01,Customer Service,21,1,1
EMP-0286,2025-05-01,Customer Service,22,0,0
EMP-0286,2025-06-01,Customer Service,20,0,3
EMP-0286,2025-07-01,Customer Service,21,0,1
EMP-0286,2025-08-01,Customer Service,21,1,1
EMP-0286,2025-09-01,Customer Service,20,1,2
EMP-0286,2025-10-01,Customer Service,23,1,1
EMP-0286,2025-11-01,Customer Service,22,0,1
EMP-0286,2025-12-01,Customer Service,23,1,1
EMP-0287,2024-12-01,IT & Data,23,0,1
EMP-0287,2025-01-01,IT & Data,22,0,0
EMP-0287,2025-02-01,IT & Data,21,0,0
EMP-0287,2025-03-01,IT & Data,20,0,2
EMP-0287,2025-04-01,IT & Data,20,0,0
EMP-0287,2025-05-01,IT & Data,22,0,0
EMP-0287,2025-06-01,IT & Data,22,0,1
EMP-0287,2025-07-01,IT & Data,22,0,1
EMP-0287,2025-08-01,IT & Data,23,0,0
EMP-0287,2025-09-01,IT & Data,23,0,0
EMP-0287,2025-10-01,IT & Data,21,2,0
EMP-0287,2025-11-01,IT & Data,20,0,0
EMP-0287,2025-12-01,IT & Data,20,0,1
EMP-0288,2025-04-01,Customer Service,20,2,1
EMP-0288,2025-05-01,Customer Service,22,1,0
EMP-0288,2025-06-01,Customer Service,21,2,2
EMP-0288,2025-07-01,Customer Service,22,0,0
EMP-0288,2025-08-01,Customer Service,22,0,0
EMP-0288,2025-09-01,Customer Service,20,0,2
EMP-0288,2025-10-01,Customer Service,20,0,1
EMP-0288,2025-11-01,Customer Service,23,0,0
EMP-0288,2025-12-01,Customer Service,22,0,2
EMP-0289,2025-10-01,Marketing,20,0,0
EMP-0289,2025-11-01,Marketing,20,0,0
EMP-0289,2025-12-01,Marketing,22,1,0
EMP-0290,2025-07-01,Marketing,22,0,1
EMP-0290,2025-08-01,Marketing,23,2,0
EMP-0290,2025-09-01,Marketing,22,0,3
EMP-0290,2025-10-01,Marketing,20,1,0
EMP-0290,2025-11-01,Marketing,21,0,3
EMP-0290,2025-12-01,Marketing,21,0,1
EMP-0291,2025-05-01,Customer Service,22,1,1
EMP-0291,2025-06-01,Customer Service,20,0,2
EMP-0291,2025-07-01,Customer Service,21,0,2
EMP-0291,2025-08-01,Customer Service,23,0,1
EMP-0291,2025-09-01,Customer Service,20,1,0
EMP-0291,2025-10-01,Customer Service,22,1,0
EMP-0291,2025-11-01,Customer Service,20,0,0
EMP-0291,2025-12-01,Customer Service,22,1,1
EMP-0292,2024-12-01,Customer Service,20,1,0
EMP-0292,2025-01-01,Customer Service,22,0,1
EMP-0292,2025-02-01,Customer Service,20,1,1
EMP-0292,2025-03-01,Customer Service,23,2,1
EMP-0292,2025-04-01,Customer Service,21,1,1
EMP-0292,2025-05-01,Customer Service,22,1,1
EMP-0292,2025-06-01,Customer Service,23,1,0
EMP-0292,2025-07-01,Customer Service,23,1,0
EMP-0292,2025-08-01,Customer Service,20,0,0
EMP-0292,2025-09-01,Customer Service,22,0,0
EMP-0292,2025-10-01,Customer Service,20,0,1
EMP-0292,2025-11-01,Customer Service,23,2,1
EMP-0292,2025-12-01,Customer Service,22,1,0
EMP-0293,2025-09-01,Marketing,21,2,0
EMP-0293,2025-10-01,Marketing,23,0,0
EMP-0293,2025-11-01,Marketing,22,1,0
EMP-0293,2025-12-01,Marketing,20,1,0
EMP-0294,2025-03-01,Marketing,21,0,0
EMP-0294,2025-04-01,Marketing,23,1,1
EMP-0294,2025-05-01,Marketing,23,0,0
EMP-0294,2025-06-01,Marketing,23,2,2
EMP-0294,2025-07-01,Marketing,23,1,3
EMP-0294,2025-08-01,Marketing,21,0,3
EMP-0294,2025-09-01,Marketing,22,0,0
EMP-0294,2025-10-01,Marketing,20,0,1
EMP-0294,2025-11-01,Marketing,20,0,3
EMP-0294,2025-12-01,Marketing,21,2,0
EMP-0295,2025-01-01,IT & Data,22,2,0
EMP-0295,2025-02-01,IT & Data,23,3,0
EMP-0295,2025-03-01,IT & Data,22,1,1
EMP-0295,2025-04-01,IT & Data,22,0,0
EMP-0295,2025-05-01,IT & Data,22,0,2
EMP-0295,2025-06-01,IT & Data,23,1,1
EMP-0295,2025-07-01,IT & Data,22,2,2
EMP-0295,2025-08-01,IT & Data,23,1,1
EMP-0295,2025-09-01,IT & Data,23,1,2
EMP-0295,2025-10-01,IT & Data,23,0,0
EMP-0295,2025-11-01,IT & Data,22,0,0
EMP-0295,2025-12-01,IT & Data,23,2,0
EMP-0296,2024-02-01,IT & Data,23,1,1
EMP-0296,2024-03-01,IT & Data,22,0,3
EMP-0296,2024-04-01,IT & Data,20,0,2
EMP-0296,2024-05-01,IT & Data,23,0,0
EMP-0296,2024-06-01,IT & Data,22,2,0
EMP-0296,2024-07-01,IT & Data,22,1,1
EMP-0296,2024-08-01,IT & Data,20,2,0
EMP-0296,2024-09-01,IT & Data,22,1,0
EMP-0296,2024-10-01,IT & Data,21,0,3
EMP-0296,2024-11-01,IT & Data,22,0,2
EMP-0296,2024-12-01,IT & Data,22,1,0
EMP-0296,2025-01-01,IT & Data,22,0,0
EMP-0296,2025-02-01,IT & Data,20,0,0
EMP-0296,2025-03-01,IT & Data,21,0,0
EMP-0296,2025-04-01,IT & Data,20,0,0
EMP-0296,2025-05-01,IT & Data,23,0,0
EMP-0296,2025-06-01,IT & Data,22,0,0
EMP-0296,2025-07-01,IT & Data,22,1,0
EMP-0296,2025-08-01,IT & Data,20,0,1
EMP-0296,2025-09-01,IT & Data,21,0,0
EMP-0296,2025-10-01,IT & Data,23,1,0
EMP-0296,2025-11-01,IT & Data,23,1,2
EMP-0296,2025-12-01,IT & Data,20,1,0
EMP-0297,2024-01-01,Sales,21,0,0
EMP-0297,2024-02-01,Sales,22,0,2
EMP-0297,2024-03-01,Sales,22,0,1
EMP-0297,2024-04-01,Sales,23,1,0
EMP-0297,2024-05-01,Sales,21,1,2
EMP-0297,2024-06-01,Sales,20,0,0
EMP-0297,2024-07-01,Sales,23,0,1
EMP-0297,2024-08-01,Sales,22,0,1
EMP-0297,2024-09-01,Sales,22,0,2
EMP-0297,2024-10-01,Sales,22,1,0
EMP-0297,2024-11-01,Sales,20,1,0
EMP-0297,2024-12-01,Sales,22,0,1
EMP-0297,2025-01-01,Sales,22,0,1
EMP-0297,2025-02-01,Sales,20,2,0
EMP-0297,2025-03-01,Sales,21,1,1
EMP-0297,2025-04-01,Sales,21,0,1
EMP-0297,2025-05-01,Sales,23,0,1
EMP-0297,2025-06-01,Sales,22,0,0
EMP-0297,2025-07-01,Sales,22,0,0
EMP-0297,2025-08-01,Sales,21,0,3
EMP-0297,2025-09-01,Sales,20,0,0
EMP-0297,2025-10-01,Sales,21,0,1
EMP-0297,2025-11-01,Sales,22,0,0
EMP-0297,2025-12-01,Sales,21,0,1
EMP-0298,2025-07-01,Customer Service,23,1,1
EMP-0298,2025-08-01,Customer Service,23,1,1
EMP-0298,2025-09-01,Customer Service,23,0,0
EMP-0298,2025-10-01,Customer Service,21,0,0
EMP-0298,2025-11-01,Customer Service,22,1,1
EMP-0298,2025-12-01,Customer Service,23,1,0
EMP-0299,2025-02-01,Operations,21,0,0
EMP-0299,2025-03-01,Operations,20,0,0
EMP-0299,2025-04-01,Operations,20,0,0
EMP-0299,2025-05-01,Operations,21,1,0
EMP-0299,2025-06-01,Operations,23,0,0
EMP-0299,2025-07-01,Operations,22,0,0
EMP-0299,2025-08-01,Operations,22,0,1
EMP-0299,2025-09-01,Operations,22,1,2
EMP-0299,2025-10-01,Operations,23,0,2
EMP-0299,2025-11-01,Operations,20,0,0
EMP-0299,2025-12-01,Operations,22,1,1
EMP-0300,2025-11-01,Human Resources,23,1,0
EMP-0300,2025-12-01,Human Resources,20,0,1
EMP-0301,2025-03-01,Marketing,21,1,1
EMP-0301,2025-04-01,Marketing,21,3,0
EMP-0301,2025-05-01,Marketing,21,2,0
EMP-0301,2025-06-01,Marketing,21,1,0
EMP-0301,2025-07-01,Marketing,20,2,2
EMP-0301,2025-08-01,Marketing,20,0,0
EMP-0301,2025-09-01,Marketing,22,2,0
EMP-0302,2024-07-01,IT & Data,23,1,0
EMP-0302,2024-08-01,IT & Data,20,2,0
EMP-0302,2024-09-01,IT & Data,23,1,0
EMP-0302,2024-10-01,IT & Data,22,2,1
EMP-0302,2024-11-01,IT & Data,23,1,1
EMP-0302,2024-12-01,IT & Data,22,1,0
EMP-0302,2025-01-01,IT & Data,20,0,1
EMP-0302,2025-02-01,IT & Data,21,1,0
EMP-0302,2025-03-01,IT & Data,21,0,3
EMP-0302,2025-04-01,IT & Data,23,0,1
EMP-0302,2025-05-01,IT & Data,22,0,2
EMP-0302,2025-06-01,IT & Data,23,0,1
EMP-0302,2025-07-01,IT & Data,23,1,2
EMP-0302,2025-08-01,IT & Data,21,0,1
EMP-0302,2025-09-01,IT & Data,23,0,1
EMP-0302,2025-10-01,IT & Data,21,1,2
EMP-0302,2025-11-01,IT & Data,21,0,1
EMP-0302,2025-12-01,IT & Data,21,0,2
EMP-0303,2024-09-01,Finance,23,0,0
EMP-0303,2024-10-01,Finance,20,0,0
EMP-0303,2024-11-01,Finance,23,1,0
EMP-0303,2024-12-01,Finance,21,1,0
EMP-0303,2025-01-01,Finance,22,0,0
EMP-0303,2025-02-01,Finance,21,2,0
EMP-0303,2025-03-01,Finance,20,0,1
EMP-0303,2025-04-01,Finance,22,0,1
EMP-0303,2025-05-01,Finance,22,0,0
EMP-0303,2025-06-01,Finance,22,0,2
EMP-0303,2025-07-01,Finance,22,0,0
EMP-0303,2025-08-01,Finance,23,0,0
EMP-0303,2025-09-01,Finance,22,0,2
EMP-0303,2025-10-01,Finance,21,1,0
EMP-0303,2025-11-01,Finance,23,1,3
EMP-0303,2025-12-01,Finance,22,2,0
EMP-0304,2024-06-01,Marketing,23,0,1
EMP-0304,2024-07-01,Marketing,21,1,1
EMP-0304,2024-08-01,Marketing,23,1,1
EMP-0304,2024-09-01,Marketing,21,0,0
EMP-0304,2024-10-01,Marketing,20,0,1
EMP-0304,2024-11-01,Marketing,20,1,0
EMP-0304,2024-12-01,Marketing,21,2,1
EMP-0304,2025-01-01,Marketing,20,0,1
EMP-0304,2025-02-01,Marketing,23,0,1
EMP-0304,2025-03-01,Marketing,23,1,0
EMP-0304,2025-04-01,Marketing,21,0,1
EMP-0304,2025-05-01,Marketing,21,0,0
EMP-0304,2025-06-01,Marketing,20,0,1
EMP-0304,2025-07-01,Marketing,22,1,1
EMP-0304,2025-08-01,Marketing,22,1,0
EMP-0304,2025-09-01,Marketing,20,0,0
EMP-0304,2025-10-01,Marketing,20,0,1
EMP-0304,2025-11-01,Marketing,23,0,1
EMP-0304,2025-12-01,Marketing,20,0,3
EMP-0305,2024-04-01,Sales,21,2,2
EMP-0305,2024-05-01,Sales,23,2,1
EMP-0305,2024-06-01,Sales,21,0,1
EMP-0305,2024-07-01,Sales,23,3,1
EMP-0305,2024-08-01,Sales,20,3,1
EMP-0305,2024-09-01,Sales,22,0,1
EMP-0305,2024-10-01,Sales,23,2,2
EMP-0305,2024-11-01,Sales,21,0,1
EMP-0305,2024-12-01,Sales,23,3,0
EMP-0305,2025-01-01,Sales,23,1,0
EMP-0305,2025-02-01,Sales,20,3,2
EMP-0305,2025-03-01,Sales,20,3,2
EMP-0305,2025-04-01,Sales,22,3,1
EMP-0305,2025-05-01,Sales,20,2,0
EMP-0305,2025-06-01,Sales,23,2,0
EMP-0305,2025-07-01,Sales,22,3,4
EMP-0305,2025-08-01,Sales,20,1,1
EMP-0305,2025-09-01,Sales,20,1,2
EMP-0305,2025-10-01,Sales,22,0,0
EMP-0306,2024-04-01,Customer Service,20,1,1
EMP-0306,2024-05-01,Customer Service,22,1,0
EMP-0306,2024-06-01,Customer Service,23,0,0
EMP-0306,2024-07-01,Customer Service,21,1,0
EMP-0306,2024-08-01,Customer Service,23,1,1
EMP-0306,2024-09-01,Customer Service,23,1,0
EMP-0306,2024-10-01,Customer Service,22,0,1
EMP-0306,2024-11-01,Customer Service,20,0,5
EMP-0306,2024-12-01,Customer Service,22,2,0
EMP-0306,2025-01-01,Customer Service,21,0,4
EMP-0306,2025-02-01,Customer Service,23,0,1
EMP-0306,2025-03-01,Customer Service,22,0,0
EMP-0306,2025-04-01,Customer Service,21,1,1
EMP-0306,2025-05-01,Customer Service,20,2,0
EMP-0306,2025-06-01,Customer Service,23,0,1
EMP-0306,2025-07-01,Customer Service,21,1,3
EMP-0306,2025-08-01,Customer Service,23,1,0
EMP-0306,2025-09-01,Customer Service,21,0,0
EMP-0306,2025-10-01,Customer Service,22,1,2
EMP-0306,2025-11-01,Customer Service,23,1,1
EMP-0306,2025-12-01,Customer Service,21,0,1
EMP-0307,2025-02-01,Sales,22,1,0
EMP-0307,2025-03-01,Sales,21,1,1
EMP-0307,2025-04-01,Sales,22,0,0
EMP-0307,2025-05-01,Sales,23,1,2
EMP-0307,2025-06-01,Sales,22,1,0
EMP-0307,2025-07-01,Sales,22,1,0
EMP-0307,2025-08-01,Sales,20,1,0
EMP-0307,2025-09-01,Sales,23,1,1
EMP-0307,2025-10-01,Sales,20,0,0
EMP-0307,2025-11-01,Sales,20,0,1
EMP-0307,2025-12-01,Sales,22,1,1
EMP-0308,2025-06-01,Operations,22,1,1
EMP-0308,2025-07-01,Operations,20,0,2
EMP-0308,2025-08-01,Operations,20,1,2
EMP-0308,2025-09-01,Operations,21,0,1
EMP-0308,2025-10-01,Operations,23,1,0
EMP-0308,2025-11-01,Operations,22,1,1
EMP-0308,2025-12-01,Operations,20,0,2
EMP-0309,2025-05-01,Operations,20,0,0
EMP-0309,2025-06-01,Operations,22,2,0
EMP-0309,2025-07-01,Operations,21,1,2
EMP-0309,2025-08-01,Operations,23,1,1
EMP-0309,2025-09-01,Operations,20,2,2
EMP-0309,2025-10-01,Operations,23,0,1
EMP-0309,2025-11-01,Operations,20,0,2
EMP-0309,2025-12-01,Operations,22,0,1
EMP-0310,2024-04-01,Sales,22,0,0
EMP-0310,2024-05-01,Sales,20,2,1
EMP-0310,2024-06-01,Sales,23,1,1
EMP-0310,2024-07-01,Sales,22,2,1
EMP-0310,2024-08-01,Sales,21,0,0
EMP-0310,2024-09-01,Sales,23,0,0
EMP-0310,2024-10-01,Sales,23,0,0
EMP-0310,2024-11-01,Sales,22,0,1
EMP-0310,2024-12-01,Sales,23,0,0
EMP-0310,2025-01-01,Sales,22,1,2
EMP-0310,2025-02-01,Sales,20,2,2
EMP-0310,2025-03-01,Sales,21,0,0
EMP-0310,2025-04-01,Sales,21,0,0
EMP-0310,2025-05-01,Sales,20,1,2
EMP-0310,2025-06-01,Sales,23,0,1
EMP-0310,2025-07-01,Sales,23,1,1
EMP-0310,2025-08-01,Sales,22,0,0
EMP-0310,2025-09-01,Sales,20,1,0
EMP-0310,2025-10-01,Sales,22,0,2
EMP-0310,2025-11-01,Sales,21,0,2
EMP-0310,2025-12-01,Sales,20,0,1
EMP-0311,2025-04-01,Customer Service,22,0,2
EMP-0311,2025-05-01,Customer Service,22,1,0
EMP-0311,2025-06-01,Customer Service,22,0,1
EMP-0311,2025-07-01,Customer Service,22,0,0
EMP-0311,2025-08-01,Customer Service,22,1,2
EMP-0311,2025-09-01,Customer Service,20,1,1
EMP-0311,2025-10-01,Customer Service,21,0,0
EMP-0311,2025-11-01,Customer Service,22,1,0
EMP-0311,2025-12-01,Customer Service,20,1,1
EMP-0312,2024-08-01,Sales,21,1,0
EMP-0312,2024-09-01,Sales,23,1,1
EMP-0312,2024-10-01,Sales,21,0,0
EMP-0312,2024-11-01,Sales,20,0,2
EMP-0312,2024-12-01,Sales,22,0,0
EMP-0312,2025-01-01,Sales,22,2,1
EMP-0312,2025-02-01,Sales,22,2,1
EMP-0312,2025-03-01,Sales,21,0,1
EMP-0312,2025-04-01,Sales,20,0,0
EMP-0312,2025-05-01,Sales,21,1,3
EMP-0312,2025-06-01,Sales,21,0,0
EMP-0312,2025-07-01,Sales,22,0,0
EMP-0312,2025-08-01,Sales,20,1,2
EMP-0312,2025-09-01,Sales,22,0,0
EMP-0312,2025-10-01,Sales,22,0,2
EMP-0312,2025-11-01,Sales,20,0,2
EMP-0312,2025-12-01,Sales,23,1,0
EMP-0313,2025-01-01,Operations,22,1,0
EMP-0313,2025-02-01,Operations,23,0,1
EMP-0313,2025-03-01,Operations,22,0,1
EMP-0313,2025-04-01,Operations,22,0,0
EMP-0313,2025-05-01,Operations,20,0,1
EMP-0313,2025-06-01,Operations,20,2,0
EMP-0313,2025-07-01,Operations,22,0,0
EMP-0313,2025-08-01,Operations,21,0,0
EMP-0313,2025-09-01,Operations,23,0,1
EMP-0313,2025-10-01,Operations,20,0,1
EMP-0313,2025-11-01,Operations,23,0,2
EMP-0313,2025-12-01,Operations,22,1,0
EMP-0314,2024-12-01,Customer Service,21,1,2
EMP-0314,2025-01-01,Customer Service,22,0,0
EMP-0314,2025-02-01,Customer Service,21,0,1
EMP-0314,2025-03-01,Customer Service,23,1,1
EMP-0314,2025-04-01,Customer Service,23,0,1
EMP-0314,2025-05-01,Customer Service,22,0,0
EMP-0314,2025-06-01,Customer Service,22,1,0
EMP-0314,2025-07-01,Customer Service,23,0,0
EMP-0314,2025-08-01,Customer Service,22,1,3
EMP-0314,2025-09-01,Customer Service,20,0,2
EMP-0314,2025-10-01,Customer Service,23,0,0
EMP-0314,2025-11-01,Customer Service,21,2,0
EMP-0314,2025-12-01,Customer Service,22,1,0
EMP-0315,2025-01-01,Sales,20,0,0
EMP-0315,2025-02-01,Sales,22,0,2
EMP-0315,2025-03-01,Sales,21,0,2
EMP-0315,2025-04-01,Sales,21,2,1
EMP-0315,2025-05-01,Sales,22,0,2
EMP-0315,2025-06-01,Sales,23,0,1
EMP-0315,2025-07-01,Sales,22,0,1
EMP-0315,2025-08-01,Sales,22,3,0
EMP-0315,2025-09-01,Sales,20,2,0
EMP-0315,2025-10-01,Sales,21,0,0
EMP-0315,2025-11-01,Sales,20,0,2
EMP-0315,2025-12-01,Sales,22,1,0
EMP-0316,2024-01-01,Marketing,21,0,1
EMP-0316,2024-02-01,Marketing,23,0,1
EMP-0316,2024-03-01,Marketing,23,1,1
EMP-0316,2024-04-01,Marketing,23,2,0
EMP-0316,2024-05-01,Marketing,20,0,0
EMP-0316,2024-06-01,Marketing,23,0,2
EMP-0316,2024-07-01,Marketing,20,0,0
EMP-0316,2024-08-01,Marketing,22,0,2
EMP-0316,2024-09-01,Marketing,21,0,2
EMP-0316,2024-10-01,Marketing,22,0,3
EMP-0316,2024-11-01,Marketing,23,0,1
EMP-0316,2024-12-01,Marketing,21,0,2
EMP-0316,2025-01-01,Marketing,21,0,0
EMP-0316,2025-02-01,Marketing,22,0,2
EMP-0316,2025-03-01,Marketing,22,1,2
EMP-0316,2025-04-01,Marketing,22,0,0
EMP-0316,2025-05-01,Marketing,21,1,0
EMP-0316,2025-06-01,Marketing,21,1,2
EMP-0316,2025-07-01,Marketing,21,0,0
EMP-0316,2025-08-01,Marketing,20,0,1
EMP-0316,2025-09-01,Marketing,21,0,0
EMP-0316,2025-10-01,Marketing,20,1,2
EMP-0316,2025-11-01,Marketing,23,0,1
EMP-0316,2025-12-01,Marketing,23,2,0
EMP-0317,2025-08-01,Finance,22,0,1
EMP-0317,2025-09-01,Finance,21,1,1
EMP-0317,2025-10-01,Finance,21,0,0
EMP-0317,2025-11-01,Finance,22,1,1
EMP-0317,2025-12-01,Finance,22,2,4
EMP-0318,2025-08-01,Operations,22,2,1
EMP-0318,2025-09-01,Operations,23,0,1
EMP-0318,2025-10-01,Operations,21,0,0
EMP-0318,2025-11-01,Operations,22,0,2
EMP-0318,2025-12-01,Operations,20,0,0
EMP-0319,2025-07-01,Customer Service,21,0,1
EMP-0319,2025-08-01,Customer Service,23,2,0
EMP-0319,2025-09-01,Customer Service,23,0,0
EMP-0319,2025-10-01,Customer Service,20,2,0
EMP-0319,2025-11-01,Customer Service,23,0,1
EMP-0319,2025-12-01,Customer Service,23,1,0
EMP-0320,2025-08-01,Sales,22,0,1
EMP-0320,2025-09-01,Sales,22,1,0
EMP-0320,2025-10-01,Sales,21,0,0
EMP-0320,2025-11-01,Sales,23,1,1
EMP-0320,2025-12-01,Sales,21,2,0
EMP-0321,2024-03-01,IT & Data,21,1,1
EMP-0321,2024-04-01,IT & Data,22,0,1
EMP-0321,2024-05-01,IT & Data,21,0,2
EMP-0321,2024-06-01,IT & Data,22,1,1
EMP-0321,2024-07-01,IT & Data,22,1,0
EMP-0321,2024-08-01,IT & Data,20,0,0
EMP-0321,2024-09-01,IT & Data,20,1,3
EMP-0321,2024-10-01,IT & Data,21,1,1
EMP-0321,2024-11-01,IT & Data,21,1,0
EMP-0321,2024-12-01,IT & Data,21,2,2
EMP-0321,2025-01-01,IT & Data,21,0,0
EMP-0321,2025-02-01,IT & Data,20,0,0
EMP-0321,2025-03-01,IT & Data,22,0,0
EMP-0321,2025-04-01,IT & Data,22,0,1
EMP-0321,2025-05-01,IT & Data,22,0,1
EMP-0321,2025-06-01,IT & Data,22,0,2
EMP-0321,2025-07-01,IT & Data,21,0,0
EMP-0321,2025-08-01,IT & Data,20,0,1
EMP-0321,2025-09-01,IT & Data,22,0,0
EMP-0321,2025-10-01,IT & Data,21,2,0
EMP-0321,2025-11-01,IT & Data,20,0,0
EMP-0321,2025-12-01,IT & Data,23,1,1
EMP-0322,2024-04-01,Customer Service,21,1,0
EMP-0322,2024-05-01,Customer Service,22,0,0
EMP-0322,2024-06-01,Customer Service,22,0,0
EMP-0322,2024-07-01,Customer Service,20,0,1
EMP-0322,2024-08-01,Customer Service,23,0,1
EMP-0322,2024-09-01,Customer Service,22,0,0
EMP-0322,2024-10-01,Customer Service,23,0,0
EMP-0322,2024-11-01,Customer Service,21,0,2
EMP-0322,2024-12-01,Customer Service,21,1,2
EMP-0322,2025-01-01,Customer Service,23,0,1
EMP-0322,2025-02-01,Customer Service,22,0,0
EMP-0322,2025-03-01,Customer Service,22,0,3
EMP-0322,2025-04-01,Customer Service,20,0,1
EMP-0322,2025-05-01,Customer Service,22,0,2
EMP-0322,2025-06-01,Customer Service,20,1,3
EMP-0322,2025-07-01,Customer Service,23,1,1
EMP-0322,2025-08-01,Customer Service,23,0,1
EMP-0322,2025-09-01,Customer Service,23,0,1
EMP-0322,2025-10-01,Customer Service,22,0,0
EMP-0322,2025-11-01,Customer Service,21,1,1
EMP-0322,2025-12-01,Customer Service,23,1,1
EMP-0323,2025-05-01,Operations,20,0,0
EMP-0323,2025-06-01,Operations,22,0,0
EMP-0323,2025-07-01,Operations,20,2,2
EMP-0323,2025-08-01,Operations,22,1,1
EMP-0323,2025-09-01,Operations,22,0,0
EMP-0323,2025-10-01,Operations,21,2,0
EMP-0323,2025-11-01,Operations,23,1,1
EMP-0323,2025-12-01,Operations,23,0,0
EMP-0324,2025-10-01,Sales,22,0,2
EMP-0324,2025-11-01,Sales,20,0,1
EMP-0324,2025-12-01,Sales,22,1,0
EMP-0325,2025-06-01,Operations,20,0,1
EMP-0325,2025-07-01,Operations,21,0,1
EMP-0325,2025-08-01,Operations,23,0,1
EMP-0325,2025-09-01,Operations,21,0,1
EMP-0325,2025-10-01,Operations,20,0,1
EMP-0325,2025-11-01,Operations,20,0,1
EMP-0325,2025-12-01,Operations,22,0,2
EMP-0326,2024-08-01,Human Resources,22,0,0
EMP-0326,2024-09-01,Human Resources,22,0,1
EMP-0326,2024-10-01,Human Resources,22,0,1
EMP-0326,2024-11-01,Human Resources,22,0,2
EMP-0326,2024-12-01,Human Resources,20,0,2
EMP-0326,2025-01-01,Human Resources,21,0,2
EMP-0326,2025-02-01,Human Resources,21,0,2
EMP-0326,2025-03-01,Human Resources,20,0,1
EMP-0326,2025-04-01,Human Resources,21,1,1
EMP-0326,2025-05-01,Human Resources,22,0,1
EMP-0326,2025-06-01,Human Resources,20,2,0
EMP-0326,2025-07-01,Human Resources,22,1,0
EMP-0326,2025-08-01,Human Resources,22,0,3
EMP-0326,2025-09-01,Human Resources,21,0,2
EMP-0326,2025-10-01,Human Resources,23,1,0
EMP-0326,2025-11-01,Human Resources,23,0,2
EMP-0326,2025-12-01,Human Resources,21,1,0
EMP-0327,2025-01-01,Customer Service,20,2,0
EMP-0327,2025-02-01,Customer Service,20,2,1
EMP-0327,2025-03-01,Customer Service,21,0,2
EMP-0327,2025-04-01,Customer Service,20,1,2
EMP-0327,2025-05-01,Customer Service,20,0,1
EMP-0327,2025-06-01,Customer Service,22,0,1
EMP-0327,2025-07-01,Customer Service,20,1,0
EMP-0327,2025-08-01,Customer Service,20,4,1
EMP-0327,2025-09-01,Customer Service,23,3,0
EMP-0327,2025-10-01,Customer Service,22,2,0
EMP-0327,2025-11-01,Customer Service,23,2,3
EMP-0327,2025-12-01,Customer Service,22,1,0
EMP-0328,2025-01-01,Human Resources,23,0,1
EMP-0328,2025-02-01,Human Resources,21,1,0
EMP-0328,2025-03-01,Human Resources,23,1,1
EMP-0328,2025-04-01,Human Resources,23,1,2
EMP-0328,2025-05-01,Human Resources,23,4,0
EMP-0328,2025-06-01,Human Resources,20,1,0
EMP-0328,2025-07-01,Human Resources,23,1,1
EMP-0328,2025-08-01,Human Resources,20,2,1
EMP-0328,2025-09-01,Human Resources,22,4,0
EMP-0328,2025-10-01,Human Resources,21,2,2
EMP-0328,2025-11-01,Human Resources,20,2,2
EMP-0328,2025-12-01,Human Resources,21,2,2
EMP-0329,2025-11-01,Finance,21,2,0
EMP-0329,2025-12-01,Finance,22,0,0
EMP-0330,2024-10-01,Operations,22,1,0
EMP-0330,2024-11-01,Operations,22,1,0
EMP-0330,2024-12-01,Operations,23,0,1
EMP-0330,2025-01-01,Operations,22,1,2
EMP-0330,2025-02-01,Operations,22,1,0
EMP-0330,2025-03-01,Operations,22,0,2
EMP-0330,2025-04-01,Operations,21,0,0
EMP-0330,2025-05-01,Operations,22,0,1
EMP-0330,2025-06-01,Operations,22,0,0
EMP-0330,2025-07-01,Operations,23,0,1
EMP-0330,2025-08-01,Operations,22,0,1
EMP-0330,2025-09-01,Operations,21,1,2
EMP-0330,2025-10-01,Operations,22,1,3
EMP-0330,2025-11-01,Operations,21,0,1
EMP-0330,2025-12-01,Operations,21,0,0
EMP-0331,2025-07-01,Customer Service,20,0,2
EMP-0331,2025-08-01,Customer Service,20,0,0
EMP-0331,2025-09-01,Customer Service,20,1,2
EMP-0331,2025-10-01,Customer Service,21,0,2
EMP-0331,2025-11-01,Customer Service,22,2,1
EMP-0331,2025-12-01,Customer Service,22,3,1
EMP-0332,2025-09-01,Sales,20,1,0
EMP-0332,2025-10-01,Sales,23,1,3
EMP-0332,2025-11-01,Sales,23,0,1
EMP-0333,2025-03-01,Marketing,22,0,0
EMP-0333,2025-04-01,Marketing,21,2,3
EMP-0333,2025-05-01,Marketing,22,1,0
EMP-0333,2025-06-01,Marketing,21,2,0
EMP-0333,2025-07-01,Marketing,22,1,0
EMP-0333,2025-08-01,Marketing,21,0,0
EMP-0333,2025-09-01,Marketing,20,0,1
EMP-0333,2025-10-01,Marketing,21,0,1
EMP-0333,2025-11-01,Marketing,20,0,0
EMP-0333,2025-12-01,Marketing,21,0,0
EMP-0334,2024-03-01,Operations,22,3,0
EMP-0334,2024-04-01,Operations,22,1,1
EMP-0334,2024-05-01,Operations,23,4,0
EMP-0334,2024-06-01,Operations,20,2,2
EMP-0334,2024-07-01,Operations,20,3,0
EMP-0334,2024-08-01,Operations,20,1,0
EMP-0334,2024-09-01,Operations,20,1,0
EMP-0334,2024-10-01,Operations,23,2,2
EMP-0334,2024-11-01,Operations,22,1,3
EMP-0334,2024-12-01,Operations,22,3,2
EMP-0334,2025-01-01,Operations,20,2,1
EMP-0334,2025-02-01,Operations,23,1,2
EMP-0334,2025-03-01,Operations,20,1,1
EMP-0334,2025-04-01,Operations,20,2,2
EMP-0334,2025-05-01,Operations,23,0,1
EMP-0334,2025-06-01,Operations,22,2,0
EMP-0334,2025-07-01,Operations,22,0,0
EMP-0334,2025-08-01,Operations,23,2,1
EMP-0334,2025-09-01,Operations,20,3,0
EMP-0334,2025-10-01,Operations,20,0,2
EMP-0334,2025-11-01,Operations,21,1,1
EMP-0334,2025-12-01,Operations,21,2,1
EMP-0335,2025-08-01,Marketing,21,1,0
EMP-0335,2025-09-01,Marketing,21,1,2
EMP-0335,2025-10-01,Marketing,21,1,0
EMP-0335,2025-11-01,Marketing,22,0,0
EMP-0335,2025-12-01,Marketing,20,1,0
EMP-0336,2024-09-01,Customer Service,23,1,1
EMP-0336,2024-10-01,Customer Service,23,4,2
EMP-0336,2024-11-01,Customer Service,21,1,0
EMP-0336,2024-12-01,Customer Service,23,3,0
EMP-0336,2025-01-01,Customer Service,23,1,1
EMP-0336,2025-02-01,Customer Service,21,0,0
EMP-0336,2025-03-01,Customer Service,22,1,0
EMP-0336,2025-04-01,Customer Service,20,1,0
EMP-0336,2025-05-01,Customer Service,23,1,0
EMP-0336,2025-06-01,Customer Service,23,1,0
EMP-0336,2025-07-01,Customer Service,21,1,3
EMP-0336,2025-08-01,Customer Service,22,1,0
EMP-0336,2025-09-01,Customer Service,23,3,0
EMP-0336,2025-10-01,Customer Service,23,0,1
EMP-0336,2025-11-01,Customer Service,20,0,1
EMP-0336,2025-12-01,Customer Service,22,1,1
EMP-0337,2024-05-01,Finance,21,1,0
EMP-0337,2024-06-01,Finance,20,0,0
EMP-0337,2024-07-01,Finance,20,0,2
EMP-0337,2024-08-01,Finance,22,0,0
EMP-0337,2024-09-01,Finance,21,1,2
EMP-0337,2024-10-01,Finance,22,0,0
EMP-0337,2024-11-01,Finance,21,0,2
EMP-0337,2024-12-01,Finance,20,0,0
EMP-0337,2025-01-01,Finance,21,1,2
EMP-0337,2025-02-01,Finance,21,0,2
EMP-0337,2025-03-01,Finance,21,0,0
EMP-0337,2025-04-01,Finance,23,1,2
EMP-0337,2025-05-01,Finance,21,0,0
EMP-0337,2025-06-01,Finance,23,1,1
EMP-0337,2025-07-01,Finance,23,0,4
EMP-0337,2025-08-01,Finance,21,0,0
EMP-0337,2025-09-01,Finance,20,0,0
EMP-0337,2025-10-01,Finance,22,1,0
EMP-0337,2025-11-01,Finance,20,1,0
EMP-0337,2025-12-01,Finance,22,1,0
EMP-0338,2025-10-01,Sales,23,0,0
EMP-0338,2025-11-01,Sales,21,1,0
EMP-0338,2025-12-01,Sales,23,1,2
EMP-0339,2025-10-01,IT & Data,22,0,2
EMP-0339,2025-11-01,IT & Data,22,0,1
EMP-0339,2025-12-01,IT & Data,20,1,1
EMP-0340,2025-12-01,Operations,20,1,1
EMP-0341,2024-12-01,Human Resources,22,1,0
EMP-0341,2025-01-01,Human Resources,22,1,1
EMP-0341,2025-02-01,Human Resources,23,0,0
EMP-0341,2025-03-01,Human Resources,22,1,0
EMP-0341,2025-04-01,Human Resources,22,2,1
EMP-0341,2025-05-01,Human Resources,23,2,2
EMP-0341,2025-06-01,Human Resources,23,0,1
EMP-0341,2025-07-01,Human Resources,20,2,0
EMP-0341,2025-08-01,Human Resources,22,4,2
EMP-0341,2025-09-01,Human Resources,23,1,1
EMP-0341,2025-10-01,Human Resources,22,0,2
EMP-0341,2025-11-01,Human Resources,21,0,2
EMP-0341,2025-12-01,Human Resources,21,1,3
EMP-0342,2024-12-01,Sales,21,0,0
EMP-0342,2025-01-01,Sales,21,1,2
EMP-0342,2025-02-01,Sales,21,2,0
EMP-0342,2025-03-01,Sales,23,0,1
EMP-0342,2025-04-01,Sales,22,2,0
EMP-0342,2025-05-01,Sales,20,2,1
EMP-0342,2025-06-01,Sales,22,4,1
EMP-0342,2025-07-01,Sales,22,0,1
EMP-0342,2025-08-01,Sales,23,3,0
EMP-0342,2025-09-01,Sales,21,3,0
EMP-0342,2025-10-01,Sales,22,1,0
EMP-0342,2025-11-01,Sales,23,2,0
EMP-0342,2025-12-01,Sales,21,1,1
EMP-0343,2024-11-01,Sales,22,0,3
EMP-0343,2024-12-01,Sales,22,0,2
EMP-0343,2025-01-01,Sales,20,1,1
EMP-0343,2025-02-01,Sales,21,0,2
EMP-0343,2025-03-01,Sales,20,0,1
EMP-0343,2025-04-01,Sales,22,1,0
EMP-0343,2025-05-01,Sales,21,0,0
EMP-0343,2025-06-01,Sales,21,0,2
EMP-0343,2025-07-01,Sales,22,2,3
EMP-0343,2025-08-01,Sales,23,3,2
EMP-0343,2025-09-01,Sales,23,0,1
EMP-0343,2025-10-01,Sales,22,2,0
EMP-0343,2025-11-01,Sales,20,0,2
EMP-0343,2025-12-01,Sales,20,1,0
EMP-0344,2024-08-01,Operations,20,2,2
EMP-0344,2024-09-01,Operations,20,0,3
EMP-0344,2024-10-01,Operations,22,0,0
EMP-0344,2024-11-01,Operations,20,0,0
EMP-0344,2024-12-01,Operations,20,0,2
EMP-0344,2025-01-01,Operations,23,0,0
EMP-0344,2025-02-01,Operations,23,1,2
EMP-0344,2025-03-01,Operations,21,0,1
EMP-0344,2025-04-01,Operations,23,0,0
EMP-0344,2025-05-01,Operations,21,0,3
EMP-0344,2025-06-01,Operations,20,0,3
EMP-0344,2025-07-01,Operations,20,0,2
EMP-0344,2025-08-01,Operations,21,0,0
EMP-0344,2025-09-01,Operations,23,1,0
EMP-0344,2025-10-01,Operations,20,1,1
EMP-0344,2025-11-01,Operations,22,1,2
EMP-0344,2025-12-01,Operations,21,0,0
EMP-0345,2025-10-01,Finance,23,0,2
EMP-0345,2025-11-01,Finance,23,0,2
EMP-0345,2025-12-01,Finance,21,0,0
EMP-0346,2025-07-01,Marketing,20,1,0
EMP-0346,2025-08-01,Marketing,20,1,1
EMP-0346,2025-09-01,Marketing,20,1,1
EMP-0346,2025-10-01,Marketing,22,0,1
EMP-0346,2025-11-01,Marketing,22,0,1
EMP-0346,2025-12-01,Marketing,21,1,2
EMP-0347,2024-05-01,Sales,21,0,0
EMP-0347,2024-06-01,Sales,21,0,0
EMP-0347,2024-07-01,Sales,20,2,0
EMP-0347,2024-08-01,Sales,22,1,0
EMP-0347,2024-09-01,Sales,21,0,1
EMP-0347,2024-10-01,Sales,20,0,0
EMP-0347,2024-11-01,Sales,23,0,2
EMP-0347,2024-12-01,Sales,21,2,2
EMP-0347,2025-01-01,Sales,22,0,0
EMP-0347,2025-02-01,Sales,23,2,0
EMP-0347,2025-03-01,Sales,23,0,2
EMP-0347,2025-04-01,Sales,21,1,4
EMP-0347,2025-05-01,Sales,20,1,1
EMP-0347,2025-06-01,Sales,21,0,0
EMP-0347,2025-07-01,Sales,23,1,0
EMP-0347,2025-08-01,Sales,22,0,0
EMP-0347,2025-09-01,Sales,20,0,2
EMP-0347,2025-10-01,Sales,22,0,0
EMP-0347,2025-11-01,Sales,21,0,1
EMP-0347,2025-12-01,Sales,21,0,1
EMP-0348,2024-09-01,Marketing,20,3,0
EMP-0348,2024-10-01,Marketing,22,2,2
EMP-0348,2024-11-01,Marketing,23,0,0
EMP-0348,2024-12-01,Marketing,21,0,0
EMP-0348,2025-01-01,Marketing,21,0,0
EMP-0348,2025-02-01,Marketing,22,1,0
EMP-0348,2025-03-01,Marketing,21,2,2
EMP-0348,2025-04-01,Marketing,20,0,1
EMP-0348,2025-05-01,Marketing,22,0,0
EMP-0348,2025-06-01,Marketing,23,0,3
EMP-0348,2025-07-01,Marketing,23,0,2
EMP-0348,2025-08-01,Marketing,22,0,1
EMP-0348,2025-09-01,Marketing,21,0,2
EMP-0348,2025-10-01,Marketing,22,0,2
EMP-0348,2025-11-01,Marketing,21,0,1
EMP-0348,2025-12-01,Marketing,21,0,0
EMP-0349,2024-12-01,Sales,21,0,1
EMP-0349,2025-01-01,Sales,21,1,2
EMP-0349,2025-02-01,Sales,22,1,3
EMP-0349,2025-03-01,Sales,21,0,0
EMP-0349,2025-04-01,Sales,20,0,0
EMP-0349,2025-05-01,Sales,20,0,0
EMP-0349,2025-06-01,Sales,21,0,0
EMP-0349,2025-07-01,Sales,20,1,1
EMP-0349,2025-08-01,Sales,23,0,0
EMP-0349,2025-09-01,Sales,21,1,1
EMP-0349,2025-10-01,Sales,23,1,2
EMP-0349,2025-11-01,Sales,21,1,0
EMP-0349,2025-12-01,Sales,21,1,0
EMP-0350,2025-11-01,Finance,20,0,2
EMP-0350,2025-12-01,Finance,21,0,1
EMP-0351,2025-12-01,Operations,20,0,2
EMP-0352,2024-05-01,Marketing,20,0,1
EMP-0352,2024-06-01,Marketing,21,0,1
EMP-0352,2024-07-01,Marketing,21,1,0
EMP-0352,2024-08-01,Marketing,21,1,0
EMP-0352,2024-09-01,Marketing,21,0,1
EMP-0352,2024-10-01,Marketing,23,0,0
EMP-0352,2024-11-01,Marketing,23,1,1
EMP-0352,2024-12-01,Marketing,21,1,3
EMP-0352,2025-01-01,Marketing,23,0,0
EMP-0352,2025-02-01,Marketing,20,2,0
EMP-0352,2025-03-01,Marketing,21,2,2
EMP-0352,2025-04-01,Marketing,22,1,2
EMP-0352,2025-05-01,Marketing,23,2,1
EMP-0352,2025-06-01,Marketing,23,0,2
EMP-0352,2025-07-01,Marketing,21,0,1
EMP-0352,2025-08-01,Marketing,22,0,2
EMP-0352,2025-09-01,Marketing,22,1,0
EMP-0352,2025-10-01,Marketing,23,1,1
EMP-0352,2025-11-01,Marketing,22,0,0
EMP-0352,2025-12-01,Marketing,21,0,1
EMP-0353,2025-07-01,Customer Service,23,0,1
EMP-0353,2025-08-01,Customer Service,23,1,0
EMP-0353,2025-09-01,Customer Service,20,0,1
EMP-0353,2025-10-01,Customer Service,23,0,2
EMP-0353,2025-11-01,Customer Service,20,1,2
EMP-0353,2025-12-01,Customer Service,23,2,1
EMP-0354,2024-12-01,Human Resources,20,1,2
EMP-0354,2025-01-01,Human Resources,21,1,3
EMP-0354,2025-02-01,Human Resources,23,3,0
EMP-0354,2025-03-01,Human Resources,20,0,0
EMP-0354,2025-04-01,Human Resources,20,0,0
EMP-0355,2024-09-01,Operations,21,0,0
EMP-0355,2024-10-01,Operations,20,0,1
EMP-0355,2024-11-01,Operations,22,2,1
EMP-0355,2024-12-01,Operations,20,0,2
EMP-0355,2025-01-01,Operations,22,0,1
EMP-0355,2025-02-01,Operations,23,0,3
EMP-0355,2025-03-01,Operations,20,0,0
EMP-0355,2025-04-01,Operations,23,0,0
EMP-0355,2025-05-01,Operations,21,0,0
EMP-0355,2025-06-01,Operations,23,0,1
EMP-0355,2025-07-01,Operations,21,0,2
EMP-0355,2025-08-01,Operations,22,1,0
EMP-0355,2025-09-01,Operations,23,0,2
EMP-0355,2025-10-01,Operations,22,0,0
EMP-0355,2025-11-01,Operations,21,1,2
EMP-0355,2025-12-01,Operations,21,1,1
EMP-0356,2025-05-01,Finance,20,0,1
EMP-0356,2025-06-01,Finance,20,1,0
EMP-0356,2025-07-01,Finance,20,0,2
EMP-0356,2025-08-01,Finance,21,0,0
EMP-0356,2025-09-01,Finance,23,0,2
EMP-0356,2025-10-01,Finance,23,0,0
EMP-0357,2025-06-01,Customer Service,20,0,0
EMP-0357,2025-07-01,Customer Service,20,1,1
EMP-0357,2025-08-01,Customer Service,21,0,0
EMP-0357,2025-09-01,Customer Service,20,0,1
EMP-0357,2025-10-01,Customer Service,20,0,1
EMP-0357,2025-11-01,Customer Service,20,1,0
EMP-0357,2025-12-01,Customer Service,23,1,1
EMP-0358,2024-04-01,Finance,22,1,3
EMP-0358,2024-05-01,Finance,22,0,0
EMP-0358,2024-06-01,Finance,21,0,0
EMP-0358,2024-07-01,Finance,20,1,1
EMP-0358,2024-08-01,Finance,20,0,1
EMP-0358,2024-09-01,Finance,23,2,2
EMP-0358,2024-10-01,Finance,22,0,2
EMP-0358,2024-11-01,Finance,22,2,0
EMP-0358,2024-12-01,Finance,20,1,0
EMP-0358,2025-01-01,Finance,23,1,2
EMP-0358,2025-02-01,Finance,22,1,0
EMP-0358,2025-03-01,Finance,21,0,1
EMP-0358,2025-04-01,Finance,22,1,1
EMP-0358,2025-05-01,Finance,23,0,0
EMP-0358,2025-06-01,Finance,20,0,1
EMP-0358,2025-07-01,Finance,20,0,0
EMP-0358,2025-08-01,Finance,23,0,0
EMP-0358,2025-09-01,Finance,22,1,0
EMP-0358,2025-10-01,Finance,20,0,2
EMP-0358,2025-11-01,Finance,22,1,0
EMP-0358,2025-12-01,Finance,23,0,2
EMP-0359,2025-11-01,Sales,21,3,0
EMP-0359,2025-12-01,Sales,22,1,1
EMP-0360,2024-12-01,Human Resources,20,2,0
EMP-0360,2025-01-01,Human Resources,20,1,2
EMP-0360,2025-02-01,Human Resources,23,1,0
EMP-0360,2025-03-01,Human Resources,20,1,0
EMP-0360,2025-04-01,Human Resources,20,0,0
EMP-0360,2025-05-01,Human Resources,21,0,1
EMP-0360,2025-06-01,Human Resources,20,0,1
EMP-0360,2025-07-01,Human Resources,22,0,4
EMP-0360,2025-08-01,Human Resources,23,1,0
EMP-0360,2025-09-01,Human Resources,21,1,0
EMP-0360,2025-10-01,Human Resources,20,0,4
EMP-0360,2025-11-01,Human Resources,22,1,0
EMP-0360,2025-12-01,Human Resources,22,0,2
EMP-0361,2024-05-01,Operations,23,0,3
EMP-0361,2024-06-01,Operations,21,0,2
EMP-0361,2024-07-01,Operations,22,0,2
EMP-0361,2024-08-01,Operations,23,0,0
EMP-0361,2024-09-01,Operations,23,1,1
EMP-0361,2024-10-01,Operations,23,1,2
EMP-0361,2024-11-01,Operations,22,1,0
EMP-0361,2024-12-01,Operations,23,2,0
EMP-0361,2025-01-01,Operations,22,0,1
EMP-0361,2025-02-01,Operations,23,1,1
EMP-0361,2025-03-01,Operations,22,0,0
EMP-0361,2025-04-01,Operations,21,0,0
EMP-0361,2025-05-01,Operations,23,0,1
EMP-0361,2025-06-01,Operations,22,1,1
EMP-0361,2025-07-01,Operations,22,0,0
EMP-0361,2025-08-01,Operations,21,1,0
EMP-0361,2025-09-01,Operations,22,0,1
EMP-0361,2025-10-01,Operations,21,1,0
EMP-0361,2025-11-01,Operations,22,1,1
EMP-0361,2025-12-01,Operations,22,1,1
EMP-0362,2025-01-01,Operations,22,0,1
EMP-0362,2025-02-01,Operations,20,0,2
EMP-0362,2025-03-01,Operations,20,0,1
EMP-0362,2025-04-01,Operations,22,0,0
EMP-0362,2025-05-01,Operations,21,0,2
EMP-0362,2025-06-01,Operations,22,0,1
EMP-0362,2025-07-01,Operations,20,1,0
EMP-0362,2025-08-01,Operations,22,1,2
EMP-0362,2025-09-01,Operations,22,0,1
EMP-0362,2025-10-01,Operations,21,0,2
EMP-0362,2025-11-01,Operations,21,1,0
EMP-0362,2025-12-01,Operations,22,2,0
EMP-0363,2024-05-01,Finance,20,1,1
EMP-0363,2024-06-01,Finance,23,2,1
EMP-0363,2024-07-01,Finance,22,0,1
EMP-0363,2024-08-01,Finance,23,1,1
EMP-0363,2024-09-01,Finance,22,0,0
EMP-0363,2024-10-01,Finance,20,0,0
EMP-0363,2024-11-01,Finance,22,0,1
EMP-0363,2024-12-01,Finance,21,2,3
EMP-0363,2025-01-01,Finance,20,2,1
EMP-0363,2025-02-01,Finance,23,1,0
EMP-0363,2025-03-01,Finance,22,0,1
EMP-0363,2025-04-01,Finance,20,0,2
EMP-0363,2025-05-01,Finance,20,0,4
EMP-0363,2025-06-01,Finance,22,1,1
EMP-0363,2025-07-01,Finance,21,0,0
EMP-0363,2025-08-01,Finance,20,0,0
EMP-0363,2025-09-01,Finance,21,0,1
EMP-0363,2025-10-01,Finance,21,2,0
EMP-0363,2025-11-01,Finance,23,0,4
EMP-0363,2025-12-01,Finance,21,1,1
EMP-0364,2024-10-01,Human Resources,20,1,1
EMP-0364,2024-11-01,Human Resources,21,0,0
EMP-0364,2024-12-01,Human Resources,20,0,0
EMP-0364,2025-01-01,Human Resources,21,0,0
EMP-0364,2025-02-01,Human Resources,23,0,3
EMP-0364,2025-03-01,Human Resources,22,1,0
EMP-0364,2025-04-01,Human Resources,20,0,1
EMP-0364,2025-05-01,Human Resources,20,0,2
EMP-0364,2025-06-01,Human Resources,20,0,2
EMP-0364,2025-07-01,Human Resources,23,0,0
EMP-0364,2025-08-01,Human Resources,23,1,1
EMP-0364,2025-09-01,Human Resources,23,0,0
EMP-0364,2025-10-01,Human Resources,22,0,2
EMP-0364,2025-11-01,Human Resources,20,1,1
EMP-0364,2025-12-01,Human Resources,23,2,0
EMP-0365,2024-05-01,Sales,22,0,2
EMP-0365,2024-06-01,Sales,22,0,1
EMP-0365,2024-07-01,Sales,20,0,1
EMP-0365,2024-08-01,Sales,21,2,0
EMP-0365,2024-09-01,Sales,23,0,0
EMP-0365,2024-10-01,Sales,20,2,0
EMP-0365,2024-11-01,Sales,20,2,0
EMP-0365,2024-12-01,Sales,21,0,0
EMP-0365,2025-01-01,Sales,21,1,0
EMP-0365,2025-02-01,Sales,23,1,2
EMP-0365,2025-03-01,Sales,22,0,0
EMP-0365,2025-04-01,Sales,22,1,0
EMP-0365,2025-05-01,Sales,20,1,1
EMP-0365,2025-06-01,Sales,23,1,1
EMP-0365,2025-07-01,Sales,23,1,0
EMP-0365,2025-08-01,Sales,20,0,2
EMP-0365,2025-09-01,Sales,23,0,0
EMP-0365,2025-10-01,Sales,23,0,0
EMP-0365,2025-11-01,Sales,22,0,0
EMP-0365,2025-12-01,Sales,23,0,1
EMP-0366,2025-10-01,IT & Data,21,1,0
EMP-0366,2025-11-01,IT & Data,23,1,0
EMP-0366,2025-12-01,IT & Data,23,1,0
EMP-0367,2025-04-01,IT & Data,21,0,1
EMP-0367,2025-05-01,IT & Data,21,1,1
EMP-0367,2025-06-01,IT & Data,21,0,0
EMP-0367,2025-07-01,IT & Data,21,0,1
EMP-0367,2025-08-01,IT & Data,22,0,1
EMP-0367,2025-09-01,IT & Data,21,0,1
EMP-0367,2025-10-01,IT & Data,21,2,2
EMP-0367,2025-11-01,IT & Data,23,0,0
EMP-0367,2025-12-01,IT & Data,20,0,0
EMP-0368,2025-08-01,Sales,20,0,0
EMP-0368,2025-09-01,Sales,23,1,1
EMP-0368,2025-10-01,Sales,21,2,0
EMP-0368,2025-11-01,Sales,22,5,0
EMP-0368,2025-12-01,Sales,21,0,2
EMP-0369,2025-09-01,Sales,23,1,2
EMP-0369,2025-10-01,Sales,22,1,2
EMP-0369,2025-11-01,Sales,22,0,0
EMP-0369,2025-12-01,Sales,22,0,1
EMP-0370,2024-03-01,Sales,22,0,0
EMP-0370,2024-04-01,Sales,21,0,2
EMP-0370,2024-05-01,Sales,22,1,0
EMP-0370,2024-06-01,Sales,23,0,3
EMP-0370,2024-07-01,Sales,23,0,2
EMP-0370,2024-08-01,Sales,23,1,0
EMP-0370,2024-09-01,Sales,21,1,1
EMP-0370,2024-10-01,Sales,23,0,0
EMP-0370,2024-11-01,Sales,21,0,1
EMP-0370,2024-12-01,Sales,22,0,2
EMP-0370,2025-01-01,Sales,23,0,1
EMP-0370,2025-02-01,Sales,23,0,2
EMP-0370,2025-03-01,Sales,22,0,2
EMP-0370,2025-04-01,Sales,22,1,0
EMP-0370,2025-05-01,Sales,22,1,1
EMP-0370,2025-06-01,Sales,21,0,0
EMP-0370,2025-07-01,Sales,21,0,0
EMP-0370,2025-08-01,Sales,20,1,1
EMP-0370,2025-09-01,Sales,20,0,2
EMP-0370,2025-10-01,Sales,21,0,0
EMP-0370,2025-11-01,Sales,21,1,0
EMP-0370,2025-12-01,Sales,21,1,3
EMP-0371,2025-03-01,Operations,23,0,0
EMP-0371,2025-04-01,Operations,22,1,0
EMP-0371,2025-05-01,Operations,20,1,2
EMP-0371,2025-06-01,Operations,22,0,1
EMP-0371,2025-07-01,Operations,21,1,1
EMP-0371,2025-08-01,Operations,22,2,3
EMP-0371,2025-09-01,Operations,21,0,0
EMP-0371,2025-10-01,Operations,20,0,2
EMP-0371,2025-11-01,Operations,23,2,0
EMP-0371,2025-12-01,Operations,23,1,0
EMP-0372,2025-06-01,Sales,23,1,5
EMP-0372,2025-07-01,Sales,21,0,0
EMP-0372,2025-08-01,Sales,23,0,0
EMP-0372,2025-09-01,Sales,22,0,0
EMP-0372,2025-10-01,Sales,20,0,0
EMP-0372,2025-11-01,Sales,22,0,2
EMP-0372,2025-12-01,Sales,21,1,1
EMP-0373,2024-01-01,Human Resources,23,2,0
EMP-0373,2024-02-01,Human Resources,23,0,0
EMP-0373,2024-03-01,Human Resources,20,2,1
EMP-0373,2024-04-01,Human Resources,23,0,1
EMP-0373,2024-05-01,Human Resources,22,1,2
EMP-0373,2024-06-01,Human Resources,23,1,0
EMP-0373,2024-07-01,Human Resources,21,0,1
EMP-0373,2024-08-01,Human Resources,22,0,1
EMP-0373,2024-09-01,Human Resources,22,0,0
EMP-0373,2024-10-01,Human Resources,21,0,1
EMP-0373,2024-11-01,Human Resources,22,0,2
EMP-0373,2024-12-01,Human Resources,20,0,1
EMP-0373,2025-01-01,Human Resources,21,1,0
EMP-0373,2025-02-01,Human Resources,23,0,0
EMP-0373,2025-03-01,Human Resources,23,0,0
EMP-0373,2025-04-01,Human Resources,20,1,1
EMP-0373,2025-05-01,Human Resources,22,0,0
EMP-0373,2025-06-01,Human Resources,21,2,1
EMP-0373,2025-07-01,Human Resources,21,0,0
EMP-0373,2025-08-01,Human Resources,23,0,3
EMP-0373,2025-09-01,Human Resources,23,2,0
EMP-0373,2025-10-01,Human Resources,22,1,0
EMP-0373,2025-11-01,Human Resources,22,2,1
EMP-0373,2025-12-01,Human Resources,22,0,0
EMP-0374,2025-03-01,Customer Service,20,1,0
EMP-0374,2025-04-01,Customer Service,20,1,0
EMP-0374,2025-05-01,Customer Service,22,0,1
EMP-0374,2025-06-01,Customer Service,23,2,0
EMP-0374,2025-07-01,Customer Service,22,0,2
EMP-0374,2025-08-01,Customer Service,21,2,2
EMP-0374,2025-09-01,Customer Service,22,1,0
EMP-0374,2025-10-01,Customer Service,20,0,0
EMP-0374,2025-11-01,Customer Service,23,0,0
EMP-0374,2025-12-01,Customer Service,23,1,1
EMP-0375,2025-01-01,Sales,22,1,0
EMP-0375,2025-02-01,Sales,21,0,0
EMP-0375,2025-03-01,Sales,22,1,2
EMP-0375,2025-04-01,Sales,20,1,0
EMP-0375,2025-05-01,Sales,23,0,0
EMP-0375,2025-06-01,Sales,22,1,1
EMP-0375,2025-07-01,Sales,23,0,0
EMP-0375,2025-08-01,Sales,23,1,1
EMP-0375,2025-09-01,Sales,21,1,2
EMP-0376,2025-07-01,IT & Data,20,1,0
EMP-0376,2025-08-01,IT & Data,20,0,1
EMP-0376,2025-09-01,IT & Data,21,0,0
EMP-0376,2025-10-01,IT & Data,22,0,0
EMP-0376,2025-11-01,IT & Data,21,0,0
EMP-0376,2025-12-01,IT & Data,23,0,2
EMP-0377,2024-01-01,Operations,23,1,1
EMP-0377,2024-02-01,Operations,20,2,0
EMP-0377,2024-03-01,Operations,20,0,0
EMP-0377,2024-04-01,Operations,22,0,3
EMP-0377,2024-05-01,Operations,20,0,3
EMP-0377,2024-06-01,Operations,21,1,2
EMP-0377,2024-07-01,Operations,20,1,1
EMP-0377,2024-08-01,Operations,22,1,2
EMP-0377,2024-09-01,Operations,21,0,1
EMP-0377,2024-10-01,Operations,20,1,0
EMP-0377,2024-11-01,Operations,21,0,0
EMP-0377,2024-12-01,Operations,22,1,0
EMP-0377,2025-01-01,Operations,23,0,0
EMP-0377,2025-02-01,Operations,22,0,1
EMP-0377,2025-03-01,Operations,22,0,3
EMP-0377,2025-04-01,Operations,22,1,0
EMP-0377,2025-05-01,Operations,20,0,1
EMP-0377,2025-06-01,Operations,21,1,0
EMP-0377,2025-07-01,Operations,21,0,1
EMP-0377,2025-08-01,Operations,21,1,1
EMP-0377,2025-09-01,Operations,21,0,0
EMP-0377,2025-10-01,Operations,22,1,0
EMP-0377,2025-11-01,Operations,20,1,1
EMP-0377,2025-12-01,Operations,21,0,1
EMP-0378,2025-11-01,Sales,21,0,1
EMP-0378,2025-12-01,Sales,20,0,1
EMP-0379,2025-07-01,Marketing,23,1,3
EMP-0379,2025-08-01,Marketing,22,1,3
EMP-0379,2025-09-01,Marketing,22,0,2
EMP-0379,2025-10-01,Marketing,21,2,1
EMP-0379,2025-11-01,Marketing,21,2,0
EMP-0379,2025-12-01,Marketing,20,0,0
EMP-0380,2024-10-01,Operations,22,1,4
EMP-0380,2024-11-01,Operations,22,0,3
EMP-0380,2024-12-01,Operations,21,0,0
EMP-0380,2025-01-01,Operations,22,1,0
EMP-0380,2025-02-01,Operations,23,2,1
EMP-0380,2025-03-01,Operations,23,1,2
EMP-0380,2025-04-01,Operations,22,2,2
EMP-0380,2025-05-01,Operations,23,0,1
EMP-0380,2025-06-01,Operations,23,0,0
EMP-0380,2025-07-01,Operations,21,2,1
EMP-0380,2025-08-01,Operations,22,0,0
EMP-0380,2025-09-01,Operations,22,0,2
EMP-0380,2025-10-01,Operations,22,2,0
EMP-0380,2025-11-01,Operations,22,0,1
EMP-0380,2025-12-01,Operations,22,1,0
EMP-0381,2024-03-01,Customer Service,22,0,0
EMP-0381,2024-04-01,Customer Service,23,1,1
EMP-0381,2024-05-01,Customer Service,22,1,0
EMP-0381,2024-06-01,Customer Service,22,0,0
EMP-0381,2024-07-01,Customer Service,22,0,2
EMP-0381,2024-08-01,Customer Service,23,1,0
EMP-0381,2024-09-01,Customer Service,23,2,1
EMP-0381,2024-10-01,Customer Service,22,1,0
EMP-0381,2024-11-01,Customer Service,21,0,0
EMP-0381,2024-12-01,Customer Service,20,0,0
EMP-0381,2025-01-01,Customer Service,23,1,1
EMP-0381,2025-02-01,Customer Service,21,0,1
EMP-0381,2025-03-01,Customer Service,23,2,2
EMP-0381,2025-04-01,Customer Service,21,0,2
EMP-0381,2025-05-01,Customer Service,23,1,1
EMP-0381,2025-06-01,Customer Service,21,0,0
EMP-0381,2025-07-01,Customer Service,22,0,0
EMP-0381,2025-08-01,Customer Service,23,0,2
EMP-0381,2025-09-01,Customer Service,20,0,2
EMP-0381,2025-10-01,Customer Service,20,1,1
EMP-0381,2025-11-01,Customer Service,23,0,1
EMP-0381,2025-12-01,Customer Service,23,1,1
EMP-0382,2025-01-01,IT & Data,20,1,4
EMP-0382,2025-02-01,IT & Data,22,0,1
EMP-0382,2025-03-01,IT & Data,20,2,1
EMP-0382,2025-04-01,IT & Data,20,1,0
EMP-0382,2025-05-01,IT & Data,20,1,1
EMP-0382,2025-06-01,IT & Data,21,0,1
EMP-0382,2025-07-01,IT & Data,20,1,3
EMP-0382,2025-08-01,IT & Data,20,0,1
EMP-0382,2025-09-01,IT & Data,22,0,1
EMP-0382,2025-10-01,IT & Data,22,0,0
EMP-0382,2025-11-01,IT & Data,20,0,0
EMP-0382,2025-12-01,IT & Data,22,2,2
EMP-0383,2024-01-01,Operations,20,0,1
EMP-0383,2024-02-01,Operations,20,1,1
EMP-0383,2024-03-01,Operations,23,1,2
EMP-0383,2024-04-01,Operations,21,0,2
EMP-0383,2024-05-01,Operations,21,0,0
EMP-0383,2024-06-01,Operations,20,1,2
EMP-0383,2024-07-01,Operations,20,1,0
EMP-0383,2024-08-01,Operations,23,1,0
EMP-0383,2024-09-01,Operations,20,0,4
EMP-0383,2024-10-01,Operations,23,0,0
EMP-0383,2024-11-01,Operations,21,0,1
EMP-0383,2024-12-01,Operations,20,0,0
EMP-0383,2025-01-01,Operations,20,1,3
EMP-0383,2025-02-01,Operations,23,0,2
EMP-0383,2025-03-01,Operations,20,1,0
EMP-0383,2025-04-01,Operations,23,1,2
EMP-0383,2025-05-01,Operations,21,1,3
EMP-0383,2025-06-01,Operations,21,1,3
EMP-0383,2025-07-01,Operations,22,0,0
EMP-0383,2025-08-01,Operations,23,1,2
EMP-0384,2024-07-01,Sales,22,2,0
EMP-0384,2024-08-01,Sales,20,1,1
EMP-0384,2024-09-01,Sales,20,1,1
EMP-0384,2024-10-01,Sales,21,1,0
EMP-0384,2024-11-01,Sales,22,0,1
EMP-0384,2024-12-01,Sales,22,0,0
EMP-0384,2025-01-01,Sales,20,0,0
EMP-0384,2025-02-01,Sales,20,0,1
EMP-0385,2025-04-01,Marketing,23,1,0
EMP-0385,2025-05-01,Marketing,21,0,2
EMP-0385,2025-06-01,Marketing,21,1,2
EMP-0385,2025-07-01,Marketing,22,0,1
EMP-0385,2025-08-01,Marketing,23,0,0
EMP-0385,2025-09-01,Marketing,22,2,0
EMP-0385,2025-10-01,Marketing,23,0,1
EMP-0385,2025-11-01,Marketing,23,0,3
EMP-0385,2025-12-01,Marketing,20,0,0
EMP-0386,2025-01-01,Marketing,23,1,0
EMP-0386,2025-02-01,Marketing,23,1,1
EMP-0386,2025-03-01,Marketing,23,1,0
EMP-0386,2025-04-01,Marketing,22,0,2
EMP-0386,2025-05-01,Marketing,21,2,2
EMP-0386,2025-06-01,Marketing,20,1,2
EMP-0386,2025-07-01,Marketing,21,2,0
EMP-0386,2025-08-01,Marketing,23,0,0
EMP-0386,2025-09-01,Marketing,21,0,0
EMP-0386,2025-10-01,Marketing,22,1,2
EMP-0386,2025-11-01,Marketing,20,0,1
EMP-0386,2025-12-01,Marketing,22,1,1
EMP-0387,2025-08-01,Operations,20,0,0
EMP-0387,2025-09-01,Operations,23,1,1
EMP-0387,2025-10-01,Operations,21,1,1
EMP-0387,2025-11-01,Operations,22,1,0
EMP-0387,2025-12-01,Operations,22,0,2
EMP-0388,2025-10-01,Sales,23,2,2
EMP-0388,2025-11-01,Sales,23,0,0
EMP-0388,2025-12-01,Sales,22,1,0
EMP-0389,2025-11-01,Operations,22,3,3
EMP-0389,2025-12-01,Operations,21,3,0
EMP-0390,2025-10-01,Operations,21,0,1
EMP-0390,2025-11-01,Operations,20,0,1
EMP-0390,2025-12-01,Operations,20,0,1
EMP-0391,2024-07-01,Marketing,23,0,1
EMP-0391,2024-08-01,Marketing,23,0,1
EMP-0391,2024-09-01,Marketing,23,0,1
EMP-0391,2024-10-01,Marketing,21,2,1
EMP-0391,2024-11-01,Marketing,20,2,2
EMP-0391,2024-12-01,Marketing,20,1,1
EMP-0391,2025-01-01,Marketing,20,1,3
EMP-0391,2025-02-01,Marketing,23,0,0
EMP-0391,2025-03-01,Marketing,21,2,1
EMP-0391,2025-04-01,Marketing,20,2,1
EMP-0391,2025-05-01,Marketing,21,0,1
EMP-0391,2025-06-01,Marketing,23,0,2
EMP-0391,2025-07-01,Marketing,21,0,1
EMP-0391,2025-08-01,Marketing,22,0,0
EMP-0391,2025-09-01,Marketing,20,0,1
EMP-0391,2025-10-01,Marketing,22,1,1
EMP-0391,2025-11-01,Marketing,20,0,2
EMP-0391,2025-12-01,Marketing,20,0,0
EMP-0392,2025-08-01,Sales,23,1,1
EMP-0392,2025-09-01,Sales,22,1,2
EMP-0392,2025-10-01,Sales,23,0,0
EMP-0392,2025-11-01,Sales,20,0,2
EMP-0392,2025-12-01,Sales,23,0,0
EMP-0393,2025-01-01,Finance,21,3,0
EMP-0393,2025-02-01,Finance,21,1,1
EMP-0393,2025-03-01,Finance,22,1,1
EMP-0393,2025-04-01,Finance,20,3,0
EMP-0393,2025-05-01,Finance,23,2,1
EMP-0393,2025-06-01,Finance,21,1,5
EMP-0393,2025-07-01,Finance,23,0,3
EMP-0393,2025-08-01,Finance,22,1,1
EMP-0393,2025-09-01,Finance,21,0,1
EMP-0393,2025-10-01,Finance,22,2,2
EMP-0393,2025-11-01,Finance,20,1,3
EMP-0393,2025-12-01,Finance,21,1,2
EMP-0394,2024-12-01,IT & Data,20,0,0
EMP-0394,2025-01-01,IT & Data,23,1,1
EMP-0394,2025-02-01,IT & Data,22,1,0
EMP-0394,2025-03-01,IT & Data,21,1,0
EMP-0394,2025-04-01,IT & Data,23,1,0
EMP-0394,2025-05-01,IT & Data,22,0,1
EMP-0394,2025-06-01,IT & Data,21,0,2
EMP-0394,2025-07-01,IT & Data,20,0,2
EMP-0394,2025-08-01,IT & Data,20,0,1
EMP-0394,2025-09-01,IT & Data,23,1,1
EMP-0394,2025-10-01,IT & Data,23,1,2
EMP-0394,2025-11-01,IT & Data,21,0,1
EMP-0394,2025-12-01,IT & Data,20,0,0
EMP-0395,2024-11-01,Marketing,23,2,0
EMP-0395,2024-12-01,Marketing,22,0,0
EMP-0395,2025-01-01,Marketing,20,0,1
EMP-0395,2025-02-01,Marketing,20,0,0
EMP-0395,2025-03-01,Marketing,23,0,0
EMP-0395,2025-04-01,Marketing,23,0,0
EMP-0395,2025-05-01,Marketing,20,0,0
EMP-0395,2025-06-01,Marketing,21,0,0
EMP-0395,2025-07-01,Marketing,21,1,3
EMP-0395,2025-08-01,Marketing,22,0,0
EMP-0395,2025-09-01,Marketing,22,0,0
EMP-0395,2025-10-01,Marketing,23,0,0
EMP-0395,2025-11-01,Marketing,23,1,0
EMP-0395,2025-12-01,Marketing,23,0,0
EMP-0396,2025-01-01,Finance,23,2,0
EMP-0396,2025-02-01,Finance,23,0,0
EMP-0396,2025-03-01,Finance,22,0,1
EMP-0396,2025-04-01,Finance,23,0,2
EMP-0396,2025-05-01,Finance,20,0,0
EMP-0396,2025-06-01,Finance,20,1,1
EMP-0396,2025-07-01,Finance,21,0,3
EMP-0396,2025-08-01,Finance,23,0,2
EMP-0396,2025-09-01,Finance,23,1,1
EMP-0396,2025-10-01,Finance,22,0,3
EMP-0396,2025-11-01,Finance,20,1,1
EMP-0396,2025-12-01,Finance,23,0,0
EMP-0397,2024-05-01,Operations,22,2,0
EMP-0397,2024-06-01,Operations,20,2,1
EMP-0397,2024-07-01,Operations,20,2,3
EMP-0397,2024-08-01,Operations,23,0,0
EMP-0397,2024-09-01,Operations,23,1,2
EMP-0397,2024-10-01,Operations,20,0,0
EMP-0397,2024-11-01,Operations,20,1,1
EMP-0397,2024-12-01,Operations,21,0,2
EMP-0397,2025-01-01,Operations,20,0,0
EMP-0397,2025-02-01,Operations,20,0,0
EMP-0397,2025-03-01,Operations,20,0,1
EMP-0397,2025-04-01,Operations,22,0,1
EMP-0397,2025-05-01,Operations,20,0,1
EMP-0397,2025-06-01,Operations,21,0,0
EMP-0397,2025-07-01,Operations,23,0,3
EMP-0397,2025-08-01,Operations,20,1,0
EMP-0397,2025-09-01,Operations,20,0,1
EMP-0397,2025-10-01,Operations,23,0,0
EMP-0397,2025-11-01,Operations,23,0,1
EMP-0397,2025-12-01,Operations,21,0,0
EMP-0398,2024-11-01,Sales,23,0,0
EMP-0398,2024-12-01,Sales,21,1,0
EMP-0398,2025-01-01,Sales,21,1,0
EMP-0398,2025-02-01,Sales,22,0,0
EMP-0398,2025-03-01,Sales,22,0,2
EMP-0398,2025-04-01,Sales,23,0,1
EMP-0398,2025-05-01,Sales,20,0,0
EMP-0398,2025-06-01,Sales,22,0,0
EMP-0398,2025-07-01,Sales,23,0,0
EMP-0399,2024-07-01,Sales,22,0,1
EMP-0399,2024-08-01,Sales,20,0,0
EMP-0399,2024-09-01,Sales,20,0,1
EMP-0399,2024-10-01,Sales,21,0,1
EMP-0399,2024-11-01,Sales,21,1,0
EMP-0399,2024-12-01,Sales,20,0,2
EMP-0399,2025-01-01,Sales,22,0,2
EMP-0399,2025-02-01,Sales,20,0,0
EMP-0399,2025-03-01,Sales,20,0,0
EMP-0399,2025-04-01,Sales,22,0,2
EMP-0399,2025-05-01,Sales,22,0,0
EMP-0399,2025-06-01,Sales,22,0,4
EMP-0399,2025-07-01,Sales,23,1,1
EMP-0399,2025-08-01,Sales,23,0,0
EMP-0399,2025-09-01,Sales,21,2,0
EMP-0399,2025-10-01,Sales,22,0,0
EMP-0399,2025-11-01,Sales,21,0,1
EMP-0399,2025-12-01,Sales,21,1,0
EMP-0400,2024-10-01,Human Resources,20,0,1
EMP-0400,2024-11-01,Human Resources,23,0,3
EMP-0400,2024-12-01,Human Resources,22,0,0
EMP-0400,2025-01-01,Human Resources,21,2,2
EMP-0400,2025-02-01,Human Resources,20,0,2
EMP-0400,2025-03-01,Human Resources,23,0,1
EMP-0400,2025-04-01,Human Resources,23,0,2
EMP-0400,2025-05-01,Human Resources,20,1,2
EMP-0400,2025-06-01,Human Resources,21,0,2
EMP-0400,2025-07-01,Human Resources,23,0,0
EMP-0400,2025-08-01,Human Resources,21,1,0
EMP-0400,2025-09-01,Human Resources,20,0,0
EMP-0400,2025-10-01,Human Resources,21,0,2
EMP-0400,2025-11-01,Human Resources,22,0,2
EMP-0400,2025-12-01,Human Resources,22,1,1
EMP-0401,2024-08-01,Operations,20,1,1
EMP-0401,2024-09-01,Operations,21,1,1
EMP-0401,2024-10-01,Operations,22,1,0
EMP-0401,2024-11-01,Operations,22,0,1
EMP-0401,2024-12-01,Operations,22,1,0
EMP-0401,2025-01-01,Operations,23,1,1
EMP-0401,2025-02-01,Operations,23,1,0
EMP-0401,2025-03-01,Operations,20,0,1
EMP-0401,2025-04-01,Operations,20,0,0
EMP-0401,2025-05-01,Operations,22,0,0
EMP-0401,2025-06-01,Operations,21,0,0
EMP-0401,2025-07-01,Operations,21,0,0
EMP-0401,2025-08-01,Operations,20,0,2
EMP-0401,2025-09-01,Operations,22,0,3
EMP-0401,2025-10-01,Operations,20,2,2
EMP-0401,2025-11-01,Operations,20,0,1
EMP-0401,2025-12-01,Operations,23,0,1
EMP-0402,2024-10-01,Operations,23,1,0
EMP-0402,2024-11-01,Operations,21,2,0
EMP-0402,2024-12-01,Operations,23,1,3
EMP-0402,2025-01-01,Operations,21,0,0
EMP-0402,2025-02-01,Operations,22,2,0
EMP-0402,2025-03-01,Operations,20,0,0
EMP-0402,2025-04-01,Operations,22,0,0
EMP-0402,2025-05-01,Operations,23,0,0
EMP-0402,2025-06-01,Operations,23,0,0
EMP-0402,2025-07-01,Operations,23,0,0
EMP-0402,2025-08-01,Operations,21,1,1
EMP-0402,2025-09-01,Operations,20,0,2
EMP-0402,2025-10-01,Operations,21,0,0
EMP-0402,2025-11-01,Operations,20,0,2
EMP-0402,2025-12-01,Operations,23,0,1
EMP-0403,2025-09-01,Marketing,23,0,0
EMP-0403,2025-10-01,Marketing,23,1,2
EMP-0403,2025-11-01,Marketing,22,1,3
EMP-0403,2025-12-01,Marketing,21,0,0
EMP-0404,2024-09-01,IT & Data,20,0,3
EMP-0404,2024-10-01,IT & Data,20,1,2
EMP-0404,2024-11-01,IT & Data,21,1,1
EMP-0404,2024-12-01,IT & Data,22,1,1
EMP-0404,2025-01-01,IT & Data,20,1,1
EMP-0404,2025-02-01,IT & Data,23,1,4
EMP-0404,2025-03-01,IT & Data,21,0,0
EMP-0404,2025-04-01,IT & Data,21,0,1
EMP-0404,2025-05-01,IT & Data,21,1,0
EMP-0404,2025-06-01,IT & Data,20,1,2
EMP-0404,2025-07-01,IT & Data,20,0,0
EMP-0404,2025-08-01,IT & Data,23,0,0
EMP-0404,2025-09-01,IT & Data,20,1,0
EMP-0404,2025-10-01,IT & Data,22,1,0
EMP-0404,2025-11-01,IT & Data,22,0,0
EMP-0404,2025-12-01,IT & Data,22,0,0
EMP-0405,2025-06-01,Operations,21,1,1
EMP-0405,2025-07-01,Operations,23,1,1
EMP-0405,2025-08-01,Operations,21,0,1
EMP-0405,2025-09-01,Operations,20,2,1
EMP-0405,2025-10-01,Operations,20,0,0
EMP-0405,2025-11-01,Operations,23,1,2
EMP-0405,2025-12-01,Operations,22,0,0
EMP-0406,2025-06-01,Sales,23,0,2
EMP-0406,2025-07-01,Sales,20,0,0
EMP-0406,2025-08-01,Sales,22,0,2
EMP-0406,2025-09-01,Sales,22,1,2
EMP-0406,2025-10-01,Sales,20,0,2
EMP-0406,2025-11-01,Sales,20,0,1
EMP-0406,2025-12-01,Sales,21,1,1
EMP-0407,2024-02-01,Sales,22,0,1
EMP-0407,2024-03-01,Sales,22,0,0
EMP-0407,2024-04-01,Sales,22,0,1
EMP-0407,2024-05-01,Sales,20,0,2
EMP-0407,2024-06-01,Sales,22,0,0
EMP-0407,2024-07-01,Sales,22,1,0
EMP-0407,2024-08-01,Sales,23,0,4
EMP-0407,2024-09-01,Sales,20,1,0
EMP-0407,2024-10-01,Sales,22,1,0
EMP-0407,2024-11-01,Sales,21,1,1
EMP-0407,2024-12-01,Sales,21,1,0
EMP-0407,2025-01-01,Sales,21,2,0
EMP-0407,2025-02-01,Sales,22,0,1
EMP-0407,2025-03-01,Sales,22,0,2
EMP-0408,2024-02-01,Human Resources,22,0,2
EMP-0408,2024-03-01,Human Resources,22,1,1
EMP-0408,2024-04-01,Human Resources,20,0,1
EMP-0408,2024-05-01,Human Resources,22,0,2
EMP-0408,2024-06-01,Human Resources,20,1,0
EMP-0408,2024-07-01,Human Resources,22,0,2
EMP-0408,2024-08-01,Human Resources,20,0,0
EMP-0408,2024-09-01,Human Resources,20,0,1
EMP-0408,2024-10-01,Human Resources,20,1,2
EMP-0408,2024-11-01,Human Resources,21,0,3
EMP-0408,2024-12-01,Human Resources,21,1,0
EMP-0408,2025-01-01,Human Resources,21,0,0
EMP-0408,2025-02-01,Human Resources,20,0,0
EMP-0408,2025-03-01,Human Resources,23,0,2
EMP-0408,2025-04-01,Human Resources,22,0,0
EMP-0408,2025-05-01,Human Resources,22,1,0
EMP-0408,2025-06-01,Human Resources,23,1,1
EMP-0408,2025-07-01,Human Resources,22,0,0
EMP-0408,2025-08-01,Human Resources,20,0,1
EMP-0408,2025-09-01,Human Resources,21,2,0
EMP-0408,2025-10-01,Human Resources,23,1,0
EMP-0408,2025-11-01,Human Resources,23,1,1
EMP-0408,2025-12-01,Human Resources,21,1,0
EMP-0409,2025-08-01,Human Resources,23,0,0
EMP-0409,2025-09-01,Human Resources,22,1,1
EMP-0409,2025-10-01,Human Resources,20,1,0
EMP-0409,2025-11-01,Human Resources,20,0,2
EMP-0409,2025-12-01,Human Resources,23,1,1
EMP-0410,2025-03-01,Sales,22,1,0
EMP-0410,2025-04-01,Sales,21,0,1
EMP-0410,2025-05-01,Sales,22,0,1
EMP-0410,2025-06-01,Sales,23,1,0
EMP-0410,2025-07-01,Sales,21,0,1
EMP-0410,2025-08-01,Sales,20,1,1
EMP-0411,2025-06-01,Finance,21,0,3
EMP-0411,2025-07-01,Finance,23,0,0
EMP-0411,2025-08-01,Finance,22,1,2
EMP-0411,2025-09-01,Finance,21,0,2
EMP-0411,2025-10-01,Finance,20,0,1
EMP-0411,2025-11-01,Finance,23,0,1
EMP-0411,2025-12-01,Finance,23,0,1
EMP-0412,2025-11-01,Operations,23,1,2
EMP-0412,2025-12-01,Operations,20,0,4
EMP-0413,2025-07-01,Operations,20,1,1
EMP-0413,2025-08-01,Operations,21,2,0
EMP-0413,2025-09-01,Operations,22,1,2
EMP-0413,2025-10-01,Operations,20,2,0
EMP-0413,2025-11-01,Operations,22,0,1
EMP-0413,2025-12-01,Operations,23,1,3
EMP-0414,2024-09-01,Marketing,21,4,0
EMP-0414,2024-10-01,Marketing,21,2,0
EMP-0414,2024-11-01,Marketing,22,3,1
EMP-0414,2024-12-01,Marketing,21,2,0
EMP-0414,2025-01-01,Marketing,23,1,1
EMP-0414,2025-02-01,Marketing,22,4,2
EMP-0414,2025-03-01,Marketing,22,2,0
EMP-0414,2025-04-01,Marketing,23,1,3
EMP-0414,2025-05-01,Marketing,20,0,1
EMP-0414,2025-06-01,Marketing,23,1,0
EMP-0414,2025-07-01,Marketing,23,1,1
EMP-0414,2025-08-01,Marketing,21,1,1
EMP-0414,2025-09-01,Marketing,22,1,1
EMP-0414,2025-10-01,Marketing,23,3,1
EMP-0414,2025-11-01,Marketing,20,1,0
EMP-0414,2025-12-01,Marketing,20,1,1
EMP-0415,2025-02-01,Marketing,20,0,0
EMP-0415,2025-03-01,Marketing,22,1,0
EMP-0415,2025-04-01,Marketing,20,0,0
EMP-0415,2025-05-01,Marketing,20,1,0
EMP-0415,2025-06-01,Marketing,21,0,1
EMP-0415,2025-07-01,Marketing,21,0,0
EMP-0415,2025-08-01,Marketing,23,1,0
EMP-0415,2025-09-01,Marketing,22,0,1
EMP-0415,2025-10-01,Marketing,22,2,2
EMP-0415,2025-11-01,Marketing,22,0,1
EMP-0415,2025-12-01,Marketing,23,1,0
EMP-0416,2025-08-01,Sales,21,0,1
EMP-0416,2025-09-01,Sales,23,0,0
EMP-0416,2025-10-01,Sales,20,1,0
EMP-0416,2025-11-01,Sales,20,0,1
EMP-0416,2025-12-01,Sales,22,0,0
EMP-0417,2024-04-01,Customer Service,20,0,0
EMP-0417,2024-05-01,Customer Service,22,2,3
EMP-0417,2024-06-01,Customer Service,20,2,1
EMP-0417,2024-07-01,Customer Service,23,2,0
EMP-0417,2024-08-01,Customer Service,22,2,1
EMP-0417,2024-09-01,Customer Service,23,2,0
EMP-0417,2024-10-01,Customer Service,20,2,1
EMP-0417,2024-11-01,Customer Service,21,3,0
EMP-0417,2024-12-01,Customer Service,21,2,0
EMP-0417,2025-01-01,Customer Service,20,2,0
EMP-0417,2025-02-01,Customer Service,21,0,2
EMP-0417,2025-03-01,Customer Service,23,3,0
EMP-0417,2025-04-01,Customer Service,20,3,0
EMP-0417,2025-05-01,Customer Service,20,3,0
EMP-0417,2025-06-01,Customer Service,21,2,1
EMP-0417,2025-07-01,Customer Service,21,1,1
EMP-0417,2025-08-01,Customer Service,23,2,1
EMP-0417,2025-09-01,Customer Service,20,2,0
EMP-0417,2025-10-01,Customer Service,21,0,0
EMP-0418,2024-03-01,Customer Service,21,0,2
EMP-0418,2024-04-01,Customer Service,23,1,1
EMP-0418,2024-05-01,Customer Service,22,0,1
EMP-0418,2024-06-01,Customer Service,23,0,0
EMP-0418,2024-07-01,Customer Service,20,1,4
EMP-0418,2024-08-01,Customer Service,23,0,1
EMP-0418,2024-09-01,Customer Service,21,0,3
EMP-0418,2024-10-01,Customer Service,20,2,2
EMP-0418,2024-11-01,Customer Service,22,0,0
EMP-0418,2024-12-01,Customer Service,23,0,2
EMP-0418,2025-01-01,Customer Service,22,0,0
EMP-0418,2025-02-01,Customer Service,23,0,2
EMP-0418,2025-03-01,Customer Service,22,1,1
EMP-0418,2025-04-01,Customer Service,20,2,0
EMP-0418,2025-05-01,Customer Service,21,2,0
EMP-0418,2025-06-01,Customer Service,22,0,0
EMP-0418,2025-07-01,Customer Service,23,0,4
EMP-0418,2025-08-01,Customer Service,20,1,0
EMP-0418,2025-09-01,Customer Service,22,1,1
EMP-0418,2025-10-01,Customer Service,23,0,3
EMP-0418,2025-11-01,Customer Service,20,0,0
EMP-0418,2025-12-01,Customer Service,23,1,0
EMP-0419,2024-10-01,Operations,23,2,1
EMP-0419,2024-11-01,Operations,23,2,1
EMP-0419,2024-12-01,Operations,21,3,2
EMP-0419,2025-01-01,Operations,21,1,3
EMP-0419,2025-02-01,Operations,22,3,1
EMP-0419,2025-03-01,Operations,23,2,0
EMP-0419,2025-04-01,Operations,21,2,2
EMP-0419,2025-05-01,Operations,21,2,0
EMP-0419,2025-06-01,Operations,23,2,1
EMP-0419,2025-07-01,Operations,23,1,1
EMP-0419,2025-08-01,Operations,23,1,0
EMP-0419,2025-09-01,Operations,23,2,1
EMP-0419,2025-10-01,Operations,23,2,0
EMP-0420,2024-02-01,Operations,23,4,2
EMP-0420,2024-03-01,Operations,22,0,1
EMP-0420,2024-04-01,Operations,20,1,0
EMP-0420,2024-05-01,Operations,22,1,2
EMP-0420,2024-06-01,Operations,22,0,2
EMP-0420,2024-07-01,Operations,21,0,2
EMP-0420,2024-08-01,Operations,22,0,0
EMP-0420,2024-09-01,Operations,22,1,0
EMP-0420,2024-10-01,Operations,21,2,3
EMP-0420,2024-11-01,Operations,23,1,2
EMP-0420,2024-12-01,Operations,21,0,4
EMP-0420,2025-01-01,Operations,20,0,0
EMP-0420,2025-02-01,Operations,20,1,1
EMP-0420,2025-03-01,Operations,21,0,0
EMP-0420,2025-04-01,Operations,20,0,0
EMP-0420,2025-05-01,Operations,22,0,1
EMP-0420,2025-06-01,Operations,22,0,1
EMP-0420,2025-07-01,Operations,21,0,0
EMP-0420,2025-08-01,Operations,20,0,0
EMP-0420,2025-09-01,Operations,21,0,2
EMP-0420,2025-10-01,Operations,23,0,0
EMP-0420,2025-11-01,Operations,22,0,0
EMP-0420,2025-12-01,Operations,21,0,3
EMP-0421,2025-11-01,Marketing,22,1,3
EMP-0421,2025-12-01,Marketing,20,0,3
EMP-0422,2025-10-01,Sales,20,1,2
EMP-0422,2025-11-01,Sales,22,2,0
EMP-0422,2025-12-01,Sales,20,1,2
EMP-0423,2025-07-01,Sales,22,0,0
EMP-0423,2025-08-01,Sales,22,0,0
EMP-0423,2025-09-01,Sales,21,0,0
EMP-0423,2025-10-01,Sales,20,0,0
EMP-0423,2025-11-01,Sales,21,0,0
EMP-0423,2025-12-01,Sales,23,0,0
EMP-0424,2024-04-01,IT & Data,23,1,0
EMP-0424,2024-05-01,IT & Data,22,0,0
EMP-0424,2024-06-01,IT & Data,23,2,0
EMP-0424,2024-07-01,IT & Data,22,0,1
EMP-0424,2024-08-01,IT & Data,20,0,3
EMP-0424,2024-09-01,IT & Data,20,0,2
EMP-0424,2024-10-01,IT & Data,20,1,1
EMP-0424,2024-11-01,IT & Data,22,0,0
EMP-0424,2024-12-01,IT & Data,20,0,3
EMP-0424,2025-01-01,IT & Data,21,1,1
EMP-0424,2025-02-01,IT & Data,23,0,1
EMP-0424,2025-03-01,IT & Data,21,0,0
EMP-0424,2025-04-01,IT & Data,22,0,0
EMP-0424,2025-05-01,IT & Data,21,0,0
EMP-0424,2025-06-01,IT & Data,22,0,1
EMP-0424,2025-07-01,IT & Data,22,0,1
EMP-0424,2025-08-01,IT & Data,21,1,1
EMP-0424,2025-09-01,IT & Data,22,1,0
EMP-0424,2025-10-01,IT & Data,23,2,1
EMP-0424,2025-11-01,IT & Data,23,1,0
EMP-0424,2025-12-01,IT & Data,22,0,1
EMP-0425,2025-07-01,Customer Service,23,0,0
EMP-0425,2025-08-01,Customer Service,22,0,1
EMP-0425,2025-09-01,Customer Service,21,0,3
EMP-0425,2025-10-01,Customer Service,23,1,2
EMP-0425,2025-11-01,Customer Service,22,0,1
EMP-0425,2025-12-01,Customer Service,22,0,3
EMP-0426,2024-05-01,Operations,20,2,1
EMP-0426,2024-06-01,Operations,21,0,1
EMP-0426,2024-07-01,Operations,23,0,0
EMP-0426,2024-08-01,Operations,21,1,0
EMP-0426,2024-09-01,Operations,22,3,1
EMP-0426,2024-10-01,Operations,23,0,0
EMP-0426,2024-11-01,Operations,23,0,2
EMP-0426,2024-12-01,Operations,20,0,0
EMP-0426,2025-01-01,Operations,22,0,0
EMP-0426,2025-02-01,Operations,22,0,0
EMP-0426,2025-03-01,Operations,20,0,0
EMP-0426,2025-04-01,Operations,23,1,0
EMP-0426,2025-05-01,Operations,22,0,2
EMP-0426,2025-06-01,Operations,21,0,1
EMP-0426,2025-07-01,Operations,23,1,2
EMP-0426,2025-08-01,Operations,23,3,2
EMP-0426,2025-09-01,Operations,23,0,2
EMP-0426,2025-10-01,Operations,22,0,0
EMP-0426,2025-11-01,Operations,21,0,0
EMP-0426,2025-12-01,Operations,20,0,0
EMP-0427,2025-02-01,Operations,23,0,0
EMP-0427,2025-03-01,Operations,22,1,0
EMP-0427,2025-04-01,Operations,21,2,1
EMP-0427,2025-05-01,Operations,22,0,0
EMP-0427,2025-06-01,Operations,20,0,1
EMP-0427,2025-07-01,Operations,20,0,2
EMP-0427,2025-08-01,Operations,20,0,0
EMP-0427,2025-09-01,Operations,20,1,2
EMP-0427,2025-10-01,Operations,20,0,1
EMP-0427,2025-11-01,Operations,23,0,1
EMP-0427,2025-12-01,Operations,22,0,0
EMP-0428,2025-11-01,IT & Data,20,1,1
EMP-0428,2025-12-01,IT & Data,21,3,1
EMP-0429,2025-07-01,Finance,20,0,1
EMP-0429,2025-08-01,Finance,21,0,1
EMP-0429,2025-09-01,Finance,20,1,0
EMP-0429,2025-10-01,Finance,23,0,2
EMP-0429,2025-11-01,Finance,22,0,0
EMP-0429,2025-12-01,Finance,20,0,0
EMP-0430,2024-11-01,Sales,23,0,2
EMP-0430,2024-12-01,Sales,22,1,1
EMP-0430,2025-01-01,Sales,21,1,2
EMP-0430,2025-02-01,Sales,23,0,0
EMP-0430,2025-03-01,Sales,22,2,0
EMP-0430,2025-04-01,Sales,20,0,2
EMP-0430,2025-05-01,Sales,20,0,0
EMP-0431,2024-01-01,IT & Data,22,1,0
EMP-0431,2024-02-01,IT & Data,21,1,1
EMP-0431,2024-03-01,IT & Data,23,1,1
EMP-0431,2024-04-01,IT & Data,20,0,0
EMP-0431,2024-05-01,IT & Data,22,1,0
EMP-0431,2024-06-01,IT & Data,23,0,1
EMP-0431,2024-07-01,IT & Data,20,0,0
EMP-0431,2024-08-01,IT & Data,20,0,0
EMP-0431,2024-09-01,IT & Data,22,0,3
EMP-0431,2024-10-01,IT & Data,20,0,0
EMP-0431,2024-11-01,IT & Data,22,1,3
EMP-0431,2024-12-01,IT & Data,21,0,0
EMP-0431,2025-01-01,IT & Data,23,0,1
EMP-0431,2025-02-01,IT & Data,23,0,0
EMP-0431,2025-03-01,IT & Data,23,1,3
EMP-0431,2025-04-01,IT & Data,22,0,1
EMP-0431,2025-05-01,IT & Data,20,0,0
EMP-0431,2025-06-01,IT & Data,23,1,0
EMP-0431,2025-07-01,IT & Data,21,1,1
EMP-0431,2025-08-01,IT & Data,23,0,2
EMP-0431,2025-09-01,IT & Data,23,0,4
EMP-0431,2025-10-01,IT & Data,22,0,0
EMP-0431,2025-11-01,IT & Data,21,1,3
EMP-0431,2025-12-01,IT & Data,23,2,0
EMP-0432,2024-09-01,IT & Data,22,0,0
EMP-0432,2024-10-01,IT & Data,20,1,0
EMP-0432,2024-11-01,IT & Data,22,0,0
EMP-0432,2024-12-01,IT & Data,21,1,2
EMP-0432,2025-01-01,IT & Data,22,2,2
EMP-0432,2025-02-01,IT & Data,23,0,2
EMP-0432,2025-03-01,IT & Data,21,0,1
EMP-0432,2025-04-01,IT & Data,22,0,1
EMP-0432,2025-05-01,IT & Data,23,3,1
EMP-0432,2025-06-01,IT & Data,23,2,2
EMP-0432,2025-07-01,IT & Data,20,1,0
EMP-0432,2025-08-01,IT & Data,23,1,0
EMP-0432,2025-09-01,IT & Data,23,1,0
EMP-0432,2025-10-01,IT & Data,21,0,1
EMP-0432,2025-11-01,IT & Data,23,1,2
EMP-0432,2025-12-01,IT & Data,21,0,1
EMP-0433,2024-12-01,Marketing,21,0,1
EMP-0433,2025-01-01,Marketing,23,1,0
EMP-0433,2025-02-01,Marketing,23,0,0
EMP-0433,2025-03-01,Marketing,21,0,0
EMP-0433,2025-04-01,Marketing,22,1,0
EMP-0434,2024-01-01,Customer Service,20,1,1
EMP-0434,2024-02-01,Customer Service,23,0,1
EMP-0434,2024-03-01,Customer Service,20,0,2
EMP-0434,2024-04-01,Customer Service,21,1,0
EMP-0434,2024-05-01,Customer Service,20,1,1
EMP-0434,2024-06-01,Customer Service,20,2,0
EMP-0434,2024-07-01,Customer Service,23,0,0
EMP-0434,2024-08-01,Customer Service,21,2,0
EMP-0434,2024-09-01,Customer Service,23,2,0
EMP-0434,2024-10-01,Customer Service,20,1,1
EMP-0434,2024-11-01,Customer Service,22,0,3
EMP-0434,2024-12-01,Customer Service,22,1,1
EMP-0434,2025-01-01,Customer Service,23,1,1
EMP-0434,2025-02-01,Customer Service,20,0,1
EMP-0435,2025-08-01,Operations,20,0,1
EMP-0435,2025-09-01,Operations,20,0,0
EMP-0435,2025-10-01,Operations,20,0,1
EMP-0435,2025-11-01,Operations,22,0,1
EMP-0435,2025-12-01,Operations,22,0,1
EMP-0436,2025-11-01,Sales,23,0,2
EMP-0436,2025-12-01,Sales,23,0,1
EMP-0437,2025-05-01,Sales,21,2,3
EMP-0437,2025-06-01,Sales,22,1,0
EMP-0437,2025-07-01,Sales,22,3,0
EMP-0437,2025-08-01,Sales,20,2,3
EMP-0437,2025-09-01,Sales,23,0,2
EMP-0437,2025-10-01,Sales,22,2,1
EMP-0437,2025-11-01,Sales,23,2,1
EMP-0437,2025-12-01,Sales,22,2,1
EMP-0438,2025-06-01,Finance,23,0,1
EMP-0438,2025-07-01,Finance,22,0,1
EMP-0438,2025-08-01,Finance,20,0,0
EMP-0438,2025-09-01,Finance,22,0,2
EMP-0438,2025-10-01,Finance,20,0,1
EMP-0438,2025-11-01,Finance,21,0,2
EMP-0438,2025-12-01,Finance,21,0,0
EMP-0439,2024-09-01,Customer Service,22,0,4
EMP-0439,2024-10-01,Customer Service,20,1,0
EMP-0439,2024-11-01,Customer Service,23,0,1
EMP-0439,2024-12-01,Customer Service,21,2,3
EMP-0439,2025-01-01,Customer Service,20,0,0
EMP-0439,2025-02-01,Customer Service,23,2,2
EMP-0439,2025-03-01,Customer Service,21,0,1
EMP-0439,2025-04-01,Customer Service,21,1,0
EMP-0439,2025-05-01,Customer Service,23,0,0
EMP-0439,2025-06-01,Customer Service,21,0,2
EMP-0439,2025-07-01,Customer Service,22,0,2
EMP-0439,2025-08-01,Customer Service,21,1,2
EMP-0439,2025-09-01,Customer Service,23,0,2
EMP-0439,2025-10-01,Customer Service,23,1,0
EMP-0439,2025-11-01,Customer Service,21,0,2
EMP-0439,2025-12-01,Customer Service,22,1,1
EMP-0440,2025-09-01,Marketing,20,0,1
EMP-0440,2025-10-01,Marketing,21,0,0
EMP-0440,2025-11-01,Marketing,22,0,1
EMP-0440,2025-12-01,Marketing,20,0,1
EMP-0441,2025-03-01,Human Resources,20,0,1
EMP-0441,2025-04-01,Human Resources,22,2,0
EMP-0441,2025-05-01,Human Resources,21,0,0
EMP-0441,2025-06-01,Human Resources,23,1,0
EMP-0441,2025-07-01,Human Resources,21,3,0
EMP-0441,2025-08-01,Human Resources,22,1,1
EMP-0441,2025-09-01,Human Resources,22,2,2
EMP-0441,2025-10-01,Human Resources,22,2,0
EMP-0441,2025-11-01,Human Resources,21,2,0
EMP-0441,2025-12-01,Human Resources,23,2,0
EMP-0442,2025-01-01,Customer Service,22,0,1
EMP-0442,2025-02-01,Customer Service,22,2,1
EMP-0442,2025-03-01,Customer Service,20,1,0
EMP-0442,2025-04-01,Customer Service,20,1,2
EMP-0442,2025-05-01,Customer Service,20,1,0
EMP-0442,2025-06-01,Customer Service,23,0,2
EMP-0442,2025-07-01,Customer Service,20,2,0
EMP-0442,2025-08-01,Customer Service,23,1,1
EMP-0442,2025-09-01,Customer Service,20,1,1
EMP-0442,2025-10-01,Customer Service,22,0,0
EMP-0442,2025-11-01,Customer Service,20,1,3
EMP-0442,2025-12-01,Customer Service,21,0,0
EMP-0443,2025-11-01,IT & Data,23,0,0
EMP-0443,2025-12-01,IT & Data,20,0,0
EMP-0444,2025-12-01,Operations,23,0,1
EMP-0445,2025-02-01,Finance,22,0,0
EMP-0445,2025-03-01,Finance,23,0,0
EMP-0445,2025-04-01,Finance,20,0,2
EMP-0445,2025-05-01,Finance,22,0,0
EMP-0445,2025-06-01,Finance,20,0,0
EMP-0445,2025-07-01,Finance,20,1,0
EMP-0445,2025-08-01,Finance,22,1,0
EMP-0445,2025-09-01,Finance,20,0,1
EMP-0445,2025-10-01,Finance,23,1,1
EMP-0445,2025-11-01,Finance,21,0,0
EMP-0445,2025-12-01,Finance,20,0,1
EMP-0446,2025-01-01,IT & Data,20,1,1
EMP-0446,2025-02-01,IT & Data,21,2,2
EMP-0446,2025-03-01,IT & Data,23,2,2
EMP-0446,2025-04-01,IT & Data,23,3,0
EMP-0446,2025-05-01,IT & Data,23,0,1
EMP-0446,2025-06-01,IT & Data,23,2,2
EMP-0446,2025-07-01,IT & Data,20,2,3
EMP-0446,2025-08-01,IT & Data,20,0,2
EMP-0446,2025-09-01,IT & Data,20,1,1
EMP-0446,2025-10-01,IT & Data,22,2,2
EMP-0446,2025-11-01,IT & Data,20,1,1
EMP-0447,2024-10-01,IT & Data,22,1,2
EMP-0447,2024-11-01,IT & Data,23,1,1
EMP-0447,2024-12-01,IT & Data,22,2,0
EMP-0447,2025-01-01,IT & Data,20,0,0
EMP-0447,2025-02-01,IT & Data,23,1,0
EMP-0447,2025-03-01,IT & Data,22,0,0
EMP-0447,2025-04-01,IT & Data,20,0,2
EMP-0447,2025-05-01,IT & Data,20,0,0
EMP-0447,2025-06-01,IT & Data,21,0,0
EMP-0447,2025-07-01,IT & Data,21,1,0
EMP-0447,2025-08-01,IT & Data,23,0,0
EMP-0447,2025-09-01,IT & Data,20,0,0
EMP-0447,2025-10-01,IT & Data,23,0,1
EMP-0447,2025-11-01,IT & Data,21,1,0
EMP-0447,2025-12-01,IT & Data,21,1,0
EMP-0448,2025-04-01,Sales,22,0,2
EMP-0448,2025-05-01,Sales,23,0,2
EMP-0448,2025-06-01,Sales,20,0,1
EMP-0448,2025-07-01,Sales,22,0,3
EMP-0448,2025-08-01,Sales,21,0,1
EMP-0448,2025-09-01,Sales,20,0,0
EMP-0448,2025-10-01,Sales,23,0,2
EMP-0448,2025-11-01,Sales,21,3,0
EMP-0448,2025-12-01,Sales,21,2,2
EMP-0449,2024-06-01,Sales,21,0,2
EMP-0449,2024-07-01,Sales,21,1,0
EMP-0449,2024-08-01,Sales,21,2,0
EMP-0449,2024-09-01,Sales,22,1,0
EMP-0449,2024-10-01,Sales,23,0,2
EMP-0449,2024-11-01,Sales,20,0,1
EMP-0449,2024-12-01,Sales,20,0,2
EMP-0449,2025-01-01,Sales,20,1,0
EMP-0449,2025-02-01,Sales,22,0,0
EMP-0449,2025-03-01,Sales,23,0,0
EMP-0449,2025-04-01,Sales,21,1,1
EMP-0449,2025-05-01,Sales,21,0,1
EMP-0449,2025-06-01,Sales,20,1,2
EMP-0449,2025-07-01,Sales,22,0,3
EMP-0449,2025-08-01,Sales,22,2,0
EMP-0449,2025-09-01,Sales,23,0,0
EMP-0449,2025-10-01,Sales,20,0,1
EMP-0449,2025-11-01,Sales,23,1,0
EMP-0449,2025-12-01,Sales,20,0,0
EMP-0450,2025-01-01,Customer Service,20,0,0
EMP-0450,2025-02-01,Customer Service,20,0,1
EMP-0450,2025-03-01,Customer Service,20,0,0
EMP-0450,2025-04-01,Customer Service,23,2,0
EMP-0450,2025-05-01,Customer Service,20,0,2
EMP-0450,2025-06-01,Customer Service,21,0,1
EMP-0450,2025-07-01,Customer Service,20,1,0
EMP-0450,2025-08-01,Customer Service,23,0,1
EMP-0450,2025-09-01,Customer Service,20,0,1
EMP-0450,2025-10-01,Customer Service,22,0,0
EMP-0450,2025-11-01,Customer Service,21,1,1
EMP-0450,2025-12-01,Customer Service,21,1,0
EMP-0451,2025-04-01,Sales,21,0,0
EMP-0451,2025-05-01,Sales,22,2,1
EMP-0451,2025-06-01,Sales,22,0,2
EMP-0451,2025-07-01,Sales,21,0,0
EMP-0451,2025-08-01,Sales,23,0,2
EMP-0451,2025-09-01,Sales,21,0,4
EMP-0451,2025-10-01,Sales,22,0,0
EMP-0451,2025-11-01,Sales,23,0,0
EMP-0451,2025-12-01,Sales,22,0,2
EMP-0452,2025-06-01,IT & Data,20,2,1
EMP-0452,2025-07-01,IT & Data,23,0,3
EMP-0452,2025-08-01,IT & Data,20,1,1
EMP-0452,2025-09-01,IT & Data,23,0,0
EMP-0452,2025-10-01,IT & Data,20,2,2
EMP-0453,2024-12-01,Customer Service,22,0,0
EMP-0453,2025-01-01,Customer Service,23,1,3
EMP-0453,2025-02-01,Customer Service,21,0,1
EMP-0453,2025-03-01,Customer Service,22,0,2
EMP-0453,2025-04-01,Customer Service,20,0,0
EMP-0453,2025-05-01,Customer Service,20,0,0
EMP-0453,2025-06-01,Customer Service,22,1,0
EMP-0453,2025-07-01,Customer Service,21,0,0
EMP-0453,2025-08-01,Customer Service,21,1,0
EMP-0453,2025-09-01,Customer Service,20,1,1
EMP-0453,2025-10-01,Customer Service,21,0,2
EMP-0453,2025-11-01,Customer Service,21,1,1
EMP-0453,2025-12-01,Customer Service,23,0,0
EMP-0454,2025-01-01,Sales,23,0,1
EMP-0454,2025-02-01,Sales,20,0,1
EMP-0454,2025-03-01,Sales,22,0,1
EMP-0454,2025-04-01,Sales,20,1,3
EMP-0454,2025-05-01,Sales,23,0,1
EMP-0454,2025-06-01,Sales,23,0,0
EMP-0455,2025-04-01,Sales,20,0,2
EMP-0455,2025-05-01,Sales,20,1,0
EMP-0455,2025-06-01,Sales,21,1,0
EMP-0455,2025-07-01,Sales,20,0,1
EMP-0455,2025-08-01,Sales,22,0,2
EMP-0455,2025-09-01,Sales,21,0,1
EMP-0455,2025-10-01,Sales,22,0,1
EMP-0455,2025-11-01,Sales,21,0,1
EMP-0455,2025-12-01,Sales,23,1,0
EMP-0456,2025-05-01,Customer Service,22,0,1
EMP-0456,2025-06-01,Customer Service,20,0,0
EMP-0456,2025-07-01,Customer Service,22,0,1
EMP-0456,2025-08-01,Customer Service,20,0,2
EMP-0456,2025-09-01,Customer Service,22,0,1
EMP-0456,2025-10-01,Customer Service,20,1,0
EMP-0456,2025-11-01,Customer Service,21,0,0
EMP-0457,2024-01-01,Marketing,20,1,1
EMP-0457,2024-02-01,Marketing,23,2,3
EMP-0457,2024-03-01,Marketing,20,0,0
EMP-0457,2024-04-01,Marketing,23,0,0
EMP-0457,2024-05-01,Marketing,22,0,0
EMP-0457,2024-06-01,Marketing,21,0,0
EMP-0457,2024-07-01,Marketing,22,0,1
EMP-0457,2024-08-01,Marketing,23,0,0
EMP-0457,2024-09-01,Marketing,22,0,0
EMP-0457,2024-10-01,Marketing,23,0,0
EMP-0457,2024-11-01,Marketing,23,0,0
EMP-0457,2024-12-01,Marketing,20,0,0
EMP-0457,2025-01-01,Marketing,22,1,2
EMP-0457,2025-02-01,Marketing,22,1,1
EMP-0457,2025-03-01,Marketing,23,1,1
EMP-0457,2025-04-01,Marketing,21,0,1
EMP-0457,2025-05-01,Marketing,21,2,0
EMP-0457,2025-06-01,Marketing,23,1,3
EMP-0457,2025-07-01,Marketing,20,0,1
EMP-0457,2025-08-01,Marketing,20,0,2
EMP-0457,2025-09-01,Marketing,20,0,1
EMP-0457,2025-10-01,Marketing,23,0,0
EMP-0457,2025-11-01,Marketing,21,0,0
EMP-0457,2025-12-01,Marketing,21,0,0
EMP-0458,2025-11-01,Sales,22,1,0
EMP-0458,2025-12-01,Sales,23,0,1
EMP-0459,2025-08-01,Customer Service,23,1,1
EMP-0459,2025-09-01,Customer Service,20,0,1
EMP-0459,2025-10-01,Customer Service,23,0,0
EMP-0459,2025-11-01,Customer Service,20,1,0
EMP-0459,2025-12-01,Customer Service,22,1,2
EMP-0460,2025-05-01,Operations,23,1,0
EMP-0460,2025-06-01,Operations,21,1,0
EMP-0460,2025-07-01,Operations,20,0,0
EMP-0460,2025-08-01,Operations,23,0,2
EMP-0460,2025-09-01,Operations,21,1,2
EMP-0460,2025-10-01,Operations,20,1,2
EMP-0460,2025-11-01,Operations,23,0,0
EMP-0460,2025-12-01,Operations,23,2,1
EMP-0461,2024-05-01,IT & Data,22,0,3
EMP-0461,2024-06-01,IT & Data,21,0,0
EMP-0461,2024-07-01,IT & Data,23,2,1
EMP-0461,2024-08-01,IT & Data,23,0,3
EMP-0461,2024-09-01,IT & Data,23,1,0
EMP-0461,2024-10-01,IT & Data,21,1,1
EMP-0461,2024-11-01,IT & Data,21,2,1
EMP-0461,2024-12-01,IT & Data,23,0,0
EMP-0461,2025-01-01,IT & Data,22,0,0
EMP-0461,2025-02-01,IT & Data,22,2,0
EMP-0461,2025-03-01,IT & Data,21,1,3
EMP-0461,2025-04-01,IT & Data,20,1,1
EMP-0461,2025-05-01,IT & Data,21,1,0
EMP-0461,2025-06-01,IT & Data,21,0,0
EMP-0461,2025-07-01,IT & Data,21,1,3
EMP-0461,2025-08-01,IT & Data,21,2,2
EMP-0461,2025-09-01,IT & Data,23,3,3
EMP-0461,2025-10-01,IT & Data,22,3,0
EMP-0461,2025-11-01,IT & Data,21,1,0
EMP-0461,2025-12-01,IT & Data,23,0,0
EMP-0462,2024-03-01,Sales,20,2,1
EMP-0462,2024-04-01,Sales,23,1,2
EMP-0462,2024-05-01,Sales,21,0,4
EMP-0462,2024-06-01,Sales,20,0,0
EMP-0462,2024-07-01,Sales,22,0,1
EMP-0462,2024-08-01,Sales,21,1,1
EMP-0462,2024-09-01,Sales,21,0,0
EMP-0462,2024-10-01,Sales,20,0,1
EMP-0462,2024-11-01,Sales,22,0,2
EMP-0462,2024-12-01,Sales,20,1,0
EMP-0462,2025-01-01,Sales,20,1,1
EMP-0462,2025-02-01,Sales,20,0,2
EMP-0462,2025-03-01,Sales,22,1,1
EMP-0462,2025-04-01,Sales,21,1,0
EMP-0462,2025-05-01,Sales,21,0,3
EMP-0462,2025-06-01,Sales,22,1,0
EMP-0462,2025-07-01,Sales,23,1,0
EMP-0462,2025-08-01,Sales,21,1,1
EMP-0462,2025-09-01,Sales,20,1,0
EMP-0462,2025-10-01,Sales,23,1,1
EMP-0462,2025-11-01,Sales,20,0,0
EMP-0462,2025-12-01,Sales,21,0,2
EMP-0463,2024-12-01,Marketing,20,1,3
EMP-0463,2025-01-01,Marketing,23,1,0
EMP-0463,2025-02-01,Marketing,20,1,0
EMP-0463,2025-03-01,Marketing,20,1,0
EMP-0463,2025-04-01,Marketing,21,2,3
EMP-0463,2025-05-01,Marketing,21,0,0
EMP-0463,2025-06-01,Marketing,20,1,1
EMP-0463,2025-07-01,Marketing,23,1,0
EMP-0463,2025-08-01,Marketing,21,3,2
EMP-0463,2025-09-01,Marketing,21,2,1
EMP-0463,2025-10-01,Marketing,20,2,2
EMP-0463,2025-11-01,Marketing,23,1,0
EMP-0463,2025-12-01,Marketing,20,2,2
EMP-0464,2025-10-01,Operations,22,1,2
EMP-0464,2025-11-01,Operations,22,0,0
EMP-0464,2025-12-01,Operations,23,2,0
EMP-0465,2025-09-01,Customer Service,22,1,2
EMP-0465,2025-10-01,Customer Service,20,0,0
EMP-0465,2025-11-01,Customer Service,23,1,0
EMP-0465,2025-12-01,Customer Service,23,0,2
EMP-0466,2024-10-01,Customer Service,22,4,0
EMP-0466,2024-11-01,Customer Service,22,2,1
EMP-0466,2024-12-01,Customer Service,22,2,1
EMP-0466,2025-01-01,Customer Service,21,0,0
EMP-0466,2025-02-01,Customer Service,20,2,0
EMP-0466,2025-03-01,Customer Service,20,2,1
EMP-0466,2025-04-01,Customer Service,21,0,2
EMP-0466,2025-05-01,Customer Service,23,1,1
EMP-0466,2025-06-01,Customer Service,23,0,1
EMP-0466,2025-07-01,Customer Service,21,3,2
EMP-0466,2025-08-01,Customer Service,22,3,0
EMP-0466,2025-09-01,Customer Service,20,2,1
EMP-0466,2025-10-01,Customer Service,22,0,0
EMP-0466,2025-11-01,Customer Service,23,1,0
EMP-0466,2025-12-01,Customer Service,22,1,2
EMP-0467,2025-06-01,Customer Service,22,0,0
EMP-0467,2025-07-01,Customer Service,20,0,0
EMP-0467,2025-08-01,Customer Service,22,1,0
EMP-0467,2025-09-01,Customer Service,20,0,1
EMP-0467,2025-10-01,Customer Service,23,0,0
EMP-0467,2025-11-01,Customer Service,21,0,1
EMP-0467,2025-12-01,Customer Service,23,1,0
EMP-0468,2024-06-01,Customer Service,23,1,0
EMP-0468,2024-07-01,Customer Service,23,0,1
EMP-0468,2024-08-01,Customer Service,23,1,3
EMP-0468,2024-09-01,Customer Service,22,0,3
EMP-0468,2024-10-01,Customer Service,23,0,0
EMP-0468,2024-11-01,Customer Service,21,0,2
EMP-0468,2024-12-01,Customer Service,21,1,0
EMP-0468,2025-01-01,Customer Service,23,0,1
EMP-0468,2025-02-01,Customer Service,22,0,0
EMP-0468,2025-03-01,Customer Service,22,0,1
EMP-0468,2025-04-01,Customer Service,21,0,0
EMP-0469,2025-09-01,Customer Service,21,2,1
EMP-0469,2025-10-01,Customer Service,20,0,4
EMP-0469,2025-11-01,Customer Service,20,1,0
EMP-0469,2025-12-01,Customer Service,22,2,2
EMP-0470,2024-10-01,IT & Data,20,0,0
EMP-0470,2024-11-01,IT & Data,21,1,1
EMP-0470,2024-12-01,IT & Data,22,0,2
EMP-0470,2025-01-01,IT & Data,20,1,0
EMP-0470,2025-02-01,IT & Data,20,0,0
EMP-0470,2025-03-01,IT & Data,22,1,1
EMP-0470,2025-04-01,IT & Data,22,0,0
EMP-0471,2025-08-01,Customer Service,22,0,2
EMP-0471,2025-09-01,Customer Service,20,0,0
EMP-0471,2025-10-01,Customer Service,21,0,0
EMP-0471,2025-11-01,Customer Service,23,0,0
EMP-0471,2025-12-01,Customer Service,21,0,0
EMP-0472,2025-11-01,IT & Data,23,2,1
EMP-0472,2025-12-01,IT & Data,22,1,0
EMP-0473,2025-05-01,Operations,20,0,3
EMP-0473,2025-06-01,Operations,22,1,1
EMP-0473,2025-07-01,Operations,22,0,0
EMP-0473,2025-08-01,Operations,22,0,0
EMP-0473,2025-09-01,Operations,23,0,2
EMP-0473,2025-10-01,Operations,20,1,1
EMP-0473,2025-11-01,Operations,22,1,1
EMP-0473,2025-12-01,Operations,21,0,1
EMP-0474,2025-05-01,Operations,23,0,0
EMP-0474,2025-06-01,Operations,23,0,1
EMP-0474,2025-07-01,Operations,20,0,2
EMP-0474,2025-08-01,Operations,20,0,2
EMP-0474,2025-09-01,Operations,21,1,1
EMP-0474,2025-10-01,Operations,22,0,0
EMP-0474,2025-11-01,Operations,23,1,1
EMP-0474,2025-12-01,Operations,20,0,1
EMP-0475,2024-01-01,Customer Service,21,0,1
EMP-0475,2024-02-01,Customer Service,21,0,2
EMP-0475,2024-03-01,Customer Service,23,1,3
EMP-0475,2024-04-01,Customer Service,23,0,1
EMP-0475,2024-05-01,Customer Service,22,0,2
EMP-0475,2024-06-01,Customer Service,21,0,0
EMP-0475,2024-07-01,Customer Service,22,1,1
EMP-0475,2024-08-01,Customer Service,23,1,2
EMP-0475,2024-09-01,Customer Service,20,0,2
EMP-0475,2024-10-01,Customer Service,20,0,0
EMP-0475,2024-11-01,Customer Service,20,2,0
EMP-0475,2024-12-01,Customer Service,22,1,1
EMP-0475,2025-01-01,Customer Service,20,0,0
EMP-0475,2025-02-01,Customer Service,23,0,2
EMP-0475,2025-03-01,Customer Service,21,2,0
EMP-0475,2025-04-01,Customer Service,21,0,1
EMP-0475,2025-05-01,Customer Service,21,0,2
EMP-0475,2025-06-01,Customer Service,20,1,0
EMP-0475,2025-07-01,Customer Service,22,0,0
EMP-0475,2025-08-01,Customer Service,23,0,1
EMP-0475,2025-09-01,Customer Service,21,0,1
EMP-0475,2025-10-01,Customer Service,21,1,0
EMP-0475,2025-11-01,Customer Service,23,1,0
EMP-0475,2025-12-01,Customer Service,21,0,1
EMP-0476,2025-09-01,Human Resources,20,0,1
EMP-0476,2025-10-01,Human Resources,20,1,0
EMP-0476,2025-11-01,Human Resources,22,1,2
EMP-0476,2025-12-01,Human Resources,22,0,4
EMP-0477,2025-06-01,IT & Data,22,1,2
EMP-0477,2025-07-01,IT & Data,21,1,1
EMP-0477,2025-08-01,IT & Data,21,0,1
EMP-0477,2025-09-01,IT & Data,21,0,2
EMP-0477,2025-10-01,IT & Data,20,0,0
EMP-0477,2025-11-01,IT & Data,22,0,0
EMP-0477,2025-12-01,IT & Data,23,1,1
EMP-0478,2024-06-01,Customer Service,22,1,1
EMP-0478,2024-07-01,Customer Service,22,0,0
EMP-0478,2024-08-01,Customer Service,20,1,1
EMP-0478,2024-09-01,Customer Service,22,1,0
EMP-0478,2024-10-01,Customer Service,23,0,1
EMP-0478,2024-11-01,Customer Service,23,0,3
EMP-0478,2024-12-01,Customer Service,20,0,1
EMP-0478,2025-01-01,Customer Service,23,1,0
EMP-0478,2025-02-01,Customer Service,22,0,2
EMP-0478,2025-03-01,Customer Service,23,2,1
EMP-0478,2025-04-01,Customer Service,20,0,0
EMP-0478,2025-05-01,Customer Service,20,2,1
EMP-0478,2025-06-01,Customer Service,21,0,0
EMP-0478,2025-07-01,Customer Service,23,0,0
EMP-0478,2025-08-01,Customer Service,20,1,3
EMP-0478,2025-09-01,Customer Service,21,0,1
EMP-0478,2025-10-01,Customer Service,22,0,0
EMP-0478,2025-11-01,Customer Service,22,1,0
EMP-0478,2025-12-01,Customer Service,21,0,2
EMP-0479,2025-11-01,Sales,23,0,2
EMP-0479,2025-12-01,Sales,21,0,3
EMP-0480,2024-05-01,IT & Data,22,0,0
EMP-0480,2024-06-01,IT & Data,20,1,2
EMP-0480,2024-07-01,IT & Data,20,0,2
EMP-0480,2024-08-01,IT & Data,21,0,0
EMP-0480,2024-09-01,IT & Data,20,1,2
EMP-0480,2024-10-01,IT & Data,21,0,3
EMP-0480,2024-11-01,IT & Data,22,0,4
EMP-0480,2024-12-01,IT & Data,20,0,0
EMP-0480,2025-01-01,IT & Data,22,2,2
EMP-0480,2025-02-01,IT & Data,23,1,0
EMP-0480,2025-03-01,IT & Data,23,0,0
EMP-0480,2025-04-01,IT & Data,20,1,1
EMP-0480,2025-05-01,IT & Data,23,1,1
EMP-0480,2025-06-01,IT & Data,20,1,0
EMP-0480,2025-07-01,IT & Data,21,1,1
EMP-0480,2025-08-01,IT & Data,22,0,0
EMP-0480,2025-09-01,IT & Data,21,0,1
EMP-0480,2025-10-01,IT & Data,21,0,1
EMP-0480,2025-11-01,IT & Data,20,2,0
EMP-0480,2025-12-01,IT & Data,21,0,0
EMP-0481,2025-02-01,IT & Data,23,0,1
EMP-0481,2025-03-01,IT & Data,22,0,2
EMP-0481,2025-04-01,IT & Data,22,0,1
EMP-0481,2025-05-01,IT & Data,20,2,0
EMP-0481,2025-06-01,IT & Data,23,1,1
EMP-0481,2025-07-01,IT & Data,22,1,3
EMP-0481,2025-08-01,IT & Data,20,1,1
EMP-0481,2025-09-01,IT & Data,22,0,0
EMP-0481,2025-10-01,IT & Data,23,0,1
EMP-0481,2025-11-01,IT & Data,23,0,1
EMP-0481,2025-12-01,IT & Data,22,1,0
EMP-0482,2025-12-01,Operations,22,1,0
EMP-0483,2025-03-01,Sales,20,0,4
EMP-0483,2025-04-01,Sales,23,0,1
EMP-0483,2025-05-01,Sales,21,1,2
EMP-0483,2025-06-01,Sales,21,0,0
EMP-0483,2025-07-01,Sales,23,1,1
EMP-0483,2025-08-01,Sales,22,1,1
EMP-0484,2025-05-01,Human Resources,22,0,0
EMP-0484,2025-06-01,Human Resources,23,1,3
EMP-0484,2025-07-01,Human Resources,21,0,3
EMP-0484,2025-08-01,Human Resources,23,0,0
EMP-0484,2025-09-01,Human Resources,23,0,0
EMP-0484,2025-10-01,Human Resources,22,0,2
EMP-0484,2025-11-01,Human Resources,22,0,0
EMP-0484,2025-12-01,Human Resources,20,1,1
EMP-0485,2025-08-01,Sales,23,0,3
EMP-0485,2025-09-01,Sales,20,1,1
EMP-0485,2025-10-01,Sales,22,1,0
EMP-0485,2025-11-01,Sales,23,2,2
EMP-0485,2025-12-01,Sales,23,2,2
EMP-0486,2024-12-01,Finance,23,1,1
EMP-0486,2025-01-01,Finance,23,0,1
EMP-0486,2025-02-01,Finance,20,0,2
EMP-0486,2025-03-01,Finance,20,0,0
EMP-0486,2025-04-01,Finance,23,0,4
EMP-0486,2025-05-01,Finance,23,0,1
EMP-0486,2025-06-01,Finance,22,0,1
EMP-0486,2025-07-01,Finance,23,1,1
EMP-0486,2025-08-01,Finance,20,1,2
EMP-0486,2025-09-01,Finance,21,1,1
EMP-0486,2025-10-01,Finance,22,0,0
EMP-0486,2025-11-01,Finance,21,0,1
EMP-0486,2025-12-01,Finance,20,2,0
EMP-0487,2025-05-01,Finance,21,0,0
EMP-0487,2025-06-01,Finance,23,0,0
EMP-0487,2025-07-01,Finance,22,1,0
EMP-0487,2025-08-01,Finance,22,1,0
EMP-0487,2025-09-01,Finance,22,0,1
EMP-0487,2025-10-01,Finance,21,2,2
EMP-0487,2025-11-01,Finance,22,0,0
EMP-0487,2025-12-01,Finance,22,2,0
EMP-0488,2025-12-01,Sales,22,1,0
EMP-0489,2024-08-01,Sales,21,0,0
EMP-0489,2024-09-01,Sales,22,2,3
EMP-0489,2024-10-01,Sales,23,0,3
EMP-0489,2024-11-01,Sales,20,0,0
EMP-0489,2024-12-01,Sales,23,0,1
EMP-0489,2025-01-01,Sales,21,2,0
EMP-0489,2025-02-01,Sales,23,0,4
EMP-0489,2025-03-01,Sales,22,1,0
EMP-0489,2025-04-01,Sales,22,0,2
EMP-0489,2025-05-01,Sales,22,0,0
EMP-0489,2025-06-01,Sales,22,0,3
EMP-0489,2025-07-01,Sales,21,0,1
EMP-0489,2025-08-01,Sales,23,0,2
EMP-0489,2025-09-01,Sales,21,0,1
EMP-0489,2025-10-01,Sales,21,0,2
EMP-0489,2025-11-01,Sales,22,1,2
EMP-0489,2025-12-01,Sales,20,0,2
EMP-0490,2024-02-01,Finance,20,1,0
EMP-0490,2024-03-01,Finance,20,1,1
EMP-0490,2024-04-01,Finance,20,0,0
EMP-0490,2024-05-01,Finance,20,0,1
EMP-0490,2024-06-01,Finance,22,0,0
EMP-0490,2024-07-01,Finance,20,0,0
EMP-0490,2024-08-01,Finance,22,0,2
EMP-0490,2024-09-01,Finance,20,0,2
EMP-0490,2024-10-01,Finance,22,0,1
EMP-0490,2024-11-01,Finance,20,0,1
EMP-0490,2024-12-01,Finance,23,1,0
EMP-0490,2025-01-01,Finance,23,1,2
EMP-0490,2025-02-01,Finance,22,0,1
EMP-0490,2025-03-01,Finance,20,0,0
EMP-0490,2025-04-01,Finance,20,1,0
EMP-0490,2025-05-01,Finance,21,0,1
EMP-0490,2025-06-01,Finance,23,0,3
EMP-0490,2025-07-01,Finance,20,0,0
EMP-0490,2025-08-01,Finance,20,1,1
EMP-0490,2025-09-01,Finance,21,0,2
EMP-0490,2025-10-01,Finance,22,0,2
EMP-0490,2025-11-01,Finance,22,0,0
EMP-0490,2025-12-01,Finance,23,0,1
EMP-0491,2025-07-01,Customer Service,21,0,2
EMP-0491,2025-08-01,Customer Service,20,1,2
EMP-0491,2025-09-01,Customer Service,21,2,0
EMP-0491,2025-10-01,Customer Service,21,2,0
EMP-0491,2025-11-01,Customer Service,20,0,0
EMP-0491,2025-12-01,Customer Service,22,0,0
EMP-0492,2025-01-01,Sales,20,1,0
EMP-0492,2025-02-01,Sales,21,1,0
EMP-0492,2025-03-01,Sales,20,0,0
EMP-0492,2025-04-01,Sales,20,0,0
EMP-0492,2025-05-01,Sales,23,0,0
EMP-0492,2025-06-01,Sales,21,2,1
EMP-0492,2025-07-01,Sales,22,1,0
EMP-0492,2025-08-01,Sales,22,2,0
EMP-0492,2025-09-01,Sales,20,1,0
EMP-0492,2025-10-01,Sales,20,1,0
EMP-0492,2025-11-01,Sales,21,1,1
EMP-0492,2025-12-01,Sales,23,0,1
EMP-0493,2025-03-01,Operations,23,0,1
EMP-0493,2025-04-01,Operations,21,0,0
EMP-0493,2025-05-01,Operations,21,0,0
EMP-0493,2025-06-01,Operations,22,2,1
EMP-0493,2025-07-01,Operations,22,0,0
EMP-0493,2025-08-01,Operations,20,0,0
EMP-0493,2025-09-01,Operations,20,0,0
EMP-0493,2025-10-01,Operations,23,1,0
EMP-0493,2025-11-01,Operations,23,1,1
EMP-0493,2025-12-01,Operations,20,0,0
EMP-0494,2025-01-01,Customer Service,21,1,0
EMP-0494,2025-02-01,Customer Service,22,0,0
EMP-0494,2025-03-01,Customer Service,21,2,1
EMP-0494,2025-04-01,Customer Service,21,2,1
EMP-0494,2025-05-01,Customer Service,22,0,0
EMP-0494,2025-06-01,Customer Service,20,0,0
EMP-0495,2024-08-01,Marketing,21,2,0
EMP-0495,2024-09-01,Marketing,23,2,2
EMP-0495,2024-10-01,Marketing,21,2,1
EMP-0495,2024-11-01,Marketing,22,1,0
EMP-0495,2024-12-01,Marketing,23,0,0
EMP-0495,2025-01-01,Marketing,21,2,1
EMP-0495,2025-02-01,Marketing,21,1,0
EMP-0495,2025-03-01,Marketing,22,0,2
EMP-0495,2025-04-01,Marketing,20,3,2
EMP-0495,2025-05-01,Marketing,20,4,3
EMP-0495,2025-06-01,Marketing,22,1,0
EMP-0495,2025-07-01,Marketing,23,1,0
EMP-0495,2025-08-01,Marketing,21,1,2
EMP-0495,2025-09-01,Marketing,21,2,1
EMP-0495,2025-10-01,Marketing,22,4,1
EMP-0495,2025-11-01,Marketing,22,3,0
EMP-0495,2025-12-01,Marketing,22,1,1
EMP-0496,2024-09-01,Sales,23,1,2
EMP-0496,2024-10-01,Sales,22,0,0
EMP-0496,2024-11-01,Sales,22,1,0
EMP-0496,2024-12-01,Sales,23,0,2
EMP-0496,2025-01-01,Sales,23,2,2
EMP-0496,2025-02-01,Sales,20,1,1
EMP-0496,2025-03-01,Sales,20,0,1
EMP-0496,2025-04-01,Sales,21,2,0
EMP-0496,2025-05-01,Sales,22,0,0
EMP-0496,2025-06-01,Sales,20,0,2
EMP-0496,2025-07-01,Sales,23,1,0
EMP-0496,2025-08-01,Sales,23,2,0
EMP-0496,2025-09-01,Sales,21,0,0
EMP-0496,2025-10-01,Sales,22,2,0
EMP-0496,2025-11-01,Sales,23,0,0
EMP-0496,2025-12-01,Sales,20,0,0
EMP-0497,2025-04-01,Finance,22,0,0
EMP-0497,2025-05-01,Finance,20,1,1
EMP-0497,2025-06-01,Finance,23,0,2
EMP-0497,2025-07-01,Finance,21,0,0
EMP-0497,2025-08-01,Finance,21,1,5
EMP-0497,2025-09-01,Finance,22,1,2
EMP-0497,2025-10-01,Finance,23,1,0
EMP-0497,2025-11-01,Finance,22,1,0
EMP-0497,2025-12-01,Finance,21,1,2
EMP-0498,2025-05-01,IT & Data,23,0,0
EMP-0498,2025-06-01,IT & Data,21,0,2
EMP-0498,2025-07-01,IT & Data,22,0,1
EMP-0498,2025-08-01,IT & Data,21,0,3
EMP-0499,2024-11-01,IT & Data,22,2,0
EMP-0499,2024-12-01,IT & Data,21,0,1
EMP-0499,2025-01-01,IT & Data,22,1,0
EMP-0499,2025-02-01,IT & Data,20,1,2
EMP-0499,2025-03-01,IT & Data,21,1,1
EMP-0499,2025-04-01,IT & Data,22,1,0
EMP-0499,2025-05-01,IT & Data,21,4,1
EMP-0499,2025-06-01,IT & Data,20,2,2
EMP-0499,2025-07-01,IT & Data,21,1,2
EMP-0499,2025-08-01,IT & Data,21,1,0
EMP-0499,2025-09-01,IT & Data,22,1,1
EMP-0499,2025-10-01,IT & Data,22,0,1
EMP-0499,2025-11-01,IT & Data,20,4,2
EMP-0499,2025-12-01,IT & Data,20,1,1
EMP-0500,2025-10-01,Sales,21,0,3
EMP-0500,2025-11-01,Sales,22,0,1
EMP-0500,2025-12-01,Sales,23,0,0
EMP-0501,2025-05-01,Sales,21,2,1
EMP-0501,2025-06-01,Sales,21,0,1
EMP-0501,2025-07-01,Sales,20,1,0
EMP-0501,2025-08-01,Sales,22,0,0
EMP-0501,2025-09-01,Sales,22,2,1
EMP-0501,2025-10-01,Sales,23,1,0
EMP-0501,2025-11-01,Sales,23,0,2
EMP-0501,2025-12-01,Sales,22,0,1
EMP-0502,2024-01-01,Sales,21,1,2
EMP-0502,2024-02-01,Sales,21,1,1
EMP-0502,2024-03-01,Sales,21,1,1
EMP-0502,2024-04-01,Sales,23,0,0
EMP-0502,2024-05-01,Sales,22,1,0
EMP-0502,2024-06-01,Sales,20,1,0
EMP-0502,2024-07-01,Sales,21,0,0
EMP-0502,2024-08-01,Sales,20,1,2
EMP-0502,2024-09-01,Sales,22,1,1
EMP-0502,2024-10-01,Sales,20,1,2
EMP-0502,2024-11-01,Sales,23,2,2
EMP-0502,2024-12-01,Sales,20,1,0
EMP-0502,2025-01-01,Sales,20,0,0
EMP-0502,2025-02-01,Sales,23,0,3
EMP-0502,2025-03-01,Sales,23,1,0
EMP-0502,2025-04-01,Sales,21,0,1
EMP-0502,2025-05-01,Sales,22,0,0
EMP-0502,2025-06-01,Sales,21,0,1
EMP-0502,2025-07-01,Sales,20,1,0
EMP-0502,2025-08-01,Sales,23,0,0
EMP-0502,2025-09-01,Sales,20,0,0
EMP-0502,2025-10-01,Sales,21,0,3
EMP-0502,2025-11-01,Sales,23,0,0
EMP-0502,2025-12-01,Sales,23,0,2
EMP-0503,2025-03-01,IT & Data,20,1,1
EMP-0503,2025-04-01,IT & Data,22,2,1
EMP-0503,2025-05-01,IT & Data,22,0,4
EMP-0503,2025-06-01,IT & Data,20,1,2
EMP-0503,2025-07-01,IT & Data,22,0,1
EMP-0503,2025-08-01,IT & Data,23,1,0
EMP-0503,2025-09-01,IT & Data,22,1,1
EMP-0503,2025-10-01,IT & Data,22,0,0
EMP-0503,2025-11-01,IT & Data,22,1,0
EMP-0503,2025-12-01,IT & Data,20,1,0
EMP-0504,2025-08-01,Marketing,21,1,0
EMP-0504,2025-09-01,Marketing,20,0,0
EMP-0504,2025-10-01,Marketing,20,1,2
EMP-0504,2025-11-01,Marketing,22,0,1
EMP-0504,2025-12-01,Marketing,21,0,0
EMP-0505,2025-07-01,IT & Data,21,2,0
EMP-0505,2025-08-01,IT & Data,20,0,0
EMP-0505,2025-09-01,IT & Data,20,1,0
EMP-0505,2025-10-01,IT & Data,21,1,1
EMP-0505,2025-11-01,IT & Data,22,1,0
EMP-0505,2025-12-01,IT & Data,22,0,0
EMP-0506,2024-04-01,IT & Data,21,0,0
EMP-0506,2024-05-01,IT & Data,22,1,1
EMP-0506,2024-06-01,IT & Data,21,0,2
EMP-0506,2024-07-01,IT & Data,20,0,3
EMP-0506,2024-08-01,IT & Data,22,0,0
EMP-0506,2024-09-01,IT & Data,20,0,1
EMP-0506,2024-10-01,IT & Data,22,1,0
EMP-0506,2024-11-01,IT & Data,23,0,1
EMP-0506,2024-12-01,IT & Data,20,1,2
EMP-0506,2025-01-01,IT & Data,20,1,0
EMP-0506,2025-02-01,IT & Data,20,0,2
EMP-0506,2025-03-01,IT & Data,23,0,0
EMP-0506,2025-04-01,IT & Data,22,0,0
EMP-0506,2025-05-01,IT & Data,21,0,1
EMP-0506,2025-06-01,IT & Data,23,1,1
EMP-0506,2025-07-01,IT & Data,23,1,1
EMP-0506,2025-08-01,IT & Data,21,0,2
EMP-0506,2025-09-01,IT & Data,20,0,0
EMP-0506,2025-10-01,IT & Data,22,1,1
EMP-0506,2025-11-01,IT & Data,23,0,1
EMP-0506,2025-12-01,IT & Data,20,1,0
EMP-0507,2024-09-01,Customer Service,20,1,2
EMP-0507,2024-10-01,Customer Service,22,1,2
EMP-0507,2024-11-01,Customer Service,20,0,0
EMP-0507,2024-12-01,Customer Service,22,0,0
EMP-0507,2025-01-01,Customer Service,23,0,0
EMP-0507,2025-02-01,Customer Service,21,0,0
EMP-0507,2025-03-01,Customer Service,21,1,1
EMP-0507,2025-04-01,Customer Service,21,1,0
EMP-0507,2025-05-01,Customer Service,21,0,1
EMP-0507,2025-06-01,Customer Service,21,1,4
EMP-0507,2025-07-01,Customer Service,21,2,2
EMP-0507,2025-08-01,Customer Service,21,1,1
EMP-0507,2025-09-01,Customer Service,22,0,1
EMP-0507,2025-10-01,Customer Service,23,2,1
EMP-0507,2025-11-01,Customer Service,23,0,0
EMP-0507,2025-12-01,Customer Service,22,2,0
EMP-0508,2025-12-01,Customer Service,23,0,0
EMP-0509,2025-09-01,Sales,20,0,1
EMP-0509,2025-10-01,Sales,20,0,2
EMP-0509,2025-11-01,Sales,20,2,0
EMP-0509,2025-12-01,Sales,21,0,1
EMP-0510,2024-12-01,Human Resources,22,1,1
EMP-0510,2025-01-01,Human Resources,20,2,0
EMP-0510,2025-02-01,Human Resources,22,1,0
EMP-0510,2025-03-01,Human Resources,20,0,1
EMP-0510,2025-04-01,Human Resources,20,1,1
EMP-0510,2025-05-01,Human Resources,23,0,1
EMP-0510,2025-06-01,Human Resources,21,1,0
EMP-0510,2025-07-01,Human Resources,22,0,1
EMP-0510,2025-08-01,Human Resources,20,1,0
EMP-0510,2025-09-01,Human Resources,20,0,2
EMP-0510,2025-10-01,Human Resources,23,2,1
EMP-0510,2025-11-01,Human Resources,23,1,1
EMP-0510,2025-12-01,Human Resources,21,1,0
EMP-0511,2025-07-01,Sales,21,0,0
EMP-0511,2025-08-01,Sales,20,0,0
EMP-0511,2025-09-01,Sales,20,2,0
EMP-0511,2025-10-01,Sales,21,1,1
EMP-0511,2025-11-01,Sales,23,1,1
EMP-0511,2025-12-01,Sales,20,0,1
EMP-0512,2024-09-01,Finance,23,0,0
EMP-0512,2024-10-01,Finance,23,1,0
EMP-0512,2024-11-01,Finance,22,2,2
EMP-0512,2024-12-01,Finance,22,0,0
EMP-0512,2025-01-01,Finance,23,0,0
EMP-0512,2025-02-01,Finance,20,0,0
EMP-0512,2025-03-01,Finance,20,0,3
EMP-0512,2025-04-01,Finance,22,0,2
EMP-0512,2025-05-01,Finance,22,0,2
EMP-0512,2025-06-01,Finance,23,1,0
EMP-0512,2025-07-01,Finance,20,1,2
EMP-0512,2025-08-01,Finance,20,0,0
EMP-0512,2025-09-01,Finance,22,0,0
EMP-0512,2025-10-01,Finance,22,0,0
EMP-0512,2025-11-01,Finance,22,1,2
EMP-0512,2025-12-01,Finance,22,0,1
EMP-0513,2024-05-01,Operations,21,0,0
EMP-0513,2024-06-01,Operations,22,0,1
EMP-0513,2024-07-01,Operations,21,0,0
EMP-0513,2024-08-01,Operations,21,0,0
EMP-0513,2024-09-01,Operations,21,0,1
EMP-0513,2024-10-01,Operations,22,0,0
EMP-0513,2024-11-01,Operations,20,0,3
EMP-0513,2024-12-01,Operations,21,0,1
EMP-0513,2025-01-01,Operations,20,1,0
EMP-0513,2025-02-01,Operations,23,2,0
EMP-0513,2025-03-01,Operations,21,1,0
EMP-0513,2025-04-01,Operations,23,0,1
EMP-0513,2025-05-01,Operations,22,0,3
EMP-0513,2025-06-01,Operations,21,1,0
EMP-0513,2025-07-01,Operations,20,1,0
EMP-0513,2025-08-01,Operations,22,0,1
EMP-0513,2025-09-01,Operations,22,0,0
EMP-0513,2025-10-01,Operations,23,1,1
EMP-0513,2025-11-01,Operations,20,0,0
EMP-0513,2025-12-01,Operations,21,1,1
EMP-0514,2024-11-01,Marketing,22,0,0
EMP-0514,2024-12-01,Marketing,22,0,1
EMP-0514,2025-01-01,Marketing,20,2,0
EMP-0514,2025-02-01,Marketing,23,1,0
EMP-0514,2025-03-01,Marketing,21,0,0
EMP-0514,2025-04-01,Marketing,21,0,1
EMP-0514,2025-05-01,Marketing,22,0,1
EMP-0514,2025-06-01,Marketing,23,0,1
EMP-0514,2025-07-01,Marketing,20,0,0
EMP-0514,2025-08-01,Marketing,21,0,1
EMP-0514,2025-09-01,Marketing,23,0,1
EMP-0514,2025-10-01,Marketing,23,0,1
EMP-0514,2025-11-01,Marketing,21,0,3
EMP-0514,2025-12-01,Marketing,22,0,0
EMP-0515,2025-06-01,Marketing,20,1,2
EMP-0515,2025-07-01,Marketing,22,1,3
EMP-0515,2025-08-01,Marketing,21,3,3
EMP-0515,2025-09-01,Marketing,20,0,1
EMP-0515,2025-10-01,Marketing,23,2,0
EMP-0515,2025-11-01,Marketing,23,3,2
EMP-0515,2025-12-01,Marketing,22,1,0
EMP-0516,2025-09-01,IT & Data,20,0,1
EMP-0516,2025-10-01,IT & Data,20,1,3
EMP-0516,2025-11-01,IT & Data,21,0,2
EMP-0516,2025-12-01,IT & Data,21,0,0
EMP-0517,2025-10-01,IT & Data,23,0,0
EMP-0517,2025-11-01,IT & Data,22,0,2
EMP-0517,2025-12-01,IT & Data,22,0,2
EMP-0518,2025-01-01,IT & Data,20,1,1
EMP-0518,2025-02-01,IT & Data,22,0,0
EMP-0518,2025-03-01,IT & Data,21,0,2
EMP-0518,2025-04-01,IT & Data,22,0,1
EMP-0518,2025-05-01,IT & Data,21,0,1
EMP-0518,2025-06-01,IT & Data,23,1,0
EMP-0518,2025-07-01,IT & Data,22,0,2
EMP-0518,2025-08-01,IT & Data,22,1,1
EMP-0518,2025-09-01,IT & Data,22,1,1
EMP-0518,2025-10-01,IT & Data,23,0,1
EMP-0518,2025-11-01,IT & Data,21,1,4
EMP-0518,2025-12-01,IT & Data,22,1,0
EMP-0519,2025-10-01,Human Resources,23,2,0
EMP-0519,2025-11-01,Human Resources,22,1,2
EMP-0519,2025-12-01,Human Resources,20,0,0
EMP-0520,2025-08-01,IT & Data,21,0,2
EMP-0520,2025-09-01,IT & Data,20,1,2
EMP-0520,2025-10-01,IT & Data,21,1,2
EMP-0520,2025-11-01,IT & Data,22,0,0
EMP-0520,2025-12-01,IT & Data,23,0,0
EMP-0521,2025-07-01,Sales,22,2,0
EMP-0521,2025-08-01,Sales,20,1,0
EMP-0521,2025-09-01,Sales,22,2,0
EMP-0521,2025-10-01,Sales,21,1,0
EMP-0522,2025-12-01,Operations,23,1,0
EMP-0523,2025-07-01,Sales,22,0,0
EMP-0523,2025-08-01,Sales,23,0,0
EMP-0523,2025-09-01,Sales,23,0,0
EMP-0523,2025-10-01,Sales,22,1,0
EMP-0523,2025-11-01,Sales,22,0,0
EMP-0523,2025-12-01,Sales,20,0,2
EMP-0524,2025-04-01,Sales,22,2,1
EMP-0524,2025-05-01,Sales,20,0,0
EMP-0524,2025-06-01,Sales,21,1,0
EMP-0524,2025-07-01,Sales,21,0,2
EMP-0524,2025-08-01,Sales,21,1,2
EMP-0524,2025-09-01,Sales,20,1,1
EMP-0524,2025-10-01,Sales,22,1,0
EMP-0524,2025-11-01,Sales,21,1,0
EMP-0524,2025-12-01,Sales,21,0,0
EMP-0525,2024-11-01,Operations,22,2,0
EMP-0525,2024-12-01,Operations,23,1,0
EMP-0525,2025-01-01,Operations,21,1,0
EMP-0525,2025-02-01,Operations,20,1,0
EMP-0525,2025-03-01,Operations,20,1,2
EMP-0525,2025-04-01,Operations,21,1,2
EMP-0525,2025-05-01,Operations,22,1,1
EMP-0525,2025-06-01,Operations,22,0,3
EMP-0525,2025-07-01,Operations,22,1,0
EMP-0525,2025-08-01,Operations,23,0,2
EMP-0525,2025-09-01,Operations,20,0,0
EMP-0525,2025-10-01,Operations,21,1,1
EMP-0525,2025-11-01,Operations,22,1,0
EMP-0525,2025-12-01,Operations,20,1,0
EMP-0526,2024-10-01,Customer Service,20,1,3
EMP-0526,2024-11-01,Customer Service,20,1,3
EMP-0526,2024-12-01,Customer Service,22,0,0
EMP-0526,2025-01-01,Customer Service,22,2,0
EMP-0526,2025-02-01,Customer Service,22,0,0
EMP-0526,2025-03-01,Customer Service,21,0,0
EMP-0526,2025-04-01,Customer Service,22,1,2
EMP-0526,2025-05-01,Customer Service,23,1,0
EMP-0526,2025-06-01,Customer Service,21,1,0
EMP-0526,2025-07-01,Customer Service,23,0,0
EMP-0526,2025-08-01,Customer Service,21,1,3
EMP-0526,2025-09-01,Customer Service,20,2,1
EMP-0526,2025-10-01,Customer Service,23,1,2
EMP-0526,2025-11-01,Customer Service,23,1,0
EMP-0526,2025-12-01,Customer Service,20,2,0
EMP-0527,2025-04-01,Customer Service,22,1,1
EMP-0527,2025-05-01,Customer Service,21,0,0
EMP-0527,2025-06-01,Customer Service,21,1,1
EMP-0527,2025-07-01,Customer Service,21,1,0
EMP-0527,2025-08-01,Customer Service,20,0,2
EMP-0527,2025-09-01,Customer Service,20,1,3
EMP-0527,2025-10-01,Customer Service,22,1,2
EMP-0527,2025-11-01,Customer Service,20,0,0
EMP-0527,2025-12-01,Customer Service,21,2,1
EMP-0528,2024-11-01,Sales,20,1,0
EMP-0528,2024-12-01,Sales,20,0,0
EMP-0528,2025-01-01,Sales,23,0,2
EMP-0528,2025-02-01,Sales,21,0,0
EMP-0528,2025-03-01,Sales,21,1,0
EMP-0528,2025-04-01,Sales,22,0,2
EMP-0528,2025-05-01,Sales,20,0,1
EMP-0528,2025-06-01,Sales,22,0,0
EMP-0528,2025-07-01,Sales,20,1,0
EMP-0528,2025-08-01,Sales,22,2,0
EMP-0528,2025-09-01,Sales,20,0,1
EMP-0528,2025-10-01,Sales,21,1,2
EMP-0528,2025-11-01,Sales,21,0,2
EMP-0528,2025-12-01,Sales,23,0,0
EMP-0529,2025-08-01,Customer Service,23,2,2
EMP-0529,2025-09-01,Customer Service,21,0,1
EMP-0529,2025-10-01,Customer Service,22,2,0
EMP-0529,2025-11-01,Customer Service,23,0,1
EMP-0530,2025-06-01,Customer Service,21,1,0
EMP-0530,2025-07-01,Customer Service,20,2,1
EMP-0530,2025-08-01,Customer Service,20,1,0
EMP-0530,2025-09-01,Customer Service,22,2,2
EMP-0530,2025-10-01,Customer Service,23,1,0
EMP-0530,2025-11-01,Customer Service,23,3,0
EMP-0530,2025-12-01,Customer Service,21,3,0
EMP-0531,2025-08-01,Sales,20,1,0
EMP-0531,2025-09-01,Sales,22,1,2
EMP-0531,2025-10-01,Sales,20,1,0
EMP-0531,2025-11-01,Sales,23,1,0
EMP-0531,2025-12-01,Sales,22,0,2
EMP-0532,2024-03-01,Customer Service,21,0,2
EMP-0532,2024-04-01,Customer Service,20,1,2
EMP-0532,2024-05-01,Customer Service,20,0,1
EMP-0532,2024-06-01,Customer Service,23,2,0
EMP-0532,2024-07-01,Customer Service,22,0,0
EMP-0532,2024-08-01,Customer Service,20,1,0
EMP-0532,2024-09-01,Customer Service,22,0,0
EMP-0532,2024-10-01,Customer Service,23,1,2
EMP-0532,2024-11-01,Customer Service,22,1,1
EMP-0532,2024-12-01,Customer Service,22,0,1
EMP-0532,2025-01-01,Customer Service,23,0,0
EMP-0532,2025-02-01,Customer Service,22,1,2
EMP-0532,2025-03-01,Customer Service,22,2,0
EMP-0532,2025-04-01,Customer Service,23,1,1
EMP-0532,2025-05-01,Customer Service,20,1,0
EMP-0532,2025-06-01,Customer Service,22,0,1
EMP-0532,2025-07-01,Customer Service,23,0,2
EMP-0532,2025-08-01,Customer Service,23,0,1
EMP-0532,2025-09-01,Customer Service,22,2,0
EMP-0532,2025-10-01,Customer Service,21,0,1
EMP-0532,2025-11-01,Customer Service,20,1,1
EMP-0532,2025-12-01,Customer Service,21,0,0
EMP-0533,2024-06-01,Sales,22,0,1
EMP-0533,2024-07-01,Sales,22,0,0
EMP-0533,2024-08-01,Sales,21,0,0
EMP-0533,2024-09-01,Sales,23,2,0
EMP-0533,2024-10-01,Sales,22,1,1
EMP-0533,2024-11-01,Sales,20,0,1
EMP-0533,2024-12-01,Sales,22,2,0
EMP-0533,2025-01-01,Sales,21,0,0
EMP-0533,2025-02-01,Sales,21,0,0
EMP-0533,2025-03-01,Sales,21,1,2
EMP-0533,2025-04-01,Sales,21,0,0
EMP-0533,2025-05-01,Sales,23,1,2
EMP-0533,2025-06-01,Sales,22,1,0
EMP-0533,2025-07-01,Sales,23,0,0
EMP-0533,2025-08-01,Sales,21,1,1
EMP-0533,2025-09-01,Sales,20,1,1
EMP-0533,2025-10-01,Sales,22,0,0
EMP-0533,2025-11-01,Sales,20,2,0
EMP-0533,2025-12-01,Sales,22,3,2
EMP-0534,2025-01-01,Sales,20,1,1
EMP-0534,2025-02-01,Sales,21,0,0
EMP-0534,2025-03-01,Sales,21,0,2
EMP-0534,2025-04-01,Sales,21,0,1
EMP-0534,2025-05-01,Sales,23,0,1
EMP-0534,2025-06-01,Sales,21,0,0
EMP-0534,2025-07-01,Sales,20,0,0
EMP-0534,2025-08-01,Sales,22,1,2
EMP-0535,2024-07-01,Operations,22,0,0
EMP-0535,2024-08-01,Operations,23,0,2
EMP-0535,2024-09-01,Operations,23,1,0
EMP-0535,2024-10-01,Operations,22,0,1
EMP-0535,2024-11-01,Operations,21,2,0
EMP-0535,2024-12-01,Operations,22,1,0
EMP-0535,2025-01-01,Operations,21,0,3
EMP-0535,2025-02-01,Operations,21,1,0
EMP-0535,2025-03-01,Operations,23,0,0
EMP-0535,2025-04-01,Operations,23,0,0
EMP-0535,2025-05-01,Operations,20,0,1
EMP-0535,2025-06-01,Operations,20,1,0
EMP-0535,2025-07-01,Operations,22,0,0
EMP-0535,2025-08-01,Operations,21,0,2
EMP-0535,2025-09-01,Operations,21,1,2
EMP-0535,2025-10-01,Operations,22,0,1
EMP-0535,2025-11-01,Operations,23,0,2
EMP-0535,2025-12-01,Operations,21,0,1
EMP-0536,2024-11-01,Sales,23,0,2
EMP-0536,2024-12-01,Sales,21,1,2
EMP-0536,2025-01-01,Sales,21,2,0
EMP-0536,2025-02-01,Sales,22,0,3
EMP-0536,2025-03-01,Sales,21,1,2
EMP-0536,2025-04-01,Sales,22,0,0
EMP-0536,2025-05-01,Sales,20,0,3
EMP-0536,2025-06-01,Sales,22,1,3
EMP-0536,2025-07-01,Sales,21,0,0
EMP-0536,2025-08-01,Sales,20,0,1
EMP-0536,2025-09-01,Sales,20,1,0
EMP-0536,2025-10-01,Sales,22,0,0
EMP-0536,2025-11-01,Sales,23,0,3
EMP-0536,2025-12-01,Sales,23,1,0
EMP-0537,2025-04-01,Sales,23,0,1
EMP-0537,2025-05-01,Sales,23,1,1
EMP-0537,2025-06-01,Sales,21,1,3
EMP-0537,2025-07-01,Sales,20,0,0
EMP-0537,2025-08-01,Sales,21,0,3
EMP-0537,2025-09-01,Sales,23,0,1
EMP-0537,2025-10-01,Sales,22,0,1
EMP-0537,2025-11-01,Sales,22,1,0
EMP-0537,2025-12-01,Sales,21,1,1
EMP-0538,2025-10-01,Human Resources,21,1,2
EMP-0538,2025-11-01,Human Resources,20,0,2
EMP-0538,2025-12-01,Human Resources,22,0,2
EMP-0539,2025-04-01,Human Resources,23,0,1
EMP-0539,2025-05-01,Human Resources,22,0,3
EMP-0539,2025-06-01,Human Resources,23,0,1
EMP-0539,2025-07-01,Human Resources,21,0,0
EMP-0539,2025-08-01,Human Resources,22,0,0
EMP-0539,2025-09-01,Human Resources,23,0,0
EMP-0539,2025-10-01,Human Resources,22,0,1
EMP-0539,2025-11-01,Human Resources,22,0,0
EMP-0539,2025-12-01,Human Resources,21,2,3
EMP-0540,2025-11-01,Marketing,20,0,0
EMP-0540,2025-12-01,Marketing,22,1,0
EMP-0541,2025-03-01,Sales,22,0,1
EMP-0541,2025-04-01,Sales,21,0,1
EMP-0541,2025-05-01,Sales,20,0,0
EMP-0541,2025-06-01,Sales,23,0,1
EMP-0541,2025-07-01,Sales,23,0,1
EMP-0541,2025-08-01,Sales,21,0,1
EMP-0541,2025-09-01,Sales,21,1,1
EMP-0541,2025-10-01,Sales,22,2,0
EMP-0541,2025-11-01,Sales,23,0,1
EMP-0541,2025-12-01,Sales,21,1,2
EMP-0542,2025-02-01,Customer Service,23,0,0
EMP-0542,2025-03-01,Customer Service,21,1,1
EMP-0542,2025-04-01,Customer Service,23,1,0
EMP-0542,2025-05-01,Customer Service,22,0,3
EMP-0542,2025-06-01,Customer Service,21,0,1
EMP-0542,2025-07-01,Customer Service,22,0,0
EMP-0542,2025-08-01,Customer Service,21,0,0
EMP-0542,2025-09-01,Customer Service,20,0,3
EMP-0542,2025-10-01,Customer Service,22,0,0
EMP-0542,2025-11-01,Customer Service,21,0,1
EMP-0542,2025-12-01,Customer Service,22,1,1
EMP-0543,2024-11-01,Customer Service,21,1,1
EMP-0543,2024-12-01,Customer Service,21,0,0
EMP-0543,2025-01-01,Customer Service,22,1,0
EMP-0543,2025-02-01,Customer Service,20,0,1
EMP-0543,2025-03-01,Customer Service,22,0,0
EMP-0543,2025-04-01,Customer Service,21,0,0
EMP-0543,2025-05-01,Customer Service,20,0,0
EMP-0543,2025-06-01,Customer Service,21,0,3
EMP-0543,2025-07-01,Customer Service,22,1,1
EMP-0543,2025-08-01,Customer Service,23,0,1
EMP-0543,2025-09-01,Customer Service,23,1,5
EMP-0543,2025-10-01,Customer Service,21,0,0
EMP-0543,2025-11-01,Customer Service,23,0,1
EMP-0543,2025-12-01,Customer Service,23,0,0
EMP-0544,2025-06-01,Sales,22,1,2
EMP-0544,2025-07-01,Sales,21,0,0
EMP-0545,2025-10-01,Customer Service,20,1,0
EMP-0545,2025-11-01,Customer Service,23,0,1
EMP-0545,2025-12-01,Customer Service,23,0,1
EMP-0546,2024-08-01,Operations,21,0,0
EMP-0546,2024-09-01,Operations,20,0,0
EMP-0546,2024-10-01,Operations,23,2,1
EMP-0546,2024-11-01,Operations,23,0,0
EMP-0546,2024-12-01,Operations,20,0,1
EMP-0546,2025-01-01,Operations,22,1,2
EMP-0546,2025-02-01,Operations,23,0,1
EMP-0546,2025-03-01,Operations,23,1,0
EMP-0546,2025-04-01,Operations,23,0,2
EMP-0546,2025-05-01,Operations,22,1,2
EMP-0546,2025-06-01,Operations,23,2,2
EMP-0546,2025-07-01,Operations,23,0,0
EMP-0546,2025-08-01,Operations,23,0,0
EMP-0546,2025-09-01,Operations,23,0,0
EMP-0546,2025-10-01,Operations,23,0,2
EMP-0546,2025-11-01,Operations,20,0,0
EMP-0546,2025-12-01,Operations,23,1,1
EMP-0547,2024-03-01,Operations,20,0,3
EMP-0547,2024-04-01,Operations,21,2,0
EMP-0547,2024-05-01,Operations,20,2,0
EMP-0547,2024-06-01,Operations,21,3,1
EMP-0547,2024-07-01,Operations,21,3,3
EMP-0547,2024-08-01,Operations,21,3,2
EMP-0547,2024-09-01,Operations,23,1,1
EMP-0547,2024-10-01,Operations,20,3,0
EMP-0547,2024-11-01,Operations,21,1,0
EMP-0547,2024-12-01,Operations,23,1,2
EMP-0547,2025-01-01,Operations,20,2,2
EMP-0547,2025-02-01,Operations,20,1,0
EMP-0547,2025-03-01,Operations,20,3,1
EMP-0547,2025-04-01,Operations,23,2,0
EMP-0547,2025-05-01,Operations,21,2,0
EMP-0547,2025-06-01,Operations,20,3,0
EMP-0547,2025-07-01,Operations,23,0,0
EMP-0547,2025-08-01,Operations,23,1,0
EMP-0547,2025-09-01,Operations,20,0,2
EMP-0547,2025-10-01,Operations,20,1,3
EMP-0547,2025-11-01,Operations,20,3,1
EMP-0547,2025-12-01,Operations,23,1,0
EMP-0548,2024-06-01,Marketing,22,1,2
EMP-0548,2024-07-01,Marketing,23,1,2
EMP-0548,2024-08-01,Marketing,20,0,2
EMP-0548,2024-09-01,Marketing,21,0,2
EMP-0548,2024-10-01,Marketing,22,0,0
EMP-0548,2024-11-01,Marketing,23,2,0
EMP-0548,2024-12-01,Marketing,23,1,1
EMP-0548,2025-01-01,Marketing,21,1,3
EMP-0548,2025-02-01,Marketing,23,2,2
EMP-0548,2025-03-01,Marketing,22,1,1
EMP-0548,2025-04-01,Marketing,21,0,2
EMP-0548,2025-05-01,Marketing,20,0,1
EMP-0548,2025-06-01,Marketing,22,0,1
EMP-0548,2025-07-01,Marketing,21,0,1
EMP-0548,2025-08-01,Marketing,22,0,0
EMP-0548,2025-09-01,Marketing,23,1,2
EMP-0548,2025-10-01,Marketing,21,1,0
EMP-0548,2025-11-01,Marketing,20,0,2
EMP-0548,2025-12-01,Marketing,23,2,2
EMP-0549,2025-06-01,Finance,21,1,2
EMP-0549,2025-07-01,Finance,22,2,0
EMP-0549,2025-08-01,Finance,23,1,1
EMP-0549,2025-09-01,Finance,22,1,1
EMP-0549,2025-10-01,Finance,22,0,1
EMP-0549,2025-11-01,Finance,20,0,0
EMP-0549,2025-12-01,Finance,21,1,2
EMP-0550,2025-02-01,Operations,22,0,2
EMP-0550,2025-03-01,Operations,21,0,1
EMP-0550,2025-04-01,Operations,23,0,3
EMP-0550,2025-05-01,Operations,20,0,1
EMP-0551,2025-05-01,Operations,20,0,2
EMP-0551,2025-06-01,Operations,20,0,2
EMP-0551,2025-07-01,Operations,21,1,2
EMP-0552,2024-06-01,Marketing,20,0,0
EMP-0552,2024-07-01,Marketing,22,0,0
EMP-0552,2024-08-01,Marketing,23,0,1
EMP-0552,2024-09-01,Marketing,22,1,0
EMP-0552,2024-10-01,Marketing,21,0,0
EMP-0552,2024-11-01,Marketing,23,1,1
EMP-0552,2024-12-01,Marketing,23,0,2
EMP-0552,2025-01-01,Marketing,21,0,2
EMP-0552,2025-02-01,Marketing,23,1,0
EMP-0552,2025-03-01,Marketing,20,0,0
EMP-0552,2025-04-01,Marketing,20,0,2
EMP-0552,2025-05-01,Marketing,22,0,1
EMP-0552,2025-06-01,Marketing,20,0,2
EMP-0552,2025-07-01,Marketing,20,0,2
EMP-0552,2025-08-01,Marketing,23,0,2
EMP-0552,2025-09-01,Marketing,23,0,3
EMP-0552,2025-10-01,Marketing,20,0,1
EMP-0552,2025-11-01,Marketing,22,0,0
EMP-0552,2025-12-01,Marketing,22,0,2
EMP-0553,2025-02-01,Marketing,22,1,2
EMP-0553,2025-03-01,Marketing,23,2,1
EMP-0553,2025-04-01,Marketing,22,1,2
EMP-0553,2025-05-01,Marketing,21,1,0
EMP-0553,2025-06-01,Marketing,22,2,2
EMP-0553,2025-07-01,Marketing,21,0,0
EMP-0553,2025-08-01,Marketing,22,3,1
EMP-0553,2025-09-01,Marketing,22,2,2
EMP-0553,2025-10-01,Marketing,21,1,2
EMP-0553,2025-11-01,Marketing,22,2,0
EMP-0553,2025-12-01,Marketing,20,2,0
EMP-0554,2024-11-01,Marketing,23,0,2
EMP-0554,2024-12-01,Marketing,20,0,0
EMP-0554,2025-01-01,Marketing,20,0,0
EMP-0554,2025-02-01,Marketing,20,0,1
EMP-0554,2025-03-01,Marketing,22,1,1
EMP-0554,2025-04-01,Marketing,23,0,0
EMP-0554,2025-05-01,Marketing,20,1,0
EMP-0554,2025-06-01,Marketing,22,0,0
EMP-0554,2025-07-01,Marketing,22,1,0
EMP-0554,2025-08-01,Marketing,21,0,0
EMP-0554,2025-09-01,Marketing,20,0,1
EMP-0554,2025-10-01,Marketing,23,2,0
EMP-0554,2025-11-01,Marketing,21,2,1
EMP-0554,2025-12-01,Marketing,22,0,1
EMP-0555,2025-04-01,Sales,21,1,2
EMP-0555,2025-05-01,Sales,22,0,0
EMP-0555,2025-06-01,Sales,23,1,0
EMP-0555,2025-07-01,Sales,20,2,1
EMP-0555,2025-08-01,Sales,22,4,3
EMP-0555,2025-09-01,Sales,22,0,2
EMP-0555,2025-10-01,Sales,21,2,2
EMP-0555,2025-11-01,Sales,23,2,0
EMP-0555,2025-12-01,Sales,20,0,0
EMP-0556,2025-03-01,Marketing,22,2,0
EMP-0556,2025-04-01,Marketing,21,1,1
EMP-0556,2025-05-01,Marketing,23,1,0
EMP-0556,2025-06-01,Marketing,20,0,0
EMP-0556,2025-07-01,Marketing,20,2,1
EMP-0556,2025-08-01,Marketing,23,0,0
EMP-0556,2025-09-01,Marketing,21,1,2
EMP-0556,2025-10-01,Marketing,21,0,0
EMP-0556,2025-11-01,Marketing,22,1,1
EMP-0556,2025-12-01,Marketing,23,0,0
EMP-0557,2025-06-01,Human Resources,23,1,0
EMP-0557,2025-07-01,Human Resources,23,0,2
EMP-0557,2025-08-01,Human Resources,22,0,1
EMP-0557,2025-09-01,Human Resources,22,0,0
EMP-0557,2025-10-01,Human Resources,23,1,0
EMP-0557,2025-11-01,Human Resources,22,1,1
EMP-0557,2025-12-01,Human Resources,23,0,1
EMP-0558,2024-01-01,Human Resources,22,0,3
EMP-0558,2024-02-01,Human Resources,23,0,3
EMP-0558,2024-03-01,Human Resources,22,1,0
EMP-0558,2024-04-01,Human Resources,21,0,2
EMP-0558,2024-05-01,Human Resources,22,0,0
EMP-0558,2024-06-01,Human Resources,23,0,0
EMP-0558,2024-07-01,Human Resources,20,1,2
EMP-0558,2024-08-01,Human Resources,20,0,1
EMP-0558,2024-09-01,Human Resources,23,1,0
EMP-0558,2024-10-01,Human Resources,20,1,0
EMP-0558,2024-11-01,Human Resources,23,0,1
EMP-0558,2024-12-01,Human Resources,22,0,1
EMP-0558,2025-01-01,Human Resources,20,0,2
EMP-0558,2025-02-01,Human Resources,20,0,2
EMP-0558,2025-03-01,Human Resources,22,0,1
EMP-0558,2025-04-01,Human Resources,22,1,3
EMP-0558,2025-05-01,Human Resources,21,0,0
EMP-0558,2025-06-01,Human Resources,23,1,1
EMP-0558,2025-07-01,Human Resources,21,0,1
EMP-0558,2025-08-01,Human Resources,21,1,2
EMP-0558,2025-09-01,Human Resources,22,0,1
EMP-0558,2025-10-01,Human Resources,23,1,0
EMP-0558,2025-11-01,Human Resources,22,1,0
EMP-0558,2025-12-01,Human Resources,21,0,0
EMP-0559,2025-09-01,Customer Service,23,0,1
EMP-0559,2025-10-01,Customer Service,22,1,3
EMP-0559,2025-11-01,Customer Service,22,0,0
EMP-0559,2025-12-01,Customer Service,21,2,1
EMP-0560,2024-06-01,Marketing,22,1,0
EMP-0560,2024-07-01,Marketing,21,2,1
EMP-0560,2024-08-01,Marketing,22,1,2
EMP-0560,2024-09-01,Marketing,21,0,0
EMP-0560,2024-10-01,Marketing,20,1,2
EMP-0560,2024-11-01,Marketing,22,1,0
EMP-0560,2024-12-01,Marketing,20,0,2
EMP-0560,2025-01-01,Marketing,20,0,1
EMP-0560,2025-02-01,Marketing,20,1,2
EMP-0560,2025-03-01,Marketing,21,2,3
EMP-0560,2025-04-01,Marketing,23,1,1
EMP-0560,2025-05-01,Marketing,23,1,0
EMP-0560,2025-06-01,Marketing,21,0,1
EMP-0560,2025-07-01,Marketing,23,1,1
EMP-0560,2025-08-01,Marketing,22,0,4
EMP-0560,2025-09-01,Marketing,22,1,3
EMP-0560,2025-10-01,Marketing,22,0,1
EMP-0560,2025-11-01,Marketing,22,1,1
EMP-0560,2025-12-01,Marketing,20,3,0
EMP-0561,2024-05-01,Marketing,21,1,1
EMP-0561,2024-06-01,Marketing,22,2,0
EMP-0561,2024-07-01,Marketing,23,1,2
EMP-0561,2024-08-01,Marketing,22,0,2
EMP-0561,2024-09-01,Marketing,21,0,2
EMP-0561,2024-10-01,Marketing,20,1,2
EMP-0561,2024-11-01,Marketing,22,0,2
EMP-0561,2024-12-01,Marketing,23,0,1
EMP-0561,2025-01-01,Marketing,22,0,0
EMP-0561,2025-02-01,Marketing,21,1,2
EMP-0561,2025-03-01,Marketing,21,0,0
EMP-0561,2025-04-01,Marketing,21,0,0
EMP-0561,2025-05-01,Marketing,21,2,0
EMP-0561,2025-06-01,Marketing,23,1,1
EMP-0561,2025-07-01,Marketing,21,0,0
EMP-0561,2025-08-01,Marketing,22,2,0
EMP-0561,2025-09-01,Marketing,22,0,0
EMP-0561,2025-10-01,Marketing,21,1,2
EMP-0561,2025-11-01,Marketing,23,0,1
EMP-0561,2025-12-01,Marketing,21,0,0
EMP-0562,2025-03-01,Customer Service,22,0,0
EMP-0562,2025-04-01,Customer Service,22,0,0
EMP-0562,2025-05-01,Customer Service,23,0,3
EMP-0562,2025-06-01,Customer Service,20,0,1
EMP-0562,2025-07-01,Customer Service,22,0,0
EMP-0562,2025-08-01,Customer Service,21,1,2
EMP-0562,2025-09-01,Customer Service,21,0,0
EMP-0562,2025-10-01,Customer Service,20,0,0
EMP-0562,2025-11-01,Customer Service,21,0,1
EMP-0562,2025-12-01,Customer Service,23,0,0
EMP-0563,2025-02-01,Customer Service,23,1,1
EMP-0563,2025-03-01,Customer Service,20,0,0
EMP-0563,2025-04-01,Customer Service,20,0,2
EMP-0563,2025-05-01,Customer Service,23,1,0
EMP-0563,2025-06-01,Customer Service,22,0,0
EMP-0563,2025-07-01,Customer Service,21,1,2
EMP-0564,2025-01-01,Finance,22,1,0
EMP-0564,2025-02-01,Finance,22,2,0
EMP-0564,2025-03-01,Finance,22,1,0
EMP-0564,2025-04-01,Finance,20,1,0
EMP-0564,2025-05-01,Finance,21,1,0
EMP-0564,2025-06-01,Finance,22,3,0
EMP-0564,2025-07-01,Finance,21,2,0
EMP-0564,2025-08-01,Finance,20,2,3
EMP-0564,2025-09-01,Finance,23,0,1
EMP-0564,2025-10-01,Finance,22,4,0
EMP-0564,2025-11-01,Finance,22,1,1
EMP-0564,2025-12-01,Finance,22,0,0
EMP-0565,2024-06-01,Customer Service,23,0,1
EMP-0565,2024-07-01,Customer Service,23,0,3
EMP-0565,2024-08-01,Customer Service,20,0,2
EMP-0565,2024-09-01,Customer Service,22,0,1
EMP-0565,2024-10-01,Customer Service,22,0,2
EMP-0565,2024-11-01,Customer Service,23,0,2
EMP-0565,2024-12-01,Customer Service,21,0,1
EMP-0565,2025-01-01,Customer Service,21,0,1
EMP-0565,2025-02-01,Customer Service,22,1,2
EMP-0565,2025-03-01,Customer Service,20,1,0
EMP-0565,2025-04-01,Customer Service,23,1,0
EMP-0565,2025-05-01,Customer Service,22,0,0
EMP-0565,2025-06-01,Customer Service,21,0,1
EMP-0565,2025-07-01,Customer Service,20,1,0
EMP-0565,2025-08-01,Customer Service,22,1,0
EMP-0565,2025-09-01,Customer Service,23,0,0
EMP-0565,2025-10-01,Customer Service,20,1,0
EMP-0565,2025-11-01,Customer Service,20,0,0
EMP-0565,2025-12-01,Customer Service,20,0,0
EMP-0566,2025-08-01,IT & Data,22,2,3
EMP-0566,2025-09-01,IT & Data,21,2,0
EMP-0566,2025-10-01,IT & Data,20,0,1
EMP-0566,2025-11-01,IT & Data,20,1,0
EMP-0566,2025-12-01,IT & Data,23,0,1
EMP-0567,2024-06-01,Sales,20,2,2
EMP-0567,2024-07-01,Sales,21,1,0
EMP-0567,2024-08-01,Sales,22,1,0
EMP-0567,2024-09-01,Sales,23,1,2
EMP-0567,2024-10-01,Sales,21,4,1
EMP-0567,2024-11-01,Sales,23,3,0
EMP-0567,2024-12-01,Sales,20,2,1
EMP-0567,2025-01-01,Sales,22,1,1
EMP-0567,2025-02-01,Sales,21,1,3
EMP-0567,2025-03-01,Sales,23,4,2
EMP-0567,2025-04-01,Sales,20,3,2
EMP-0567,2025-05-01,Sales,21,1,1
EMP-0567,2025-06-01,Sales,22,1,2
EMP-0567,2025-07-01,Sales,20,3,2
EMP-0567,2025-08-01,Sales,21,0,0
EMP-0567,2025-09-01,Sales,23,1,1
EMP-0567,2025-10-01,Sales,22,2,0
EMP-0567,2025-11-01,Sales,21,0,0
EMP-0567,2025-12-01,Sales,22,2,1
EMP-0568,2024-01-01,IT & Data,23,0,0
EMP-0568,2024-02-01,IT & Data,23,3,1
EMP-0568,2024-03-01,IT & Data,22,0,1
EMP-0568,2024-04-01,IT & Data,23,0,3
EMP-0568,2024-05-01,IT & Data,23,2,1
EMP-0568,2024-06-01,IT & Data,22,0,3
EMP-0568,2024-07-01,IT & Data,20,1,2
EMP-0568,2024-08-01,IT & Data,22,1,3
EMP-0568,2024-09-01,IT & Data,22,2,0
EMP-0568,2024-10-01,IT & Data,23,0,1
EMP-0568,2024-11-01,IT & Data,22,1,0
EMP-0568,2024-12-01,IT & Data,22,1,2
EMP-0568,2025-01-01,IT & Data,22,2,1
EMP-0568,2025-02-01,IT & Data,22,0,2
EMP-0568,2025-03-01,IT & Data,23,2,0
EMP-0568,2025-04-01,IT & Data,20,1,0
EMP-0568,2025-05-01,IT & Data,21,0,1
EMP-0568,2025-06-01,IT & Data,20,2,1
EMP-0568,2025-07-01,IT & Data,22,1,1
EMP-0568,2025-08-01,IT & Data,22,3,2
EMP-0568,2025-09-01,IT & Data,20,2,0
EMP-0568,2025-10-01,IT & Data,22,2,0
EMP-0568,2025-11-01,IT & Data,21,3,2
EMP-0568,2025-12-01,IT & Data,20,1,1
EMP-0569,2025-10-01,Sales,21,0,1
EMP-0569,2025-11-01,Sales,21,1,0
EMP-0569,2025-12-01,Sales,23,0,0
EMP-0570,2024-12-01,Sales,20,0,0
EMP-0570,2025-01-01,Sales,21,1,1
EMP-0570,2025-02-01,Sales,21,0,2
EMP-0570,2025-03-01,Sales,21,2,1
EMP-0570,2025-04-01,Sales,22,3,0
EMP-0570,2025-05-01,Sales,20,2,2
EMP-0570,2025-06-01,Sales,23,1,1
EMP-0570,2025-07-01,Sales,21,1,0
EMP-0570,2025-08-01,Sales,22,2,2
EMP-0570,2025-09-01,Sales,21,3,0
EMP-0570,2025-10-01,Sales,21,1,0
EMP-0570,2025-11-01,Sales,23,2,0
EMP-0570,2025-12-01,Sales,22,0,1
EMP-0571,2024-01-01,Sales,20,0,0
EMP-0571,2024-02-01,Sales,20,0,0
EMP-0572,2025-05-01,Marketing,23,2,1
EMP-0572,2025-06-01,Marketing,21,1,3
EMP-0572,2025-07-01,Marketing,21,2,0
EMP-0572,2025-08-01,Marketing,21,2,1
EMP-0572,2025-09-01,Marketing,22,1,0
EMP-0572,2025-10-01,Marketing,23,1,0
EMP-0572,2025-11-01,Marketing,21,3,1
EMP-0572,2025-12-01,Marketing,23,2,1
EMP-0573,2024-09-01,Marketing,21,0,0
EMP-0573,2024-10-01,Marketing,20,0,0
EMP-0573,2024-11-01,Marketing,22,0,0
EMP-0573,2024-12-01,Marketing,22,1,0
EMP-0573,2025-01-01,Marketing,23,0,2
EMP-0573,2025-02-01,Marketing,23,0,0
EMP-0573,2025-03-01,Marketing,23,0,0
EMP-0573,2025-04-01,Marketing,23,1,2
EMP-0573,2025-05-01,Marketing,20,1,2
EMP-0573,2025-06-01,Marketing,20,0,1
EMP-0573,2025-07-01,Marketing,22,2,1
EMP-0573,2025-08-01,Marketing,23,0,1
EMP-0573,2025-09-01,Marketing,20,1,0
EMP-0573,2025-10-01,Marketing,21,2,0
EMP-0573,2025-11-01,Marketing,20,1,2
EMP-0573,2025-12-01,Marketing,22,1,1
EMP-0574,2025-11-01,Operations,23,0,1
EMP-0574,2025-12-01,Operations,23,0,1
EMP-0575,2024-02-01,Operations,23,1,2
EMP-0575,2024-03-01,Operations,23,1,0
EMP-0575,2024-04-01,Operations,23,1,0
EMP-0575,2024-05-01,Operations,23,1,2
EMP-0575,2024-06-01,Operations,23,1,1
EMP-0575,2024-07-01,Operations,21,0,0
EMP-0575,2024-08-01,Operations,23,0,1
EMP-0575,2024-09-01,Operations,20,0,1
EMP-0575,2024-10-01,Operations,23,1,0
EMP-0575,2024-11-01,Operations,22,0,0
EMP-0575,2024-12-01,Operations,21,2,1
EMP-0575,2025-01-01,Operations,23,0,1
EMP-0575,2025-02-01,Operations,23,0,2
EMP-0575,2025-03-01,Operations,20,1,0
EMP-0575,2025-04-01,Operations,22,0,1
EMP-0575,2025-05-01,Operations,23,1,1
EMP-0575,2025-06-01,Operations,21,0,0
EMP-0575,2025-07-01,Operations,22,0,0
EMP-0575,2025-08-01,Operations,22,0,1
EMP-0575,2025-09-01,Operations,20,0,0
EMP-0575,2025-10-01,Operations,20,0,0
EMP-0575,2025-11-01,Operations,21,1,2
EMP-0575,2025-12-01,Operations,22,0,1
EMP-0576,2025-01-01,Customer Service,23,0,0
EMP-0576,2025-02-01,Customer Service,23,2,1
EMP-0576,2025-03-01,Customer Service,22,2,0
EMP-0576,2025-04-01,Customer Service,20,2,0
EMP-0576,2025-05-01,Customer Service,21,0,2
EMP-0576,2025-06-01,Customer Service,22,1,1
EMP-0576,2025-07-01,Customer Service,23,2,0
EMP-0576,2025-08-01,Customer Service,20,0,0
EMP-0576,2025-09-01,Customer Service,20,0,1
EMP-0576,2025-10-01,Customer Service,22,1,0
EMP-0576,2025-11-01,Customer Service,21,0,0
EMP-0576,2025-12-01,Customer Service,21,1,1
EMP-0577,2025-07-01,Sales,22,0,1
EMP-0577,2025-08-01,Sales,22,1,1
EMP-0577,2025-09-01,Sales,22,0,1
EMP-0577,2025-10-01,Sales,21,1,1
EMP-0577,2025-11-01,Sales,22,0,2
EMP-0577,2025-12-01,Sales,22,1,1
EMP-0578,2024-10-01,Operations,20,2,1
EMP-0578,2024-11-01,Operations,22,0,0
EMP-0578,2024-12-01,Operations,20,1,0
EMP-0578,2025-01-01,Operations,20,1,2
EMP-0578,2025-02-01,Operations,21,0,0
EMP-0578,2025-03-01,Operations,20,0,1
EMP-0578,2025-04-01,Operations,21,0,0
EMP-0578,2025-05-01,Operations,20,0,3
EMP-0578,2025-06-01,Operations,23,1,0
EMP-0578,2025-07-01,Operations,21,0,0
EMP-0578,2025-08-01,Operations,21,0,1
EMP-0578,2025-09-01,Operations,23,0,0
EMP-0578,2025-10-01,Operations,23,0,3
EMP-0578,2025-11-01,Operations,22,1,2
EMP-0578,2025-12-01,Operations,21,1,2
EMP-0579,2025-06-01,Customer Service,22,1,1
EMP-0579,2025-07-01,Customer Service,23,2,0
EMP-0579,2025-08-01,Customer Service,23,0,2
EMP-0579,2025-09-01,Customer Service,23,0,2
EMP-0579,2025-10-01,Customer Service,23,1,2
EMP-0579,2025-11-01,Customer Service,23,1,0
EMP-0579,2025-12-01,Customer Service,23,0,0
EMP-0580,2024-03-01,IT & Data,23,0,2
EMP-0580,2024-04-01,IT & Data,22,0,0
EMP-0580,2024-05-01,IT & Data,20,0,0
EMP-0580,2024-06-01,IT & Data,20,0,0
EMP-0580,2024-07-01,IT & Data,23,1,2
EMP-0580,2024-08-01,IT & Data,20,1,0
EMP-0580,2024-09-01,IT & Data,21,1,0
EMP-0580,2024-10-01,IT & Data,22,0,0
EMP-0580,2024-11-01,IT & Data,23,2,1
EMP-0580,2024-12-01,IT & Data,20,0,0
EMP-0580,2025-01-01,IT & Data,20,0,0
EMP-0580,2025-02-01,IT & Data,22,1,1
EMP-0580,2025-03-01,IT & Data,22,0,2
EMP-0580,2025-04-01,IT & Data,21,0,3
EMP-0580,2025-05-01,IT & Data,23,0,1
EMP-0580,2025-06-01,IT & Data,22,1,0
EMP-0580,2025-07-01,IT & Data,22,1,0
EMP-0580,2025-08-01,IT & Data,23,0,2
EMP-0580,2025-09-01,IT & Data,22,2,1
EMP-0580,2025-10-01,IT & Data,23,1,0
EMP-0580,2025-11-01,IT & Data,21,1,1
EMP-0580,2025-12-01,IT & Data,22,0,0
EMP-0581,2024-01-01,Sales,22,0,0
EMP-0581,2024-02-01,Sales,23,1,1
EMP-0581,2024-03-01,Sales,21,0,0
EMP-0581,2024-04-01,Sales,20,2,0
EMP-0581,2024-05-01,Sales,21,2,4
EMP-0581,2024-06-01,Sales,23,1,0
EMP-0581,2024-07-01,Sales,20,2,2
EMP-0581,2024-08-01,Sales,23,2,0
EMP-0581,2024-09-01,Sales,20,1,1
EMP-0581,2024-10-01,Sales,22,0,1
EMP-0581,2024-11-01,Sales,21,2,1
EMP-0581,2024-12-01,Sales,23,1,0
EMP-0581,2025-01-01,Sales,22,2,1
EMP-0581,2025-02-01,Sales,22,2,0
EMP-0581,2025-03-01,Sales,23,3,2
EMP-0581,2025-04-01,Sales,22,1,0
EMP-0581,2025-05-01,Sales,23,0,0
EMP-0581,2025-06-01,Sales,23,1,0
EMP-0581,2025-07-01,Sales,21,2,3
EMP-0581,2025-08-01,Sales,23,2,0
EMP-0581,2025-09-01,Sales,23,1,2
EMP-0581,2025-10-01,Sales,23,0,1
EMP-0581,2025-11-01,Sales,22,0,0
EMP-0581,2025-12-01,Sales,22,0,0
EMP-0582,2025-09-01,Finance,22,0,0
EMP-0582,2025-10-01,Finance,21,0,1
EMP-0582,2025-11-01,Finance,20,0,1
EMP-0582,2025-12-01,Finance,20,1,1
EMP-0583,2024-01-01,IT & Data,22,3,0
EMP-0583,2024-02-01,IT & Data,20,1,1
EMP-0583,2024-03-01,IT & Data,20,0,0
EMP-0583,2024-04-01,IT & Data,20,1,0
EMP-0583,2024-05-01,IT & Data,20,2,1
EMP-0583,2024-06-01,IT & Data,20,1,0
EMP-0583,2024-07-01,IT & Data,22,1,0
EMP-0583,2024-08-01,IT & Data,23,1,0
EMP-0583,2024-09-01,IT & Data,22,1,4
EMP-0583,2024-10-01,IT & Data,22,1,0
EMP-0583,2024-11-01,IT & Data,23,1,1
EMP-0583,2024-12-01,IT & Data,21,3,2
EMP-0583,2025-01-01,IT & Data,22,0,0
EMP-0583,2025-02-01,IT & Data,23,2,0
EMP-0583,2025-03-01,IT & Data,22,1,1
EMP-0583,2025-04-01,IT & Data,22,1,2
EMP-0583,2025-05-01,IT & Data,23,2,1
EMP-0583,2025-06-01,IT & Data,23,0,0
EMP-0583,2025-07-01,IT & Data,22,3,0
EMP-0583,2025-08-01,IT & Data,22,2,1
EMP-0583,2025-09-01,IT & Data,23,2,1
EMP-0583,2025-10-01,IT & Data,20,2,1
EMP-0583,2025-11-01,IT & Data,23,1,1
EMP-0583,2025-12-01,IT & Data,23,2,1
EMP-0584,2024-05-01,Sales,21,0,0
EMP-0584,2024-06-01,Sales,22,0,1
EMP-0584,2024-07-01,Sales,21,0,2
EMP-0584,2024-08-01,Sales,21,1,1
EMP-0584,2024-09-01,Sales,21,0,0
EMP-0584,2024-10-01,Sales,20,1,0
EMP-0584,2024-11-01,Sales,23,0,0
EMP-0584,2024-12-01,Sales,22,1,2
EMP-0584,2025-01-01,Sales,23,2,0
EMP-0584,2025-02-01,Sales,22,2,0
EMP-0584,2025-03-01,Sales,22,0,2
EMP-0584,2025-04-01,Sales,22,1,1
EMP-0584,2025-05-01,Sales,22,0,2
EMP-0584,2025-06-01,Sales,20,1,1
EMP-0584,2025-07-01,Sales,23,1,0
EMP-0584,2025-08-01,Sales,20,0,1
EMP-0584,2025-09-01,Sales,22,0,1
EMP-0585,2024-09-01,Operations,20,1,2
EMP-0585,2024-10-01,Operations,22,2,0
EMP-0585,2024-11-01,Operations,21,1,1
EMP-0585,2024-12-01,Operations,21,0,0
EMP-0585,2025-01-01,Operations,23,1,0
EMP-0585,2025-02-01,Operations,23,0,2
EMP-0585,2025-03-01,Operations,21,0,1
EMP-0585,2025-04-01,Operations,20,1,0
EMP-0585,2025-05-01,Operations,21,2,0
EMP-0585,2025-06-01,Operations,20,0,0
EMP-0585,2025-07-01,Operations,22,0,3
EMP-0585,2025-08-01,Operations,21,0,0
EMP-0585,2025-09-01,Operations,22,0,0
EMP-0585,2025-10-01,Operations,21,0,0
EMP-0585,2025-11-01,Operations,20,1,0
EMP-0585,2025-12-01,Operations,21,2,0
EMP-0586,2025-09-01,Marketing,22,1,1
EMP-0586,2025-10-01,Marketing,22,1,2
EMP-0586,2025-11-01,Marketing,23,0,1
EMP-0586,2025-12-01,Marketing,22,0,1
EMP-0587,2024-07-01,Operations,20,1,0
EMP-0587,2024-08-01,Operations,21,1,2
EMP-0587,2024-09-01,Operations,21,0,4
EMP-0587,2024-10-01,Operations,22,0,0
EMP-0587,2024-11-01,Operations,20,1,2
EMP-0587,2024-12-01,Operations,23,0,1
EMP-0587,2025-01-01,Operations,21,2,1
EMP-0587,2025-02-01,Operations,21,0,0
EMP-0587,2025-03-01,Operations,20,0,0
EMP-0587,2025-04-01,Operations,23,0,2
EMP-0587,2025-05-01,Operations,23,1,1
EMP-0587,2025-06-01,Operations,23,1,2
EMP-0587,2025-07-01,Operations,21,0,0
EMP-0587,2025-08-01,Operations,21,0,0
EMP-0587,2025-09-01,Operations,20,1,0
EMP-0587,2025-10-01,Operations,21,1,0
EMP-0587,2025-11-01,Operations,22,1,4
EMP-0587,2025-12-01,Operations,22,0,1
EMP-0588,2025-10-01,Sales,21,1,0
EMP-0588,2025-11-01,Sales,21,0,2
EMP-0588,2025-12-01,Sales,22,0,1
EMP-0589,2025-12-01,Human Resources,23,2,2
EMP-0590,2025-04-01,Marketing,22,0,3
EMP-0590,2025-05-01,Marketing,22,1,2
EMP-0590,2025-06-01,Marketing,23,0,1
EMP-0590,2025-07-01,Marketing,20,0,2
EMP-0590,2025-08-01,Marketing,23,1,0
EMP-0590,2025-09-01,Marketing,21,0,0
EMP-0590,2025-10-01,Marketing,20,1,1
EMP-0590,2025-11-01,Marketing,22,2,0
EMP-0590,2025-12-01,Marketing,23,0,0
EMP-0591,2025-04-01,Sales,23,1,2
EMP-0591,2025-05-01,Sales,22,1,0
EMP-0591,2025-06-01,Sales,20,0,0
EMP-0591,2025-07-01,Sales,21,0,2
EMP-0591,2025-08-01,Sales,23,0,1
EMP-0591,2025-09-01,Sales,20,1,0
EMP-0591,2025-10-01,Sales,23,1,0
EMP-0591,2025-11-01,Sales,21,0,0
EMP-0591,2025-12-01,Sales,20,0,1
EMP-0592,2025-07-01,Customer Service,22,0,2
EMP-0592,2025-08-01,Customer Service,23,0,2
EMP-0592,2025-09-01,Customer Service,20,0,0
EMP-0592,2025-10-01,Customer Service,21,0,1
EMP-0592,2025-11-01,Customer Service,20,0,1
EMP-0592,2025-12-01,Customer Service,20,0,1
EMP-0593,2024-04-01,Sales,20,0,1
EMP-0593,2024-05-01,Sales,22,3,0
EMP-0593,2024-06-01,Sales,23,2,1
EMP-0593,2024-07-01,Sales,23,0,2
EMP-0593,2024-08-01,Sales,21,2,0
EMP-0593,2024-09-01,Sales,23,1,1
EMP-0593,2024-10-01,Sales,21,2,0
EMP-0593,2024-11-01,Sales,23,2,0
EMP-0593,2024-12-01,Sales,21,3,1
EMP-0593,2025-01-01,Sales,20,2,3
EMP-0593,2025-02-01,Sales,22,1,2
EMP-0593,2025-03-01,Sales,23,4,0
EMP-0593,2025-04-01,Sales,22,0,0
EMP-0593,2025-05-01,Sales,23,0,1
EMP-0593,2025-06-01,Sales,23,2,1
EMP-0593,2025-07-01,Sales,23,1,5
EMP-0593,2025-08-01,Sales,23,0,1
EMP-0593,2025-09-01,Sales,23,2,3
EMP-0593,2025-10-01,Sales,23,0,2
EMP-0593,2025-11-01,Sales,21,1,3
EMP-0593,2025-12-01,Sales,22,1,3
EMP-0594,2024-04-01,IT & Data,23,1,1
EMP-0594,2024-05-01,IT & Data,22,0,0
EMP-0594,2024-06-01,IT & Data,23,1,1
EMP-0594,2024-07-01,IT & Data,22,0,1
EMP-0594,2024-08-01,IT & Data,21,0,2
EMP-0594,2024-09-01,IT & Data,23,1,0
EMP-0594,2024-10-01,IT & Data,22,0,0
EMP-0594,2024-11-01,IT & Data,22,0,1
EMP-0594,2024-12-01,IT & Data,22,1,0
EMP-0594,2025-01-01,IT & Data,21,0,1
EMP-0594,2025-02-01,IT & Data,21,1,0
EMP-0594,2025-03-01,IT & Data,21,0,2
EMP-0595,2025-08-01,Human Resources,21,1,0
EMP-0595,2025-09-01,Human Resources,22,1,0
EMP-0595,2025-10-01,Human Resources,20,2,0
EMP-0595,2025-11-01,Human Resources,21,1,1
EMP-0595,2025-12-01,Human Resources,22,1,1
EMP-0596,2025-09-01,Marketing,22,2,1
EMP-0596,2025-10-01,Marketing,22,2,0
EMP-0596,2025-11-01,Marketing,21,2,2
EMP-0596,2025-12-01,Marketing,22,1,1
EMP-0597,2024-02-01,Customer Service,20,0,1
EMP-0597,2024-03-01,Customer Service,20,0,2
EMP-0597,2024-04-01,Customer Service,22,0,3
EMP-0597,2024-05-01,Customer Service,20,1,2
EMP-0597,2024-06-01,Customer Service,21,0,2
EMP-0597,2024-07-01,Customer Service,20,1,0
EMP-0597,2024-08-01,Customer Service,22,1,1
EMP-0597,2024-09-01,Customer Service,23,1,1
EMP-0597,2024-10-01,Customer Service,21,1,2
EMP-0597,2024-11-01,Customer Service,23,1,0
EMP-0597,2024-12-01,Customer Service,20,0,0
EMP-0597,2025-01-01,Customer Service,20,0,1
EMP-0597,2025-02-01,Customer Service,21,2,0
EMP-0597,2025-03-01,Customer Service,23,1,0
EMP-0597,2025-04-01,Customer Service,21,0,0
EMP-0597,2025-05-01,Customer Service,21,0,0
EMP-0597,2025-06-01,Customer Service,22,1,1
EMP-0597,2025-07-01,Customer Service,20,1,1
EMP-0597,2025-08-01,Customer Service,23,0,0
EMP-0597,2025-09-01,Customer Service,22,0,1
EMP-0597,2025-10-01,Customer Service,20,0,0
EMP-0597,2025-11-01,Customer Service,23,0,1
EMP-0597,2025-12-01,Customer Service,20,0,2
EMP-0598,2024-09-01,Human Resources,23,1,0
EMP-0598,2024-10-01,Human Resources,22,0,3
EMP-0598,2024-11-01,Human Resources,20,2,1
EMP-0598,2024-12-01,Human Resources,21,0,0
EMP-0598,2025-01-01,Human Resources,20,0,0
EMP-0598,2025-02-01,Human Resources,23,0,0
EMP-0598,2025-03-01,Human Resources,21,1,0
EMP-0598,2025-04-01,Human Resources,20,0,2
EMP-0598,2025-05-01,Human Resources,20,1,0
EMP-0598,2025-06-01,Human Resources,20,1,3
EMP-0598,2025-07-01,Human Resources,21,0,3
EMP-0598,2025-08-01,Human Resources,22,0,3
EMP-0598,2025-09-01,Human Resources,23,0,2
EMP-0598,2025-10-01,Human Resources,23,0,2
EMP-0598,2025-11-01,Human Resources,23,0,2
EMP-0598,2025-12-01,Human Resources,23,0,0
EMP-0599,2025-08-01,Operations,22,0,0
EMP-0599,2025-09-01,Operations,21,2,1
EMP-0599,2025-10-01,Operations,20,1,3
EMP-0599,2025-11-01,Operations,20,0,0
EMP-0599,2025-12-01,Operations,20,0,0
EMP-0600,2024-02-01,Customer Service,23,1,0
EMP-0600,2024-03-01,Customer Service,22,0,1
EMP-0600,2024-04-01,Customer Service,20,0,0
EMP-0600,2024-05-01,Customer Service,22,1,1
EMP-0600,2024-06-01,Customer Service,20,1,0
EMP-0600,2024-07-01,Customer Service,23,0,2
EMP-0600,2024-08-01,Customer Service,21,0,1
EMP-0600,2024-09-01,Customer Service,20,1,0
EMP-0600,2024-10-01,Customer Service,21,0,1
EMP-0601,2025-01-01,Human Resources,22,0,1
EMP-0601,2025-02-01,Human Resources,23,2,2
EMP-0601,2025-03-01,Human Resources,21,2,1
EMP-0601,2025-04-01,Human Resources,23,2,0
EMP-0601,2025-05-01,Human Resources,20,1,0
EMP-0601,2025-06-01,Human Resources,22,2,0
EMP-0601,2025-07-01,Human Resources,21,0,3
EMP-0601,2025-08-01,Human Resources,20,0,1
EMP-0601,2025-09-01,Human Resources,21,2,1
EMP-0601,2025-10-01,Human Resources,23,1,0
EMP-0601,2025-11-01,Human Resources,20,2,1
EMP-0601,2025-12-01,Human Resources,21,1,1
EMP-0602,2024-04-01,Operations,20,0,0
EMP-0602,2024-05-01,Operations,22,1,1
EMP-0602,2024-06-01,Operations,20,0,2
EMP-0602,2024-07-01,Operations,20,0,1
EMP-0602,2024-08-01,Operations,22,1,0
EMP-0602,2024-09-01,Operations,23,0,0
EMP-0602,2024-10-01,Operations,23,0,1
EMP-0602,2024-11-01,Operations,20,1,1
EMP-0602,2024-12-01,Operations,21,0,0
EMP-0602,2025-01-01,Operations,23,0,2
EMP-0602,2025-02-01,Operations,20,1,1
EMP-0602,2025-03-01,Operations,21,0,1
EMP-0602,2025-04-01,Operations,21,0,1
EMP-0602,2025-05-01,Operations,20,0,0
EMP-0602,2025-06-01,Operations,22,1,0
EMP-0602,2025-07-01,Operations,22,0,2
EMP-0602,2025-08-01,Operations,22,0,1
EMP-0602,2025-09-01,Operations,20,0,1
EMP-0602,2025-10-01,Operations,20,3,0
EMP-0602,2025-11-01,Operations,21,2,0
EMP-0602,2025-12-01,Operations,21,0,0
EMP-0603,2025-06-01,Marketing,21,1,0
EMP-0603,2025-07-01,Marketing,23,1,1
EMP-0603,2025-08-01,Marketing,21,2,0
EMP-0603,2025-09-01,Marketing,23,1,0
EMP-0603,2025-10-01,Marketing,22,2,0
EMP-0603,2025-11-01,Marketing,22,2,0
EMP-0603,2025-12-01,Marketing,21,2,0
EMP-0604,2025-03-01,Human Resources,23,1,1
EMP-0604,2025-04-01,Human Resources,21,2,0
EMP-0604,2025-05-01,Human Resources,20,3,1
EMP-0604,2025-06-01,Human Resources,20,0,0
EMP-0604,2025-07-01,Human Resources,23,4,0
EMP-0604,2025-08-01,Human Resources,22,2,0
EMP-0604,2025-09-01,Human Resources,20,1,1
EMP-0604,2025-10-01,Human Resources,20,4,1
EMP-0604,2025-11-01,Human Resources,20,0,0
EMP-0604,2025-12-01,Human Resources,21,1,0
EMP-0605,2025-10-01,Operations,21,2,1
EMP-0605,2025-11-01,Operations,23,0,1
EMP-0605,2025-12-01,Operations,20,0,0
EMP-0606,2025-09-01,IT & Data,21,0,0
EMP-0606,2025-10-01,IT & Data,21,0,0
EMP-0606,2025-11-01,IT & Data,20,0,2
EMP-0606,2025-12-01,IT & Data,20,0,2
EMP-0607,2024-04-01,Sales,23,3,0
EMP-0607,2024-05-01,Sales,21,2,1
EMP-0607,2024-06-01,Sales,22,1,1
EMP-0607,2024-07-01,Sales,21,2,2
EMP-0607,2024-08-01,Sales,21,0,1
EMP-0607,2024-09-01,Sales,23,3,0
EMP-0607,2024-10-01,Sales,21,0,1
EMP-0607,2024-11-01,Sales,21,2,0
EMP-0607,2024-12-01,Sales,21,1,0
EMP-0607,2025-01-01,Sales,22,1,1
EMP-0607,2025-02-01,Sales,22,2,1
EMP-0607,2025-03-01,Sales,20,0,0
EMP-0607,2025-04-01,Sales,23,2,0
EMP-0608,2025-08-01,Human Resources,22,2,4
EMP-0608,2025-09-01,Human Resources,23,1,0
EMP-0608,2025-10-01,Human Resources,23,3,1
EMP-0608,2025-11-01,Human Resources,23,2,3
EMP-0609,2025-04-01,Sales,21,1,0
EMP-0609,2025-05-01,Sales,22,1,2
EMP-0609,2025-06-01,Sales,22,0,0
EMP-0609,2025-07-01,Sales,22,1,0
EMP-0609,2025-08-01,Sales,21,1,1
EMP-0609,2025-09-01,Sales,23,0,0
EMP-0609,2025-10-01,Sales,21,1,0
EMP-0609,2025-11-01,Sales,21,0,1
EMP-0609,2025-12-01,Sales,23,1,0
EMP-0610,2024-04-01,Customer Service,23,0,0
EMP-0610,2024-05-01,Customer Service,21,0,1
EMP-0610,2024-06-01,Customer Service,21,1,2
EMP-0610,2024-07-01,Customer Service,22,0,5
EMP-0610,2024-08-01,Customer Service,21,0,0
EMP-0610,2024-09-01,Customer Service,22,0,0
EMP-0610,2024-10-01,Customer Service,20,0,0
EMP-0610,2024-11-01,Customer Service,23,1,0
EMP-0610,2024-12-01,Customer Service,22,2,0
EMP-0610,2025-01-01,Customer Service,23,0,1
EMP-0610,2025-02-01,Customer Service,22,0,2
EMP-0610,2025-03-01,Customer Service,23,0,0
EMP-0610,2025-04-01,Customer Service,20,0,2
EMP-0611,2025-08-01,IT & Data,20,1,2
EMP-0611,2025-09-01,IT & Data,21,1,0
EMP-0611,2025-10-01,IT & Data,21,0,1
EMP-0611,2025-11-01,IT & Data,21,0,1
EMP-0611,2025-12-01,IT & Data,21,2,0
EMP-0612,2025-10-01,Human Resources,21,1,1
EMP-0612,2025-11-01,Human Resources,22,2,1
EMP-0612,2025-12-01,Human Resources,20,0,1
EMP-0613,2025-10-01,Sales,20,0,0
EMP-0613,2025-11-01,Sales,23,1,0
EMP-0613,2025-12-01,Sales,23,0,3
EMP-0614,2024-07-01,Sales,21,0,1
EMP-0614,2024-08-01,Sales,21,1,0
EMP-0614,2024-09-01,Sales,23,1,2
EMP-0614,2024-10-01,Sales,21,0,1
EMP-0614,2024-11-01,Sales,23,1,1
EMP-0614,2024-12-01,Sales,22,0,3
EMP-0614,2025-01-01,Sales,23,2,1
EMP-0614,2025-02-01,Sales,21,0,1
EMP-0614,2025-03-01,Sales,23,1,0
EMP-0614,2025-04-01,Sales,21,1,0
EMP-0614,2025-05-01,Sales,20,2,1
EMP-0614,2025-06-01,Sales,23,0,0
EMP-0614,2025-07-01,Sales,22,0,0
EMP-0614,2025-08-01,Sales,23,0,3
EMP-0614,2025-09-01,Sales,21,0,0
EMP-0614,2025-10-01,Sales,22,1,2
EMP-0614,2025-11-01,Sales,21,2,3
EMP-0614,2025-12-01,Sales,21,1,1
EMP-0615,2024-07-01,IT & Data,20,1,1
EMP-0615,2024-08-01,IT & Data,23,0,4
EMP-0615,2024-09-01,IT & Data,23,0,1
EMP-0615,2024-10-01,IT & Data,21,2,0
EMP-0615,2024-11-01,IT & Data,22,1,0
EMP-0615,2024-12-01,IT & Data,22,0,0
EMP-0615,2025-01-01,IT & Data,23,1,0
EMP-0615,2025-02-01,IT & Data,22,2,0
EMP-0615,2025-03-01,IT & Data,20,0,1
EMP-0615,2025-04-01,IT & Data,20,0,1
EMP-0615,2025-05-01,IT & Data,20,0,2
EMP-0615,2025-06-01,IT & Data,22,0,2
EMP-0615,2025-07-01,IT & Data,22,0,3
EMP-0615,2025-08-01,IT & Data,21,0,4
EMP-0615,2025-09-01,IT & Data,23,0,0
EMP-0615,2025-10-01,IT & Data,23,0,0
EMP-0615,2025-11-01,IT & Data,23,0,0
EMP-0615,2025-12-01,IT & Data,21,1,0
EMP-0616,2024-04-01,Operations,20,0,3
EMP-0616,2024-05-01,Operations,21,1,1
EMP-0616,2024-06-01,Operations,21,1,0
EMP-0616,2024-07-01,Operations,21,1,0
EMP-0617,2025-03-01,Marketing,22,0,0
EMP-0617,2025-04-01,Marketing,22,1,1
EMP-0617,2025-05-01,Marketing,22,1,1
EMP-0617,2025-06-01,Marketing,23,2,0
EMP-0617,2025-07-01,Marketing,21,1,0
EMP-0617,2025-08-01,Marketing,23,1,1
EMP-0617,2025-09-01,Marketing,21,0,0
EMP-0617,2025-10-01,Marketing,22,1,1
EMP-0617,2025-11-01,Marketing,23,0,1
EMP-0618,2025-10-01,Human Resources,22,0,0
EMP-0618,2025-11-01,Human Resources,20,1,2
EMP-0618,2025-12-01,Human Resources,20,1,0
EMP-0619,2025-07-01,Finance,20,1,0
EMP-0619,2025-08-01,Finance,23,0,1
EMP-0619,2025-09-01,Finance,21,0,2
EMP-0619,2025-10-01,Finance,21,1,0
EMP-0619,2025-11-01,Finance,21,0,0
EMP-0619,2025-12-01,Finance,22,2,0
EMP-0620,2025-09-01,Finance,20,1,1
EMP-0620,2025-10-01,Finance,23,2,0
EMP-0620,2025-11-01,Finance,21,1,0
EMP-0620,2025-12-01,Finance,23,1,0
EMP-0621,2025-05-01,Operations,20,0,0
EMP-0621,2025-06-01,Operations,21,0,1
EMP-0621,2025-07-01,Operations,20,0,0
EMP-0621,2025-08-01,Operations,21,1,1
EMP-0621,2025-09-01,Operations,22,0,0
EMP-0621,2025-10-01,Operations,23,0,1
EMP-0621,2025-11-01,Operations,23,0,2
EMP-0621,2025-12-01,Operations,20,1,3
EMP-0622,2024-02-01,IT & Data,21,1,1
EMP-0622,2024-03-01,IT & Data,23,0,0
EMP-0622,2024-04-01,IT & Data,23,1,3
EMP-0622,2024-05-01,IT & Data,20,0,0
EMP-0622,2024-06-01,IT & Data,20,1,3
EMP-0622,2024-07-01,IT & Data,20,0,0
EMP-0622,2024-08-01,IT & Data,22,1,1
EMP-0622,2024-09-01,IT & Data,22,0,2
EMP-0622,2024-10-01,IT & Data,21,1,1
EMP-0622,2024-11-01,IT & Data,22,1,2
EMP-0622,2024-12-01,IT & Data,20,1,0
EMP-0622,2025-01-01,IT & Data,23,3,0
EMP-0622,2025-02-01,IT & Data,22,1,4
EMP-0622,2025-03-01,IT & Data,21,2,3
EMP-0622,2025-04-01,IT & Data,20,1,0
EMP-0622,2025-05-01,IT & Data,22,0,1
EMP-0622,2025-06-01,IT & Data,22,1,0
EMP-0622,2025-07-01,IT & Data,21,0,0
EMP-0622,2025-08-01,IT & Data,22,2,1
EMP-0622,2025-09-01,IT & Data,23,0,1
EMP-0622,2025-10-01,IT & Data,21,0,2
EMP-0622,2025-11-01,IT & Data,23,1,2
EMP-0622,2025-12-01,IT & Data,22,1,0
EMP-0623,2025-03-01,IT & Data,20,1,1
EMP-0623,2025-04-01,IT & Data,21,0,2
EMP-0623,2025-05-01,IT & Data,23,0,3
EMP-0623,2025-06-01,IT & Data,21,0,0
EMP-0623,2025-07-01,IT & Data,21,0,1
EMP-0623,2025-08-01,IT & Data,21,1,2
EMP-0623,2025-09-01,IT & Data,23,0,1
EMP-0623,2025-10-01,IT & Data,21,1,1
EMP-0623,2025-11-01,IT & Data,21,1,1
EMP-0623,2025-12-01,IT & Data,20,0,1
EMP-0624,2025-02-01,IT & Data,22,1,1
EMP-0624,2025-03-01,IT & Data,21,1,3
EMP-0624,2025-04-01,IT & Data,21,1,2
EMP-0624,2025-05-01,IT & Data,23,1,0
EMP-0624,2025-06-01,IT & Data,22,1,0
EMP-0624,2025-07-01,IT & Data,23,1,1
EMP-0624,2025-08-01,IT & Data,21,1,0
EMP-0624,2025-09-01,IT & Data,20,1,1
EMP-0624,2025-10-01,IT & Data,23,1,2
EMP-0624,2025-11-01,IT & Data,22,0,0
EMP-0624,2025-12-01,IT & Data,23,0,2
EMP-0625,2024-03-01,Sales,22,2,3
EMP-0625,2024-04-01,Sales,21,1,1
EMP-0625,2024-05-01,Sales,21,1,2
EMP-0625,2024-06-01,Sales,20,1,1
EMP-0625,2024-07-01,Sales,21,0,0
EMP-0625,2024-08-01,Sales,22,1,1
EMP-0625,2024-09-01,Sales,22,0,0
EMP-0625,2024-10-01,Sales,21,0,1
EMP-0625,2024-11-01,Sales,21,0,0
EMP-0625,2024-12-01,Sales,23,0,2
EMP-0625,2025-01-01,Sales,22,0,2
EMP-0625,2025-02-01,Sales,21,0,0
EMP-0625,2025-03-01,Sales,20,2,1
EMP-0625,2025-04-01,Sales,20,1,1
EMP-0625,2025-05-01,Sales,20,0,3
EMP-0625,2025-06-01,Sales,22,0,0
EMP-0625,2025-07-01,Sales,22,0,1
EMP-0625,2025-08-01,Sales,21,0,3
EMP-0625,2025-09-01,Sales,21,0,0
EMP-0625,2025-10-01,Sales,20,0,1
EMP-0625,2025-11-01,Sales,23,2,2
EMP-0625,2025-12-01,Sales,22,1,0
EMP-0626,2025-11-01,Sales,20,0,0
EMP-0626,2025-12-01,Sales,22,0,2
EMP-0627,2025-12-01,Marketing,22,0,0
EMP-0628,2024-11-01,Marketing,22,0,1
EMP-0628,2024-12-01,Marketing,22,0,0
EMP-0628,2025-01-01,Marketing,23,1,0
EMP-0628,2025-02-01,Marketing,21,0,2
EMP-0628,2025-03-01,Marketing,21,0,1
EMP-0628,2025-04-01,Marketing,23,1,3
EMP-0628,2025-05-01,Marketing,23,0,1
EMP-0628,2025-06-01,Marketing,20,0,0
EMP-0628,2025-07-01,Marketing,20,0,2
EMP-0628,2025-08-01,Marketing,21,1,2
EMP-0628,2025-09-01,Marketing,21,1,2
EMP-0628,2025-10-01,Marketing,23,0,3
EMP-0628,2025-11-01,Marketing,23,0,0
EMP-0628,2025-12-01,Marketing,20,2,2
EMP-0629,2025-03-01,Operations,20,0,0
EMP-0629,2025-04-01,Operations,22,0,0
EMP-0629,2025-05-01,Operations,22,1,1
EMP-0629,2025-06-01,Operations,20,1,1
EMP-0629,2025-07-01,Operations,23,0,0
EMP-0629,2025-08-01,Operations,20,0,0
EMP-0629,2025-09-01,Operations,20,1,1
EMP-0629,2025-10-01,Operations,22,1,1
EMP-0629,2025-11-01,Operations,23,1,1
EMP-0629,2025-12-01,Operations,21,1,2
EMP-0630,2024-10-01,Operations,20,1,0
EMP-0630,2024-11-01,Operations,20,1,2
EMP-0630,2024-12-01,Operations,20,1,1
EMP-0630,2025-01-01,Operations,22,1,2
EMP-0630,2025-02-01,Operations,20,1,0
EMP-0630,2025-03-01,Operations,23,0,0
EMP-0630,2025-04-01,Operations,22,1,2
EMP-0630,2025-05-01,Operations,23,1,1
EMP-0630,2025-06-01,Operations,23,1,3
EMP-0630,2025-07-01,Operations,20,1,0
EMP-0630,2025-08-01,Operations,20,0,1
EMP-0630,2025-09-01,Operations,22,2,0
EMP-0630,2025-10-01,Operations,23,0,0
EMP-0630,2025-11-01,Operations,22,0,1
EMP-0630,2025-12-01,Operations,21,0,1
EMP-0631,2024-02-01,Human Resources,21,3,0
EMP-0631,2024-03-01,Human Resources,21,2,1
EMP-0631,2024-04-01,Human Resources,21,2,0
EMP-0631,2024-05-01,Human Resources,20,1,0
EMP-0631,2024-06-01,Human Resources,22,3,0
EMP-0631,2024-07-01,Human Resources,22,2,2
EMP-0631,2024-08-01,Human Resources,21,2,0
EMP-0631,2024-09-01,Human Resources,22,3,0
EMP-0631,2024-10-01,Human Resources,22,2,0
EMP-0631,2024-11-01,Human Resources,22,2,2
EMP-0631,2024-12-01,Human Resources,23,1,0
EMP-0631,2025-01-01,Human Resources,22,2,2
EMP-0631,2025-02-01,Human Resources,22,2,2
EMP-0631,2025-03-01,Human Resources,20,1,0
EMP-0631,2025-04-01,Human Resources,22,1,3
EMP-0631,2025-05-01,Human Resources,20,1,0
EMP-0631,2025-06-01,Human Resources,20,2,3
EMP-0631,2025-07-01,Human Resources,22,1,0
EMP-0631,2025-08-01,Human Resources,23,2,1
EMP-0631,2025-09-01,Human Resources,20,2,3
EMP-0631,2025-10-01,Human Resources,20,3,0
EMP-0631,2025-11-01,Human Resources,23,2,1
EMP-0631,2025-12-01,Human Resources,23,3,0
EMP-0632,2025-01-01,Operations,23,2,1
EMP-0632,2025-02-01,Operations,20,0,1
EMP-0632,2025-03-01,Operations,20,1,2
EMP-0632,2025-04-01,Operations,20,0,0
EMP-0632,2025-05-01,Operations,20,2,0
EMP-0632,2025-06-01,Operations,21,1,1
EMP-0632,2025-07-01,Operations,21,3,2
EMP-0632,2025-08-01,Operations,21,3,1
EMP-0632,2025-09-01,Operations,21,1,0
EMP-0632,2025-10-01,Operations,20,0,1
EMP-0632,2025-11-01,Operations,22,0,1
EMP-0632,2025-12-01,Operations,20,3,1
EMP-0633,2025-12-01,Operations,23,0,1
EMP-0634,2025-05-01,Sales,22,0,0
EMP-0634,2025-06-01,Sales,21,0,0
EMP-0634,2025-07-01,Sales,20,0,2
EMP-0634,2025-08-01,Sales,22,3,0
EMP-0634,2025-09-01,Sales,20,2,0
EMP-0634,2025-10-01,Sales,22,0,1
EMP-0634,2025-11-01,Sales,22,0,0
EMP-0634,2025-12-01,Sales,20,0,1
EMP-0635,2025-10-01,Sales,20,0,0
EMP-0635,2025-11-01,Sales,21,1,0
EMP-0635,2025-12-01,Sales,21,0,0
EMP-0636,2025-11-01,Marketing,23,0,1
EMP-0636,2025-12-01,Marketing,20,0,0
EMP-0637,2025-03-01,Marketing,22,1,0
EMP-0637,2025-04-01,Marketing,20,0,1
EMP-0637,2025-05-01,Marketing,22,2,3
EMP-0637,2025-06-01,Marketing,22,1,2
EMP-0637,2025-07-01,Marketing,20,0,3
EMP-0637,2025-08-01,Marketing,23,1,2
EMP-0637,2025-09-01,Marketing,20,1,1
EMP-0638,2024-08-01,Operations,21,0,0
EMP-0638,2024-09-01,Operations,20,0,2
EMP-0638,2024-10-01,Operations,20,0,2
EMP-0638,2024-11-01,Operations,23,0,0
EMP-0638,2024-12-01,Operations,22,3,2
EMP-0638,2025-01-01,Operations,20,0,1
EMP-0638,2025-02-01,Operations,22,0,0
EMP-0638,2025-03-01,Operations,21,1,0
EMP-0638,2025-04-01,Operations,23,0,1
EMP-0638,2025-05-01,Operations,21,0,2
EMP-0638,2025-06-01,Operations,23,0,0
EMP-0638,2025-07-01,Operations,22,1,0
EMP-0638,2025-08-01,Operations,22,0,1
EMP-0638,2025-09-01,Operations,20,0,2
EMP-0638,2025-10-01,Operations,22,0,1
EMP-0638,2025-11-01,Operations,20,2,1
EMP-0638,2025-12-01,Operations,21,0,0
EMP-0639,2024-11-01,Human Resources,20,0,2
EMP-0639,2024-12-01,Human Resources,20,1,1
EMP-0639,2025-01-01,Human Resources,20,2,1
EMP-0639,2025-02-01,Human Resources,23,0,0
EMP-0639,2025-03-01,Human Resources,20,0,0
EMP-0639,2025-04-01,Human Resources,21,0,0
EMP-0639,2025-05-01,Human Resources,20,0,2
EMP-0639,2025-06-01,Human Resources,22,0,2
EMP-0639,2025-07-01,Human Resources,23,0,0
EMP-0639,2025-08-01,Human Resources,22,0,0
EMP-0639,2025-09-01,Human Resources,22,0,1
EMP-0639,2025-10-01,Human Resources,23,1,0
EMP-0639,2025-11-01,Human Resources,22,0,3
EMP-0639,2025-12-01,Human Resources,21,0,0
EMP-0640,2024-08-01,Sales,20,3,1
EMP-0640,2024-09-01,Sales,23,2,1
EMP-0640,2024-10-01,Sales,21,0,2
EMP-0640,2024-11-01,Sales,21,0,1
EMP-0640,2024-12-01,Sales,20,1,2
EMP-0640,2025-01-01,Sales,22,2,0
EMP-0640,2025-02-01,Sales,23,3,1
EMP-0640,2025-03-01,Sales,22,4,0
EMP-0640,2025-04-01,Sales,22,1,0
EMP-0640,2025-05-01,Sales,21,2,2
EMP-0640,2025-06-01,Sales,23,2,1
EMP-0640,2025-07-01,Sales,23,2,1
EMP-0640,2025-08-01,Sales,22,0,0
EMP-0640,2025-09-01,Sales,22,1,1
EMP-0640,2025-10-01,Sales,23,3,0
EMP-0640,2025-11-01,Sales,20,1,2
EMP-0640,2025-12-01,Sales,23,2,0
EMP-0641,2025-08-01,Operations,20,1,0
EMP-0641,2025-09-01,Operations,21,0,1
EMP-0641,2025-10-01,Operations,22,0,0
EMP-0642,2024-05-01,Sales,21,0,2
EMP-0642,2024-06-01,Sales,23,0,1
EMP-0642,2024-07-01,Sales,23,0,4
EMP-0642,2024-08-01,Sales,22,0,0
EMP-0642,2024-09-01,Sales,21,1,1
EMP-0642,2024-10-01,Sales,21,0,0
EMP-0642,2024-11-01,Sales,22,2,0
EMP-0642,2024-12-01,Sales,21,1,1
EMP-0642,2025-01-01,Sales,20,0,0
EMP-0642,2025-02-01,Sales,23,0,0
EMP-0642,2025-03-01,Sales,22,0,1
EMP-0642,2025-04-01,Sales,23,0,1
EMP-0642,2025-05-01,Sales,23,2,0
EMP-0642,2025-06-01,Sales,21,1,0
EMP-0642,2025-07-01,Sales,20,0,1
EMP-0642,2025-08-01,Sales,22,0,2
EMP-0642,2025-09-01,Sales,21,0,0
EMP-0642,2025-10-01,Sales,20,0,3
EMP-0642,2025-11-01,Sales,20,0,0
EMP-0642,2025-12-01,Sales,20,0,0
EMP-0643,2024-08-01,Sales,23,0,0
EMP-0643,2024-09-01,Sales,22,0,0
EMP-0643,2024-10-01,Sales,23,0,0
EMP-0643,2024-11-01,Sales,20,0,2
EMP-0643,2024-12-01,Sales,20,1,1
EMP-0643,2025-01-01,Sales,22,0,1
EMP-0643,2025-02-01,Sales,21,0,1
EMP-0643,2025-03-01,Sales,21,1,0
EMP-0643,2025-04-01,Sales,23,1,2
EMP-0643,2025-05-01,Sales,22,1,0
EMP-0643,2025-06-01,Sales,22,1,1
EMP-0643,2025-07-01,Sales,21,0,0
EMP-0643,2025-08-01,Sales,23,1,4
EMP-0643,2025-09-01,Sales,23,1,0
EMP-0643,2025-10-01,Sales,20,1,1
EMP-0643,2025-11-01,Sales,23,1,1
EMP-0643,2025-12-01,Sales,21,1,0
EMP-0644,2025-01-01,Sales,23,0,1
EMP-0644,2025-02-01,Sales,23,0,0
EMP-0644,2025-03-01,Sales,21,1,0
EMP-0644,2025-04-01,Sales,23,0,0
EMP-0644,2025-05-01,Sales,22,0,2
EMP-0644,2025-06-01,Sales,20,0,1
EMP-0644,2025-07-01,Sales,21,1,0
EMP-0644,2025-08-01,Sales,22,1,0
EMP-0644,2025-09-01,Sales,20,0,0
EMP-0644,2025-10-01,Sales,20,1,2
EMP-0644,2025-11-01,Sales,22,1,2
EMP-0644,2025-12-01,Sales,22,3,0
EMP-0645,2024-09-01,Marketing,21,3,0
EMP-0645,2024-10-01,Marketing,21,0,0
EMP-0645,2024-11-01,Marketing,20,4,2
EMP-0645,2024-12-01,Marketing,22,0,0
EMP-0645,2025-01-01,Marketing,20,2,2
EMP-0645,2025-02-01,Marketing,20,1,2
EMP-0645,2025-03-01,Marketing,21,1,3
EMP-0645,2025-04-01,Marketing,21,2,0
EMP-0645,2025-05-01,Marketing,22,0,2
EMP-0645,2025-06-01,Marketing,20,3,1
EMP-0645,2025-07-01,Marketing,22,1,0
EMP-0645,2025-08-01,Marketing,23,0,2
EMP-0645,2025-09-01,Marketing,20,3,2
EMP-0645,2025-10-01,Marketing,22,3,1
EMP-0645,2025-11-01,Marketing,21,3,1
EMP-0645,2025-12-01,Marketing,20,0,0
EMP-0646,2024-09-01,Customer Service,23,1,1
EMP-0646,2024-10-01,Customer Service,22,0,0
EMP-0646,2024-11-01,Customer Service,23,0,1
EMP-0646,2024-12-01,Customer Service,21,2,2
EMP-0646,2025-01-01,Customer Service,21,0,0
EMP-0646,2025-02-01,Customer Service,22,0,1
EMP-0646,2025-03-01,Customer Service,22,0,1
EMP-0646,2025-04-01,Customer Service,21,0,1
EMP-0646,2025-05-01,Customer Service,20,0,2
EMP-0646,2025-06-01,Customer Service,22,0,2
EMP-0646,2025-07-01,Customer Service,20,0,0
EMP-0646,2025-08-01,Customer Service,21,0,0
EMP-0646,2025-09-01,Customer Service,21,1,0
EMP-0646,2025-10-01,Customer Service,23,1,1
EMP-0646,2025-11-01,Customer Service,21,0,3
EMP-0646,2025-12-01,Customer Service,22,1,0
EMP-0647,2024-11-01,IT & Data,23,1,2
EMP-0647,2024-12-01,IT & Data,20,0,0
EMP-0647,2025-01-01,IT & Data,22,0,1
EMP-0647,2025-02-01,IT & Data,21,1,0
EMP-0647,2025-03-01,IT & Data,21,0,1
EMP-0647,2025-04-01,IT & Data,20,0,0
EMP-0647,2025-05-01,IT & Data,20,0,0
EMP-0647,2025-06-01,IT & Data,23,1,0
EMP-0647,2025-07-01,IT & Data,22,0,2
EMP-0647,2025-08-01,IT & Data,22,0,1
EMP-0647,2025-09-01,IT & Data,22,0,2
EMP-0647,2025-10-01,IT & Data,23,0,0
EMP-0647,2025-11-01,IT & Data,23,0,0
EMP-0647,2025-12-01,IT & Data,23,0,0
EMP-0648,2025-03-01,Customer Service,20,1,0
EMP-0648,2025-04-01,Customer Service,22,0,1
EMP-0648,2025-05-01,Customer Service,23,1,1
EMP-0648,2025-06-01,Customer Service,23,0,3
EMP-0648,2025-07-01,Customer Service,20,0,1
EMP-0648,2025-08-01,Customer Service,21,0,0
EMP-0648,2025-09-01,Customer Service,22,1,0
EMP-0648,2025-10-01,Customer Service,23,0,0
EMP-0648,2025-11-01,Customer Service,23,1,1
EMP-0648,2025-12-01,Customer Service,23,0,0
EMP-0649,2024-05-01,Finance,20,0,3
EMP-0649,2024-06-01,Finance,23,0,2
EMP-0649,2024-07-01,Finance,23,3,1
EMP-0649,2024-08-01,Finance,20,0,0
EMP-0649,2024-09-01,Finance,22,1,2
EMP-0649,2024-10-01,Finance,22,2,0
EMP-0649,2024-11-01,Finance,21,2,0
EMP-0649,2024-12-01,Finance,23,2,2
EMP-0649,2025-01-01,Finance,22,3,1
EMP-0649,2025-02-01,Finance,22,2,3
EMP-0649,2025-03-01,Finance,23,1,0
EMP-0649,2025-04-01,Finance,21,2,0
EMP-0649,2025-05-01,Finance,22,0,0
EMP-0649,2025-06-01,Finance,22,2,1
EMP-0649,2025-07-01,Finance,20,2,2
EMP-0649,2025-08-01,Finance,23,3,0
EMP-0649,2025-09-01,Finance,23,2,0
EMP-0649,2025-10-01,Finance,21,3,1
EMP-0649,2025-11-01,Finance,23,3,2
EMP-0649,2025-12-01,Finance,20,4,2
EMP-0650,2024-12-01,Marketing,22,1,1
EMP-0650,2025-01-01,Marketing,23,0,1
EMP-0650,2025-02-01,Marketing,20,0,1
EMP-0650,2025-03-01,Marketing,23,0,1
EMP-0650,2025-04-01,Marketing,22,0,1
EMP-0650,2025-05-01,Marketing,20,1,1
EMP-0650,2025-06-01,Marketing,21,0,0
EMP-0650,2025-07-01,Marketing,23,0,1
EMP-0650,2025-08-01,Marketing,22,0,2
EMP-0650,2025-09-01,Marketing,22,0,3
EMP-0650,2025-10-01,Marketing,22,1,1
EMP-0650,2025-11-01,Marketing,23,0,2
EMP-0650,2025-12-01,Marketing,20,2,1
EMP-0651,2025-01-01,Operations,23,1,1
EMP-0651,2025-02-01,Operations,23,2,1
EMP-0651,2025-03-01,Operations,23,1,0
EMP-0651,2025-04-01,Operations,21,1,0
EMP-0651,2025-05-01,Operations,21,0,2
EMP-0651,2025-06-01,Operations,21,0,1
EMP-0651,2025-07-01,Operations,21,0,1
EMP-0651,2025-08-01,Operations,23,1,2
EMP-0651,2025-09-01,Operations,21,1,1
EMP-0651,2025-10-01,Operations,20,0,2
EMP-0651,2025-11-01,Operations,21,2,2
EMP-0651,2025-12-01,Operations,21,0,1
EMP-0652,2025-03-01,IT & Data,21,0,0
EMP-0652,2025-04-01,IT & Data,20,0,1
EMP-0652,2025-05-01,IT & Data,22,0,0
EMP-0652,2025-06-01,IT & Data,21,1,0
EMP-0652,2025-07-01,IT & Data,20,0,0
EMP-0652,2025-08-01,IT & Data,22,0,0
EMP-0652,2025-09-01,IT & Data,23,0,1
EMP-0652,2025-10-01,IT & Data,22,0,0
EMP-0652,2025-11-01,IT & Data,21,0,0
EMP-0652,2025-12-01,IT & Data,23,0,2
EMP-0653,2025-03-01,Customer Service,22,0,1
EMP-0653,2025-04-01,Customer Service,21,0,2
EMP-0653,2025-05-01,Customer Service,20,1,0
EMP-0653,2025-06-01,Customer Service,21,0,0
EMP-0653,2025-07-01,Customer Service,21,1,2
EMP-0653,2025-08-01,Customer Service,22,0,1
EMP-0653,2025-09-01,Customer Service,22,0,0
EMP-0653,2025-10-01,Customer Service,21,2,2
EMP-0653,2025-11-01,Customer Service,23,0,1
EMP-0653,2025-12-01,Customer Service,20,0,2
EMP-0654,2025-01-01,Customer Service,20,1,4
EMP-0654,2025-02-01,Customer Service,20,1,1
EMP-0654,2025-03-01,Customer Service,22,2,2
EMP-0654,2025-04-01,Customer Service,22,1,1
EMP-0655,2024-03-01,Marketing,23,0,0
EMP-0655,2024-04-01,Marketing,20,1,1
EMP-0655,2024-05-01,Marketing,22,0,0
EMP-0655,2024-06-01,Marketing,21,0,1
EMP-0655,2024-07-01,Marketing,22,0,0
EMP-0655,2024-08-01,Marketing,23,0,1
EMP-0655,2024-09-01,Marketing,20,0,1
EMP-0655,2024-10-01,Marketing,21,0,2
EMP-0655,2024-11-01,Marketing,22,1,0
EMP-0655,2024-12-01,Marketing,22,0,2
EMP-0655,2025-01-01,Marketing,22,0,2
EMP-0655,2025-02-01,Marketing,22,0,1
EMP-0655,2025-03-01,Marketing,20,0,1
EMP-0655,2025-04-01,Marketing,23,1,3
EMP-0655,2025-05-01,Marketing,20,1,0
EMP-0655,2025-06-01,Marketing,23,1,2
EMP-0655,2025-07-01,Marketing,23,1,0
EMP-0655,2025-08-01,Marketing,20,0,0
EMP-0655,2025-09-01,Marketing,20,1,0
EMP-0655,2025-10-01,Marketing,21,0,2
EMP-0655,2025-11-01,Marketing,20,0,2
EMP-0655,2025-12-01,Marketing,23,0,4
EMP-0656,2025-09-01,Customer Service,20,0,2
EMP-0656,2025-10-01,Customer Service,21,1,1
EMP-0656,2025-11-01,Customer Service,23,1,3
EMP-0656,2025-12-01,Customer Service,20,0,0
EMP-0657,2025-06-01,Sales,21,1,1
EMP-0657,2025-07-01,Sales,21,0,0
EMP-0657,2025-08-01,Sales,22,0,3
EMP-0658,2024-01-01,Sales,20,1,1
EMP-0658,2024-02-01,Sales,23,2,2
EMP-0658,2024-03-01,Sales,20,1,2
EMP-0658,2024-04-01,Sales,23,3,0
EMP-0658,2024-05-01,Sales,22,3,2
EMP-0658,2024-06-01,Sales,22,2,1
EMP-0658,2024-07-01,Sales,23,2,0
EMP-0658,2024-08-01,Sales,22,2,1
EMP-0658,2024-09-01,Sales,23,1,1
EMP-0658,2024-10-01,Sales,23,2,1
EMP-0658,2024-11-01,Sales,22,1,0
EMP-0658,2024-12-01,Sales,21,0,1
EMP-0658,2025-01-01,Sales,20,0,0
EMP-0658,2025-02-01,Sales,21,1,0
EMP-0658,2025-03-01,Sales,21,1,3
EMP-0658,2025-04-01,Sales,22,1,0
EMP-0658,2025-05-01,Sales,22,1,0
EMP-0658,2025-06-01,Sales,20,3,0
EMP-0658,2025-07-01,Sales,23,1,2
EMP-0658,2025-08-01,Sales,23,3,1
EMP-0658,2025-09-01,Sales,23,2,2
EMP-0658,2025-10-01,Sales,22,1,0
EMP-0658,2025-11-01,Sales,20,2,0
EMP-0658,2025-12-01,Sales,20,1,0
EMP-0659,2025-10-01,Finance,22,0,4
EMP-0659,2025-11-01,Finance,22,1,1
EMP-0659,2025-12-01,Finance,20,1,2
EMP-0660,2024-08-01,Operations,22,0,2
EMP-0660,2024-09-01,Operations,21,0,0
EMP-0660,2024-10-01,Operations,22,1,3
EMP-0660,2024-11-01,Operations,20,1,1
EMP-0660,2024-12-01,Operations,22,0,0
EMP-0660,2025-01-01,Operations,23,2,2
EMP-0660,2025-02-01,Operations,20,0,0
EMP-0660,2025-03-01,Operations,23,1,0
EMP-0660,2025-04-01,Operations,21,2,0
EMP-0660,2025-05-01,Operations,21,1,2
EMP-0660,2025-06-01,Operations,21,0,0
EMP-0660,2025-07-01,Operations,23,0,0
EMP-0660,2025-08-01,Operations,21,0,0
EMP-0660,2025-09-01,Operations,20,1,1
EMP-0660,2025-10-01,Operations,22,1,0
EMP-0660,2025-11-01,Operations,20,1,0
EMP-0660,2025-12-01,Operations,22,0,1
EMP-0661,2025-07-01,Operations,20,2,1
EMP-0661,2025-08-01,Operations,22,1,1
EMP-0661,2025-09-01,Operations,20,0,3
EMP-0661,2025-10-01,Operations,23,0,2
EMP-0661,2025-11-01,Operations,21,0,2
EMP-0661,2025-12-01,Operations,22,0,2
EMP-0662,2024-08-01,Marketing,21,3,0
EMP-0662,2024-09-01,Marketing,23,3,2
EMP-0662,2024-10-01,Marketing,23,2,1
EMP-0662,2024-11-01,Marketing,23,2,0
EMP-0662,2024-12-01,Marketing,23,3,1
EMP-0662,2025-01-01,Marketing,23,1,2
EMP-0662,2025-02-01,Marketing,22,1,2
EMP-0662,2025-03-01,Marketing,22,2,1
EMP-0662,2025-04-01,Marketing,23,2,0
EMP-0662,2025-05-01,Marketing,23,1,2
EMP-0662,2025-06-01,Marketing,20,2,0
EMP-0662,2025-07-01,Marketing,20,2,0
EMP-0662,2025-08-01,Marketing,22,1,0
EMP-0662,2025-09-01,Marketing,21,2,0
EMP-0662,2025-10-01,Marketing,21,2,1
EMP-0662,2025-11-01,Marketing,20,3,1
EMP-0662,2025-12-01,Marketing,22,1,1
EMP-0663,2025-08-01,Operations,23,0,0
EMP-0663,2025-09-01,Operations,20,2,0
EMP-0663,2025-10-01,Operations,20,0,3
EMP-0663,2025-11-01,Operations,23,0,4
EMP-0663,2025-12-01,Operations,21,1,0
EMP-0664,2024-02-01,Customer Service,21,0,0
EMP-0664,2024-03-01,Customer Service,21,0,0
EMP-0664,2024-04-01,Customer Service,22,1,2
EMP-0664,2024-05-01,Customer Service,21,0,0
EMP-0664,2024-06-01,Customer Service,20,0,0
EMP-0664,2024-07-01,Customer Service,20,0,0
EMP-0664,2024-08-01,Customer Service,20,1,0
EMP-0664,2024-09-01,Customer Service,20,0,2
EMP-0664,2024-10-01,Customer Service,21,0,0
EMP-0664,2024-11-01,Customer Service,20,0,0
EMP-0664,2024-12-01,Customer Service,22,0,0
EMP-0664,2025-01-01,Customer Service,21,0,1
EMP-0664,2025-02-01,Customer Service,21,1,1
EMP-0664,2025-03-01,Customer Service,22,1,0
EMP-0664,2025-04-01,Customer Service,22,0,1
EMP-0664,2025-05-01,Customer Service,22,2,1
EMP-0664,2025-06-01,Customer Service,23,1,0
EMP-0664,2025-07-01,Customer Service,21,1,1
EMP-0664,2025-08-01,Customer Service,20,2,1
EMP-0664,2025-09-01,Customer Service,22,0,1
EMP-0664,2025-10-01,Customer Service,22,1,1
EMP-0664,2025-11-01,Customer Service,22,0,0
EMP-0664,2025-12-01,Customer Service,20,2,1
EMP-0665,2025-02-01,Sales,21,1,0
EMP-0665,2025-03-01,Sales,23,0,2
EMP-0665,2025-04-01,Sales,21,1,2
EMP-0665,2025-05-01,Sales,21,0,1
EMP-0665,2025-06-01,Sales,23,0,0
EMP-0665,2025-07-01,Sales,21,0,1
EMP-0665,2025-08-01,Sales,21,3,0
EMP-0665,2025-09-01,Sales,23,3,0
EMP-0665,2025-10-01,Sales,23,0,0
EMP-0665,2025-11-01,Sales,23,0,0
EMP-0665,2025-12-01,Sales,20,0,2
EMP-0666,2025-04-01,Operations,20,1,0
EMP-0666,2025-05-01,Operations,22,2,1
EMP-0666,2025-06-01,Operations,23,0,1
EMP-0666,2025-07-01,Operations,23,0,1
EMP-0666,2025-08-01,Operations,20,1,0
EMP-0666,2025-09-01,Operations,22,0,0
EMP-0666,2025-10-01,Operations,23,2,1
EMP-0666,2025-11-01,Operations,21,0,1
EMP-0666,2025-12-01,Operations,21,1,0
EMP-0667,2025-12-01,Marketing,22,0,0
EMP-0668,2024-08-01,Operations,22,0,1
EMP-0668,2024-09-01,Operations,23,2,1
EMP-0668,2024-10-01,Operations,21,2,0
EMP-0668,2024-11-01,Operations,21,0,4
EMP-0668,2024-12-01,Operations,21,2,0
EMP-0668,2025-01-01,Operations,20,1,0
EMP-0668,2025-02-01,Operations,20,1,1
EMP-0668,2025-03-01,Operations,23,2,3
EMP-0668,2025-04-01,Operations,22,1,2
EMP-0668,2025-05-01,Operations,23,1,0
EMP-0668,2025-06-01,Operations,20,1,2
EMP-0668,2025-07-01,Operations,23,3,3
EMP-0668,2025-08-01,Operations,22,1,2
EMP-0668,2025-09-01,Operations,20,2,0
EMP-0668,2025-10-01,Operations,22,3,0
EMP-0668,2025-11-01,Operations,21,3,2
EMP-0668,2025-12-01,Operations,23,0,0
EMP-0669,2024-04-01,Sales,21,0,2
EMP-0669,2024-05-01,Sales,22,2,2
EMP-0669,2024-06-01,Sales,20,0,0
EMP-0669,2024-07-01,Sales,20,0,2
EMP-0669,2024-08-01,Sales,20,1,2
EMP-0669,2024-09-01,Sales,22,0,0
EMP-0669,2024-10-01,Sales,20,0,1
EMP-0669,2024-11-01,Sales,20,2,0
EMP-0669,2024-12-01,Sales,20,0,0
EMP-0669,2025-01-01,Sales,20,0,1
EMP-0669,2025-02-01,Sales,22,1,0
EMP-0669,2025-03-01,Sales,22,1,2
EMP-0669,2025-04-01,Sales,22,1,2
EMP-0669,2025-05-01,Sales,21,2,4
EMP-0669,2025-06-01,Sales,21,1,1
EMP-0669,2025-07-01,Sales,21,0,0
EMP-0669,2025-08-01,Sales,22,0,1
EMP-0669,2025-09-01,Sales,21,0,0
EMP-0669,2025-10-01,Sales,22,1,1
EMP-0669,2025-11-01,Sales,20,1,0
EMP-0669,2025-12-01,Sales,22,1,2
EMP-0670,2025-06-01,Sales,20,1,2
EMP-0670,2025-07-01,Sales,23,0,1
EMP-0670,2025-08-01,Sales,22,0,0
EMP-0670,2025-09-01,Sales,23,0,2
EMP-0670,2025-10-01,Sales,22,0,2
EMP-0670,2025-11-01,Sales,23,0,0
EMP-0670,2025-12-01,Sales,20,0,1
EMP-0671,2025-01-01,Finance,22,0,0
EMP-0671,2025-02-01,Finance,22,0,1
EMP-0671,2025-03-01,Finance,21,1,1
EMP-0671,2025-04-01,Finance,22,0,3
EMP-0671,2025-05-01,Finance,20,1,0
EMP-0671,2025-06-01,Finance,20,0,1
EMP-0671,2025-07-01,Finance,22,0,0
EMP-0671,2025-08-01,Finance,22,2,0
EMP-0671,2025-09-01,Finance,21,1,1
EMP-0671,2025-10-01,Finance,21,1,1
EMP-0671,2025-11-01,Finance,21,1,0
EMP-0671,2025-12-01,Finance,23,0,0
EMP-0672,2024-02-01,Operations,22,0,3
EMP-0672,2024-03-01,Operations,20,0,0
EMP-0672,2024-04-01,Operations,21,0,0
EMP-0672,2024-05-01,Operations,21,0,1
EMP-0672,2024-06-01,Operations,23,0,1
EMP-0672,2024-07-01,Operations,21,0,3
EMP-0672,2024-08-01,Operations,20,1,0
EMP-0672,2024-09-01,Operations,21,1,1
EMP-0672,2024-10-01,Operations,20,0,2
EMP-0672,2024-11-01,Operations,22,1,1
EMP-0672,2024-12-01,Operations,23,0,0
EMP-0672,2025-01-01,Operations,22,1,2
EMP-0672,2025-02-01,Operations,23,1,1
EMP-0672,2025-03-01,Operations,22,0,2
EMP-0672,2025-04-01,Operations,21,1,2
EMP-0672,2025-05-01,Operations,21,0,0
EMP-0672,2025-06-01,Operations,21,0,0
EMP-0672,2025-07-01,Operations,21,0,0
EMP-0672,2025-08-01,Operations,23,0,0
EMP-0672,2025-09-01,Operations,21,1,1
EMP-0672,2025-10-01,Operations,21,0,2
EMP-0672,2025-11-01,Operations,21,0,0
EMP-0672,2025-12-01,Operations,23,1,1
EMP-0673,2025-08-01,IT & Data,20,1,0
EMP-0673,2025-09-01,IT & Data,21,0,1
EMP-0673,2025-10-01,IT & Data,20,0,1
EMP-0673,2025-11-01,IT & Data,20,0,1
EMP-0673,2025-12-01,IT & Data,22,0,1
EMP-0674,2025-02-01,IT & Data,23,0,0
EMP-0674,2025-03-01,IT & Data,20,0,0
EMP-0674,2025-04-01,IT & Data,22,0,0
EMP-0674,2025-05-01,IT & Data,21,1,1
EMP-0674,2025-06-01,IT & Data,20,0,0
EMP-0674,2025-07-01,IT & Data,23,0,0
EMP-0674,2025-08-01,IT & Data,21,1,2
EMP-0674,2025-09-01,IT & Data,23,0,0
EMP-0674,2025-10-01,IT & Data,21,0,0
EMP-0674,2025-11-01,IT & Data,20,0,0
EMP-0674,2025-12-01,IT & Data,21,1,0
EMP-0675,2025-03-01,Sales,23,2,2
EMP-0675,2025-04-01,Sales,20,1,2
EMP-0675,2025-05-01,Sales,23,0,3
EMP-0675,2025-06-01,Sales,20,2,2
EMP-0675,2025-07-01,Sales,22,0,0
EMP-0675,2025-08-01,Sales,23,1,2
EMP-0675,2025-09-01,Sales,22,0,1
EMP-0675,2025-10-01,Sales,20,1,1
EMP-0675,2025-11-01,Sales,21,0,1
EMP-0675,2025-12-01,Sales,21,2,1
EMP-0676,2025-04-01,Operations,21,0,1
EMP-0676,2025-05-01,Operations,23,1,1
EMP-0676,2025-06-01,Operations,21,0,0
EMP-0676,2025-07-01,Operations,23,0,0
EMP-0676,2025-08-01,Operations,21,0,0
EMP-0676,2025-09-01,Operations,21,0,0
EMP-0676,2025-10-01,Operations,23,1,2
EMP-0677,2025-10-01,Customer Service,20,0,0
EMP-0677,2025-11-01,Customer Service,21,0,2
EMP-0677,2025-12-01,Customer Service,21,0,2
EMP-0678,2024-04-01,Marketing,21,0,1
EMP-0678,2024-05-01,Marketing,23,0,1
EMP-0678,2024-06-01,Marketing,20,1,0
EMP-0678,2024-07-01,Marketing,23,0,3
EMP-0678,2024-08-01,Marketing,22,0,0
EMP-0678,2024-09-01,Marketing,20,0,2
EMP-0678,2024-10-01,Marketing,23,0,0
EMP-0678,2024-11-01,Marketing,23,0,1
EMP-0678,2024-12-01,Marketing,20,1,2
EMP-0678,2025-01-01,Marketing,20,1,0
EMP-0678,2025-02-01,Marketing,20,0,1
EMP-0678,2025-03-01,Marketing,20,0,0
EMP-0678,2025-04-01,Marketing,22,0,2
EMP-0678,2025-05-01,Marketing,21,1,1
EMP-0678,2025-06-01,Marketing,20,1,2
EMP-0678,2025-07-01,Marketing,22,0,1
EMP-0678,2025-08-01,Marketing,20,2,2
EMP-0678,2025-09-01,Marketing,23,1,0
EMP-0678,2025-10-01,Marketing,21,1,1
EMP-0678,2025-11-01,Marketing,21,0,2
EMP-0678,2025-12-01,Marketing,22,0,0
EMP-0679,2025-03-01,IT & Data,23,0,2
EMP-0679,2025-04-01,IT & Data,23,0,0
EMP-0679,2025-05-01,IT & Data,20,0,2
EMP-0679,2025-06-01,IT & Data,23,0,1
EMP-0679,2025-07-01,IT & Data,22,0,0
EMP-0679,2025-08-01,IT & Data,21,0,1
EMP-0679,2025-09-01,IT & Data,22,1,3
EMP-0679,2025-10-01,IT & Data,20,1,1
EMP-0679,2025-11-01,IT & Data,20,1,1
EMP-0679,2025-12-01,IT & Data,22,2,2
EMP-0680,2025-09-01,Marketing,23,0,0
EMP-0680,2025-10-01,Marketing,22,0,1
EMP-0680,2025-11-01,Marketing,22,0,1
EMP-0680,2025-12-01,Marketing,21,1,0
EMP-0681,2024-12-01,Marketing,20,0,0
EMP-0681,2025-01-01,Marketing,23,1,1
EMP-0681,2025-02-01,Marketing,22,0,1
EMP-0681,2025-03-01,Marketing,23,1,0
EMP-0681,2025-04-01,Marketing,23,0,0
EMP-0681,2025-05-01,Marketing,22,0,0
EMP-0681,2025-06-01,Marketing,20,0,1
EMP-0681,2025-07-01,Marketing,23,2,3
EMP-0681,2025-08-01,Marketing,20,1,0
EMP-0681,2025-09-01,Marketing,23,0,1
EMP-0681,2025-10-01,Marketing,22,1,0
EMP-0681,2025-11-01,Marketing,22,0,0
EMP-0681,2025-12-01,Marketing,21,0,1
EMP-0682,2025-10-01,Customer Service,22,0,3
EMP-0682,2025-11-01,Customer Service,20,2,0
EMP-0682,2025-12-01,Customer Service,23,1,0
EMP-0683,2024-09-01,Operations,22,2,0
EMP-0683,2024-10-01,Operations,23,0,1
EMP-0683,2024-11-01,Operations,20,0,1
EMP-0683,2024-12-01,Operations,23,3,0
EMP-0683,2025-01-01,Operations,23,3,0
EMP-0683,2025-02-01,Operations,22,2,1
EMP-0683,2025-03-01,Operations,23,1,0
EMP-0683,2025-04-01,Operations,21,3,0
EMP-0683,2025-05-01,Operations,21,3,2
EMP-0683,2025-06-01,Operations,22,3,0
EMP-0683,2025-07-01,Operations,23,1,0
EMP-0683,2025-08-01,Operations,23,1,0
EMP-0683,2025-09-01,Operations,21,1,0
EMP-0683,2025-10-01,Operations,22,1,0
EMP-0683,2025-11-01,Operations,20,2,3
EMP-0683,2025-12-01,Operations,22,0,0
EMP-0684,2024-03-01,Operations,23,2,0
EMP-0684,2024-04-01,Operations,22,0,1
EMP-0684,2024-05-01,Operations,21,2,0
EMP-0684,2024-06-01,Operations,21,0,0
EMP-0684,2024-07-01,Operations,21,3,0
EMP-0684,2024-08-01,Operations,23,2,2
EMP-0684,2024-09-01,Operations,23,2,1
EMP-0684,2024-10-01,Operations,20,3,1
EMP-0684,2024-11-01,Operations,20,1,0
EMP-0684,2024-12-01,Operations,23,2,4
EMP-0684,2025-01-01,Operations,22,2,1
EMP-0684,2025-02-01,Operations,21,2,1
EMP-0684,2025-03-01,Operations,22,2,0
EMP-0684,2025-04-01,Operations,22,1,0
EMP-0684,2025-05-01,Operations,23,3,2
EMP-0684,2025-06-01,Operations,23,3,1
EMP-0684,2025-07-01,Operations,20,2,0
EMP-0684,2025-08-01,Operations,20,1,0
EMP-0684,2025-09-01,Operations,23,1,0
EMP-0684,2025-10-01,Operations,21,2,0
EMP-0684,2025-11-01,Operations,23,1,0
EMP-0684,2025-12-01,Operations,23,0,1
EMP-0685,2025-07-01,IT & Data,22,1,1
EMP-0685,2025-08-01,IT & Data,21,0,2
EMP-0685,2025-09-01,IT & Data,23,1,1
EMP-0685,2025-10-01,IT & Data,22,1,0
EMP-0685,2025-11-01,IT & Data,21,0,1
EMP-0685,2025-12-01,IT & Data,21,0,0
EMP-0686,2025-11-01,Operations,23,0,0
EMP-0686,2025-12-01,Operations,21,1,2
EMP-0687,2024-02-01,Operations,21,0,0
EMP-0687,2024-03-01,Operations,22,2,0
EMP-0687,2024-04-01,Operations,21,0,1
EMP-0687,2024-05-01,Operations,21,0,0
EMP-0687,2024-06-01,Operations,22,1,0
EMP-0687,2024-07-01,Operations,22,1,0
EMP-0687,2024-08-01,Operations,21,1,0
EMP-0687,2024-09-01,Operations,22,1,0
EMP-0687,2024-10-01,Operations,22,0,2
EMP-0687,2024-11-01,Operations,20,2,2
EMP-0687,2024-12-01,Operations,20,0,2
EMP-0687,2025-01-01,Operations,21,0,0
EMP-0687,2025-02-01,Operations,23,0,1
EMP-0687,2025-03-01,Operations,20,2,1
EMP-0687,2025-04-01,Operations,22,2,2
EMP-0687,2025-05-01,Operations,21,0,0
EMP-0687,2025-06-01,Operations,23,0,2
EMP-0687,2025-07-01,Operations,22,1,1
EMP-0687,2025-08-01,Operations,23,1,4
EMP-0687,2025-09-01,Operations,21,0,0
EMP-0687,2025-10-01,Operations,22,0,1
EMP-0687,2025-11-01,Operations,23,1,2
EMP-0687,2025-12-01,Operations,23,0,2
EMP-0688,2024-10-01,Marketing,23,2,2
EMP-0688,2024-11-01,Marketing,20,1,1
EMP-0688,2024-12-01,Marketing,20,2,0
EMP-0688,2025-01-01,Marketing,23,1,0
EMP-0688,2025-02-01,Marketing,20,1,1
EMP-0688,2025-03-01,Marketing,22,1,2
EMP-0688,2025-04-01,Marketing,23,1,2
EMP-0688,2025-05-01,Marketing,23,1,1
EMP-0688,2025-06-01,Marketing,23,3,0
EMP-0688,2025-07-01,Marketing,22,2,0
EMP-0688,2025-08-01,Marketing,20,0,1
EMP-0688,2025-09-01,Marketing,21,3,1
EMP-0688,2025-10-01,Marketing,21,2,1
EMP-0688,2025-11-01,Marketing,21,0,0
EMP-0688,2025-12-01,Marketing,23,4,0
EMP-0689,2024-03-01,IT & Data,21,0,1
EMP-0689,2024-04-01,IT & Data,21,0,3
EMP-0689,2024-05-01,IT & Data,22,0,1
EMP-0689,2024-06-01,IT & Data,22,1,1
EMP-0689,2024-07-01,IT & Data,21,1,2
EMP-0689,2024-08-01,IT & Data,23,2,0
EMP-0689,2024-09-01,IT & Data,20,1,2
EMP-0689,2024-10-01,IT & Data,22,1,1
EMP-0689,2024-11-01,IT & Data,21,0,0
EMP-0689,2024-12-01,IT & Data,21,0,0
EMP-0689,2025-01-01,IT & Data,23,2,0
EMP-0689,2025-02-01,IT & Data,22,0,2
EMP-0689,2025-03-01,IT & Data,21,1,0
EMP-0689,2025-04-01,IT & Data,21,0,0
EMP-0689,2025-05-01,IT & Data,22,2,1
EMP-0689,2025-06-01,IT & Data,21,1,3
EMP-0689,2025-07-01,IT & Data,23,0,1
EMP-0689,2025-08-01,IT & Data,20,1,1
EMP-0689,2025-09-01,IT & Data,21,0,0
EMP-0689,2025-10-01,IT & Data,22,1,1
EMP-0689,2025-11-01,IT & Data,23,0,0
EMP-0689,2025-12-01,IT & Data,23,0,3
EMP-0690,2025-12-01,Marketing,21,0,0
EMP-0691,2025-05-01,Human Resources,21,0,3
EMP-0691,2025-06-01,Human Resources,22,0,1
EMP-0691,2025-07-01,Human Resources,20,2,0
EMP-0691,2025-08-01,Human Resources,22,0,3
EMP-0691,2025-09-01,Human Resources,23,0,0
EMP-0691,2025-10-01,Human Resources,21,0,2
EMP-0691,2025-11-01,Human Resources,23,1,1
EMP-0691,2025-12-01,Human Resources,21,0,0
EMP-0692,2024-10-01,Customer Service,21,0,1
EMP-0692,2024-11-01,Customer Service,23,0,2
EMP-0692,2024-12-01,Customer Service,23,1,0
EMP-0692,2025-01-01,Customer Service,20,0,0
EMP-0692,2025-02-01,Customer Service,20,0,0
EMP-0692,2025-03-01,Customer Service,21,0,0
EMP-0692,2025-04-01,Customer Service,22,0,2
EMP-0692,2025-05-01,Customer Service,23,0,2
EMP-0692,2025-06-01,Customer Service,23,0,1
EMP-0692,2025-07-01,Customer Service,21,0,0
EMP-0692,2025-08-01,Customer Service,20,2,0
EMP-0692,2025-09-01,Customer Service,22,1,0
EMP-0692,2025-10-01,Customer Service,22,0,0
EMP-0692,2025-11-01,Customer Service,22,0,1
EMP-0692,2025-12-01,Customer Service,21,1,1
EMP-0693,2024-03-01,Customer Service,23,1,1
EMP-0693,2024-04-01,Customer Service,20,2,0
EMP-0693,2024-05-01,Customer Service,23,4,2
EMP-0693,2024-06-01,Customer Service,23,2,0
EMP-0693,2024-07-01,Customer Service,22,0,0
EMP-0693,2024-08-01,Customer Service,20,1,1
EMP-0693,2024-09-01,Customer Service,22,1,1
EMP-0693,2024-10-01,Customer Service,21,1,0
EMP-0693,2024-11-01,Customer Service,20,0,1
EMP-0693,2024-12-01,Customer Service,21,1,0
EMP-0693,2025-01-01,Customer Service,22,2,3
EMP-0693,2025-02-01,Customer Service,21,2,1
EMP-0693,2025-03-01,Customer Service,21,1,1
EMP-0693,2025-04-01,Customer Service,22,0,1
EMP-0693,2025-05-01,Customer Service,20,0,0
EMP-0693,2025-06-01,Customer Service,20,3,1
EMP-0693,2025-07-01,Customer Service,20,4,0
EMP-0693,2025-08-01,Customer Service,22,0,1
EMP-0693,2025-09-01,Customer Service,23,2,2
EMP-0693,2025-10-01,Customer Service,23,1,1
EMP-0693,2025-11-01,Customer Service,20,2,0
EMP-0693,2025-12-01,Customer Service,22,0,2
EMP-0694,2024-02-01,Customer Service,23,0,0
EMP-0694,2024-03-01,Customer Service,22,1,0
EMP-0694,2024-04-01,Customer Service,22,0,1
EMP-0694,2024-05-01,Customer Service,22,1,3
EMP-0694,2024-06-01,Customer Service,21,0,0
EMP-0694,2024-07-01,Customer Service,22,0,0
EMP-0694,2024-08-01,Customer Service,23,0,2
EMP-0694,2024-09-01,Customer Service,23,0,2
EMP-0694,2024-10-01,Customer Service,21,0,1
EMP-0694,2024-11-01,Customer Service,21,0,0
EMP-0694,2024-12-01,Customer Service,20,0,3
EMP-0694,2025-01-01,Customer Service,20,0,1
EMP-0694,2025-02-01,Customer Service,21,0,0
EMP-0694,2025-03-01,Customer Service,20,1,0
EMP-0694,2025-04-01,Customer Service,21,0,0
EMP-0694,2025-05-01,Customer Service,22,1,3
EMP-0694,2025-06-01,Customer Service,20,0,2
EMP-0695,2025-11-01,Sales,22,0,2
EMP-0695,2025-12-01,Sales,22,1,1
EMP-0696,2024-09-01,Sales,21,0,0
EMP-0696,2024-10-01,Sales,21,1,0
EMP-0696,2024-11-01,Sales,21,1,2
EMP-0696,2024-12-01,Sales,23,1,0
EMP-0696,2025-01-01,Sales,22,0,2
EMP-0696,2025-02-01,Sales,20,0,2
EMP-0696,2025-03-01,Sales,22,0,0
EMP-0696,2025-04-01,Sales,20,0,0
EMP-0696,2025-05-01,Sales,22,2,2
EMP-0696,2025-06-01,Sales,23,0,1
EMP-0696,2025-07-01,Sales,21,0,0
EMP-0696,2025-08-01,Sales,23,0,0
EMP-0696,2025-09-01,Sales,20,2,2
EMP-0696,2025-10-01,Sales,20,2,1
EMP-0696,2025-11-01,Sales,21,2,1
EMP-0696,2025-12-01,Sales,23,1,0
EMP-0697,2024-11-01,Sales,23,2,1
EMP-0697,2024-12-01,Sales,23,0,0
EMP-0697,2025-01-01,Sales,21,0,0
EMP-0697,2025-02-01,Sales,23,1,0
EMP-0697,2025-03-01,Sales,22,1,3
EMP-0697,2025-04-01,Sales,20,1,0
EMP-0697,2025-05-01,Sales,21,1,0
EMP-0697,2025-06-01,Sales,22,0,0
EMP-0697,2025-07-01,Sales,20,1,0
EMP-0697,2025-08-01,Sales,21,0,1
EMP-0697,2025-09-01,Sales,21,0,1
EMP-0697,2025-10-01,Sales,21,0,1
EMP-0697,2025-11-01,Sales,22,2,0
EMP-0697,2025-12-01,Sales,21,1,0
EMP-0698,2025-08-01,Human Resources,20,0,1
EMP-0698,2025-09-01,Human Resources,20,1,0
EMP-0698,2025-10-01,Human Resources,23,1,3
EMP-0698,2025-11-01,Human Resources,20,1,0
EMP-0698,2025-12-01,Human Resources,21,0,0
EMP-0699,2024-08-01,Customer Service,23,1,1
EMP-0699,2024-09-01,Customer Service,20,0,0
EMP-0699,2024-10-01,Customer Service,20,0,0
EMP-0699,2024-11-01,Customer Service,23,1,0
EMP-0699,2024-12-01,Customer Service,20,1,1
EMP-0699,2025-01-01,Customer Service,21,1,0
EMP-0699,2025-02-01,Customer Service,23,0,0
EMP-0699,2025-03-01,Customer Service,21,1,1
EMP-0699,2025-04-01,Customer Service,21,0,0
EMP-0699,2025-05-01,Customer Service,20,0,0
EMP-0699,2025-06-01,Customer Service,23,1,1
EMP-0699,2025-07-01,Customer Service,21,1,0
EMP-0699,2025-08-01,Customer Service,21,0,0
EMP-0699,2025-09-01,Customer Service,22,0,0
EMP-0699,2025-10-01,Customer Service,23,0,0
EMP-0699,2025-11-01,Customer Service,23,0,0
EMP-0699,2025-12-01,Customer Service,20,0,1
EMP-0700,2025-10-01,Finance,21,0,1
EMP-0700,2025-11-01,Finance,22,0,5
EMP-0700,2025-12-01,Finance,22,1,0
EMP-0701,2025-10-01,Marketing,21,1,1
EMP-0701,2025-11-01,Marketing,22,0,1
EMP-0701,2025-12-01,Marketing,20,0,0
EMP-0702,2024-01-01,Human Resources,22,0,0
EMP-0702,2024-02-01,Human Resources,22,0,0
EMP-0702,2024-03-01,Human Resources,21,2,1
EMP-0702,2024-04-01,Human Resources,22,0,0
EMP-0702,2024-05-01,Human Resources,22,0,2
EMP-0702,2024-06-01,Human Resources,23,1,0
EMP-0702,2024-07-01,Human Resources,20,1,0
EMP-0702,2024-08-01,Human Resources,20,0,0
EMP-0702,2024-09-01,Human Resources,20,0,0
EMP-0702,2024-10-01,Human Resources,22,1,2
EMP-0702,2024-11-01,Human Resources,22,0,3
EMP-0702,2024-12-01,Human Resources,20,0,2
EMP-0702,2025-01-01,Human Resources,20,2,0
EMP-0702,2025-02-01,Human Resources,23,0,1
EMP-0702,2025-03-01,Human Resources,23,0,0
EMP-0702,2025-04-01,Human Resources,23,0,1
EMP-0702,2025-05-01,Human Resources,22,0,1
EMP-0702,2025-06-01,Human Resources,23,1,1
EMP-0702,2025-07-01,Human Resources,22,1,0
EMP-0702,2025-08-01,Human Resources,20,1,0
EMP-0702,2025-09-01,Human Resources,23,2,0
EMP-0702,2025-10-01,Human Resources,21,1,0
EMP-0702,2025-11-01,Human Resources,20,0,1
EMP-0702,2025-12-01,Human Resources,21,0,2
EMP-0703,2024-09-01,Operations,23,0,1
EMP-0703,2024-10-01,Operations,21,0,1
EMP-0703,2024-11-01,Operations,21,1,0
EMP-0703,2024-12-01,Operations,21,0,0
EMP-0703,2025-01-01,Operations,23,1,0
EMP-0703,2025-02-01,Operations,22,1,1
EMP-0703,2025-03-01,Operations,22,1,0
EMP-0703,2025-04-01,Operations,21,0,1
EMP-0703,2025-05-01,Operations,23,0,2
EMP-0703,2025-06-01,Operations,22,1,0
EMP-0703,2025-07-01,Operations,21,0,0
EMP-0703,2025-08-01,Operations,20,0,0
EMP-0703,2025-09-01,Operations,22,1,1
EMP-0703,2025-10-01,Operations,20,1,1
EMP-0703,2025-11-01,Operations,20,1,1
EMP-0703,2025-12-01,Operations,21,0,1
EMP-0704,2025-11-01,Marketing,23,0,0
EMP-0704,2025-12-01,Marketing,22,1,0
EMP-0705,2024-07-01,IT & Data,23,0,2
EMP-0705,2024-08-01,IT & Data,23,1,0
EMP-0705,2024-09-01,IT & Data,21,0,1
EMP-0705,2024-10-01,IT & Data,20,0,0
EMP-0705,2024-11-01,IT & Data,22,1,1
EMP-0705,2024-12-01,IT & Data,20,1,1
EMP-0705,2025-01-01,IT & Data,23,1,2
EMP-0705,2025-02-01,IT & Data,22,1,1
EMP-0705,2025-03-01,IT & Data,20,0,3
EMP-0705,2025-04-01,IT & Data,22,0,0
EMP-0705,2025-05-01,IT & Data,21,0,1
EMP-0705,2025-06-01,IT & Data,22,0,2
EMP-0705,2025-07-01,IT & Data,23,0,1
EMP-0705,2025-08-01,IT & Data,22,0,1
EMP-0705,2025-09-01,IT & Data,20,0,1
EMP-0705,2025-10-01,IT & Data,21,0,0
EMP-0705,2025-11-01,IT & Data,23,1,0
EMP-0705,2025-12-01,IT & Data,20,1,1
EMP-0706,2024-07-01,Customer Service,23,2,1
EMP-0706,2024-08-01,Customer Service,23,0,0
EMP-0706,2024-09-01,Customer Service,20,0,0
EMP-0706,2024-10-01,Customer Service,20,1,0
EMP-0706,2024-11-01,Customer Service,20,0,0
EMP-0706,2024-12-01,Customer Service,21,0,1
EMP-0706,2025-01-01,Customer Service,23,0,2
EMP-0706,2025-02-01,Customer Service,22,0,0
EMP-0706,2025-03-01,Customer Service,22,0,1
EMP-0706,2025-04-01,Customer Service,22,2,2
EMP-0706,2025-05-01,Customer Service,21,0,1
EMP-0706,2025-06-01,Customer Service,23,1,0
EMP-0706,2025-07-01,Customer Service,21,0,0
EMP-0706,2025-08-01,Customer Service,21,2,1
EMP-0706,2025-09-01,Customer Service,23,0,0
EMP-0706,2025-10-01,Customer Service,20,0,2
EMP-0706,2025-11-01,Customer Service,22,1,3
EMP-0706,2025-12-01,Customer Service,20,1,1
EMP-0707,2024-01-01,Sales,23,0,1
EMP-0707,2024-02-01,Sales,20,0,0
EMP-0707,2024-03-01,Sales,22,0,0
EMP-0707,2024-04-01,Sales,23,1,0
EMP-0707,2024-05-01,Sales,22,0,1
EMP-0707,2024-06-01,Sales,20,0,0
EMP-0707,2024-07-01,Sales,23,0,1
EMP-0707,2024-08-01,Sales,22,0,1
EMP-0707,2024-09-01,Sales,20,1,1
EMP-0707,2024-10-01,Sales,20,0,3
EMP-0707,2024-11-01,Sales,22,0,0
EMP-0707,2024-12-01,Sales,20,0,0
EMP-0707,2025-01-01,Sales,20,1,1
EMP-0707,2025-02-01,Sales,23,1,0
EMP-0707,2025-03-01,Sales,21,0,2
EMP-0707,2025-04-01,Sales,21,2,2
EMP-0707,2025-05-01,Sales,23,0,0
EMP-0707,2025-06-01,Sales,23,1,0
EMP-0707,2025-07-01,Sales,21,1,1
EMP-0707,2025-08-01,Sales,23,2,3
EMP-0707,2025-09-01,Sales,20,0,0
EMP-0707,2025-10-01,Sales,20,1,0
EMP-0707,2025-11-01,Sales,21,1,2
EMP-0707,2025-12-01,Sales,22,1,2
EMP-0708,2025-10-01,Human Resources,21,0,2
EMP-0708,2025-11-01,Human Resources,22,0,0
EMP-0708,2025-12-01,Human Resources,23,0,1
EMP-0709,2025-11-01,Customer Service,22,0,1
EMP-0709,2025-12-01,Customer Service,21,0,0
EMP-0710,2025-01-01,Marketing,20,1,0
EMP-0710,2025-02-01,Marketing,20,0,0
EMP-0710,2025-03-01,Marketing,23,1,1
EMP-0710,2025-04-01,Marketing,23,0,1
EMP-0710,2025-05-01,Marketing,20,1,1
EMP-0710,2025-06-01,Marketing,20,2,2
EMP-0710,2025-07-01,Marketing,23,0,3
EMP-0710,2025-08-01,Marketing,22,2,0
EMP-0710,2025-09-01,Marketing,20,1,2
EMP-0710,2025-10-01,Marketing,23,0,2
EMP-0710,2025-11-01,Marketing,20,0,4
EMP-0710,2025-12-01,Marketing,23,1,2
EMP-0711,2025-03-01,Sales,22,2,1
EMP-0711,2025-04-01,Sales,22,1,0
EMP-0711,2025-05-01,Sales,21,2,0
EMP-0711,2025-06-01,Sales,21,2,2
EMP-0711,2025-07-01,Sales,23,0,3
EMP-0711,2025-08-01,Sales,21,1,3
EMP-0711,2025-09-01,Sales,22,4,1
EMP-0711,2025-10-01,Sales,20,1,0
EMP-0711,2025-11-01,Sales,23,2,3
EMP-0711,2025-12-01,Sales,23,3,0
EMP-0712,2025-07-01,Human Resources,22,2,0
EMP-0712,2025-08-01,Human Resources,21,0,1
EMP-0712,2025-09-01,Human Resources,23,1,2
EMP-0712,2025-10-01,Human Resources,23,1,1
EMP-0712,2025-11-01,Human Resources,20,2,0
EMP-0712,2025-12-01,Human Resources,22,0,1
EMP-0713,2024-03-01,Operations,22,0,0
EMP-0713,2024-04-01,Operations,21,0,2
EMP-0713,2024-05-01,Operations,21,1,0
EMP-0713,2024-06-01,Operations,23,0,0
EMP-0713,2024-07-01,Operations,23,0,0
EMP-0713,2024-08-01,Operations,20,1,2
EMP-0713,2024-09-01,Operations,20,0,0
EMP-0713,2024-10-01,Operations,21,2,1
EMP-0713,2024-11-01,Operations,22,0,1
EMP-0713,2024-12-01,Operations,21,1,1
EMP-0713,2025-01-01,Operations,21,1,2
EMP-0713,2025-02-01,Operations,21,3,0
EMP-0713,2025-03-01,Operations,23,1,0
EMP-0713,2025-04-01,Operations,20,0,3
EMP-0713,2025-05-01,Operations,22,1,3
EMP-0713,2025-06-01,Operations,20,0,2
EMP-0713,2025-07-01,Operations,23,2,0
EMP-0713,2025-08-01,Operations,21,1,0
EMP-0713,2025-09-01,Operations,22,2,3
EMP-0713,2025-10-01,Operations,21,1,0
EMP-0713,2025-11-01,Operations,23,0,2
EMP-0713,2025-12-01,Operations,23,2,2
EMP-0714,2024-04-01,Operations,21,0,1
EMP-0714,2024-05-01,Operations,21,0,2
EMP-0714,2024-06-01,Operations,23,0,2
EMP-0714,2024-07-01,Operations,21,0,1
EMP-0714,2024-08-01,Operations,20,1,0
EMP-0714,2024-09-01,Operations,21,2,2
EMP-0714,2024-10-01,Operations,20,0,1
EMP-0714,2024-11-01,Operations,21,1,4
EMP-0714,2024-12-01,Operations,23,0,0
EMP-0714,2025-01-01,Operations,20,0,1
EMP-0714,2025-02-01,Operations,20,0,3
EMP-0714,2025-03-01,Operations,21,1,3
EMP-0714,2025-04-01,Operations,22,0,0
EMP-0714,2025-05-01,Operations,21,1,0
EMP-0714,2025-06-01,Operations,20,1,0
EMP-0714,2025-07-01,Operations,22,0,0
EMP-0714,2025-08-01,Operations,20,1,1
EMP-0714,2025-09-01,Operations,20,1,0
EMP-0714,2025-10-01,Operations,20,1,1
EMP-0714,2025-11-01,Operations,22,0,1
EMP-0714,2025-12-01,Operations,23,1,0
EMP-0715,2025-09-01,Customer Service,20,1,2
EMP-0715,2025-10-01,Customer Service,23,2,3
EMP-0715,2025-11-01,Customer Service,20,0,2
EMP-0715,2025-12-01,Customer Service,21,0,0
EMP-0716,2024-02-01,Operations,23,1,0
EMP-0716,2024-03-01,Operations,23,0,2
EMP-0716,2024-04-01,Operations,21,0,1
EMP-0716,2024-05-01,Operations,21,0,0
EMP-0716,2024-06-01,Operations,23,0,1
EMP-0716,2024-07-01,Operations,23,0,1
EMP-0716,2024-08-01,Operations,20,0,0
EMP-0716,2024-09-01,Operations,21,1,0
EMP-0716,2024-10-01,Operations,23,1,0
EMP-0716,2024-11-01,Operations,23,0,0
EMP-0716,2024-12-01,Operations,20,1,0
EMP-0716,2025-01-01,Operations,22,1,2
EMP-0716,2025-02-01,Operations,23,1,0
EMP-0716,2025-03-01,Operations,21,0,0
EMP-0716,2025-04-01,Operations,23,0,2
EMP-0716,2025-05-01,Operations,23,1,1
EMP-0716,2025-06-01,Operations,22,1,0
EMP-0716,2025-07-01,Operations,20,0,1
EMP-0716,2025-08-01,Operations,22,2,0
EMP-0716,2025-09-01,Operations,23,1,0
EMP-0716,2025-10-01,Operations,23,0,0
EMP-0716,2025-11-01,Operations,20,1,0
EMP-0716,2025-12-01,Operations,21,1,1
EMP-0717,2024-09-01,Customer Service,21,1,1
EMP-0717,2024-10-01,Customer Service,22,1,3
EMP-0717,2024-11-01,Customer Service,23,1,0
EMP-0717,2024-12-01,Customer Service,20,2,2
EMP-0717,2025-01-01,Customer Service,20,0,1
EMP-0717,2025-02-01,Customer Service,22,0,2
EMP-0717,2025-03-01,Customer Service,21,0,0
EMP-0717,2025-04-01,Customer Service,22,0,1
EMP-0717,2025-05-01,Customer Service,21,0,0
EMP-0717,2025-06-01,Customer Service,23,0,0
EMP-0717,2025-07-01,Customer Service,20,1,1
EMP-0717,2025-08-01,Customer Service,23,0,3
EMP-0717,2025-09-01,Customer Service,23,0,1
EMP-0717,2025-10-01,Customer Service,20,1,2
EMP-0717,2025-11-01,Customer Service,21,0,1
EMP-0717,2025-12-01,Customer Service,23,1,4
EMP-0718,2025-10-01,Operations,23,0,1
EMP-0718,2025-11-01,Operations,22,0,0
EMP-0718,2025-12-01,Operations,21,2,3
EMP-0719,2025-05-01,Customer Service,21,0,1
EMP-0719,2025-06-01,Customer Service,23,2,0
EMP-0719,2025-07-01,Customer Service,21,0,2
EMP-0719,2025-08-01,Customer Service,20,1,0
EMP-0719,2025-09-01,Customer Service,20,3,0
EMP-0719,2025-10-01,Customer Service,21,0,0
EMP-0719,2025-11-01,Customer Service,22,3,1
EMP-0719,2025-12-01,Customer Service,20,0,2
EMP-0720,2024-04-01,Marketing,23,0,2
EMP-0720,2024-05-01,Marketing,21,1,3
EMP-0720,2024-06-01,Marketing,21,2,3
EMP-0720,2024-07-01,Marketing,21,0,1
EMP-0720,2024-08-01,Marketing,23,2,1
EMP-0720,2024-09-01,Marketing,23,2,0
EMP-0720,2024-10-01,Marketing,20,3,0
EMP-0720,2024-11-01,Marketing,22,1,3
EMP-0720,2024-12-01,Marketing,23,2,1
EMP-0720,2025-01-01,Marketing,22,3,4
EMP-0720,2025-02-01,Marketing,23,2,0
EMP-0720,2025-03-01,Marketing,22,0,1
EMP-0720,2025-04-01,Marketing,23,0,1
EMP-0720,2025-05-01,Marketing,23,1,3
EMP-0720,2025-06-01,Marketing,23,2,0
EMP-0720,2025-07-01,Marketing,21,2,0
EMP-0720,2025-08-01,Marketing,22,0,0
EMP-0720,2025-09-01,Marketing,20,3,2
EMP-0720,2025-10-01,Marketing,20,1,0
EMP-0720,2025-11-01,Marketing,20,1,3
EMP-0720,2025-12-01,Marketing,22,3,0
EMP-0721,2025-02-01,Operations,20,0,0
EMP-0721,2025-03-01,Operations,21,1,1
EMP-0721,2025-04-01,Operations,21,0,0
EMP-0721,2025-05-01,Operations,23,1,1
EMP-0721,2025-06-01,Operations,22,0,0
EMP-0721,2025-07-01,Operations,21,0,1
EMP-0721,2025-08-01,Operations,22,0,0
EMP-0721,2025-09-01,Operations,21,0,0
EMP-0721,2025-10-01,Operations,22,0,0
EMP-0721,2025-11-01,Operations,20,0,0
EMP-0721,2025-12-01,Operations,20,0,2
EMP-0722,2025-10-01,Sales,22,0,1
EMP-0722,2025-11-01,Sales,23,0,0
EMP-0722,2025-12-01,Sales,23,0,1
EMP-0723,2024-05-01,IT & Data,20,0,1
EMP-0723,2024-06-01,IT & Data,20,2,1
EMP-0723,2024-07-01,IT & Data,23,1,2
EMP-0723,2024-08-01,IT & Data,22,0,1
EMP-0723,2024-09-01,IT & Data,22,0,3
EMP-0723,2024-10-01,IT & Data,20,0,3
EMP-0723,2024-11-01,IT & Data,20,1,0
EMP-0723,2024-12-01,IT & Data,22,0,1
EMP-0723,2025-01-01,IT & Data,22,1,0
EMP-0723,2025-02-01,IT & Data,22,1,1
EMP-0723,2025-03-01,IT & Data,21,0,0
EMP-0723,2025-04-01,IT & Data,20,0,0
EMP-0723,2025-05-01,IT & Data,22,0,0
EMP-0723,2025-06-01,IT & Data,23,1,0
EMP-0723,2025-07-01,IT & Data,22,3,2
EMP-0723,2025-08-01,IT & Data,23,0,1
EMP-0723,2025-09-01,IT & Data,20,0,1
EMP-0723,2025-10-01,IT & Data,22,1,2
EMP-0723,2025-11-01,IT & Data,23,1,2
EMP-0723,2025-12-01,IT & Data,21,0,2
EMP-0724,2024-04-01,Operations,20,2,0
EMP-0724,2024-05-01,Operations,22,0,0
EMP-0724,2024-06-01,Operations,23,3,1
EMP-0724,2024-07-01,Operations,21,2,1
EMP-0724,2024-08-01,Operations,23,1,0
EMP-0724,2024-09-01,Operations,23,0,2
EMP-0724,2024-10-01,Operations,21,3,1
EMP-0724,2024-11-01,Operations,20,1,1
EMP-0724,2024-12-01,Operations,23,1,3
EMP-0724,2025-01-01,Operations,22,0,2
EMP-0724,2025-02-01,Operations,22,1,1
EMP-0724,2025-03-01,Operations,20,2,3
EMP-0724,2025-04-01,Operations,21,2,0
EMP-0724,2025-05-01,Operations,21,2,0
EMP-0724,2025-06-01,Operations,21,1,0
EMP-0724,2025-07-01,Operations,22,1,0
EMP-0724,2025-08-01,Operations,20,0,1
EMP-0724,2025-09-01,Operations,21,4,1
EMP-0724,2025-10-01,Operations,23,3,0
EMP-0724,2025-11-01,Operations,21,2,0
EMP-0724,2025-12-01,Operations,23,1,0
EMP-0725,2024-06-01,Marketing,23,2,1
EMP-0725,2024-07-01,Marketing,20,0,0
EMP-0725,2024-08-01,Marketing,22,0,0
EMP-0725,2024-09-01,Marketing,21,2,2
EMP-0725,2024-10-01,Marketing,22,3,0
EMP-0725,2024-11-01,Marketing,21,2,0
EMP-0725,2024-12-01,Marketing,20,0,2
EMP-0725,2025-01-01,Marketing,23,0,1
EMP-0725,2025-02-01,Marketing,22,0,3
EMP-0725,2025-03-01,Marketing,20,1,1
EMP-0725,2025-04-01,Marketing,23,1,0
EMP-0725,2025-05-01,Marketing,22,1,0
EMP-0725,2025-06-01,Marketing,23,0,2
EMP-0725,2025-07-01,Marketing,21,1,2
EMP-0725,2025-08-01,Marketing,21,1,0
EMP-0725,2025-09-01,Marketing,21,0,0
EMP-0725,2025-10-01,Marketing,22,2,0
EMP-0725,2025-11-01,Marketing,23,0,0
EMP-0725,2025-12-01,Marketing,23,1,2
EMP-0726,2025-08-01,IT & Data,23,0,2
EMP-0726,2025-09-01,IT & Data,21,0,0
EMP-0726,2025-10-01,IT & Data,23,0,1
EMP-0726,2025-11-01,IT & Data,23,2,1
EMP-0726,2025-12-01,IT & Data,20,0,2
EMP-0727,2024-05-01,Operations,23,0,3
EMP-0727,2024-06-01,Operations,22,0,3
EMP-0727,2024-07-01,Operations,23,1,0
EMP-0727,2024-08-01,Operations,21,1,1
EMP-0727,2024-09-01,Operations,20,2,0
EMP-0727,2024-10-01,Operations,22,1,0
EMP-0727,2024-11-01,Operations,22,3,1
EMP-0727,2024-12-01,Operations,22,2,1
EMP-0727,2025-01-01,Operations,21,2,1
EMP-0727,2025-02-01,Operations,23,0,1
EMP-0727,2025-03-01,Operations,21,3,1
EMP-0727,2025-04-01,Operations,20,2,3
EMP-0727,2025-05-01,Operations,22,1,0
EMP-0727,2025-06-01,Operations,22,1,0
EMP-0727,2025-07-01,Operations,20,2,0
EMP-0727,2025-08-01,Operations,22,1,0
EMP-0727,2025-09-01,Operations,21,2,1
EMP-0727,2025-10-01,Operations,20,1,1
EMP-0727,2025-11-01,Operations,22,3,1
EMP-0727,2025-12-01,Operations,22,4,1
EMP-0728,2025-06-01,Marketing,20,1,2
EMP-0728,2025-07-01,Marketing,23,1,2
EMP-0728,2025-08-01,Marketing,23,0,1
EMP-0729,2024-11-01,Marketing,21,0,1
EMP-0729,2024-12-01,Marketing,20,1,0
EMP-0729,2025-01-01,Marketing,21,2,1
EMP-0729,2025-02-01,Marketing,23,1,0
EMP-0729,2025-03-01,Marketing,20,2,0
EMP-0730,2024-08-01,Sales,21,0,3
EMP-0730,2024-09-01,Sales,20,1,0
EMP-0730,2024-10-01,Sales,23,0,0
EMP-0730,2024-11-01,Sales,20,1,1
EMP-0730,2024-12-01,Sales,20,0,4
EMP-0730,2025-01-01,Sales,20,0,1
EMP-0730,2025-02-01,Sales,20,0,3
EMP-0730,2025-03-01,Sales,21,1,1
EMP-0730,2025-04-01,Sales,23,0,0
EMP-0730,2025-05-01,Sales,20,0,2
EMP-0730,2025-06-01,Sales,23,1,2
EMP-0730,2025-07-01,Sales,22,0,0
EMP-0730,2025-08-01,Sales,20,1,0
EMP-0730,2025-09-01,Sales,21,0,0
EMP-0730,2025-10-01,Sales,22,0,0
EMP-0730,2025-11-01,Sales,21,2,1
EMP-0730,2025-12-01,Sales,20,2,0
EMP-0731,2025-02-01,Operations,21,1,1
EMP-0731,2025-03-01,Operations,23,1,0
EMP-0731,2025-04-01,Operations,20,0,0
EMP-0731,2025-05-01,Operations,20,1,1
EMP-0731,2025-06-01,Operations,22,0,0
EMP-0731,2025-07-01,Operations,21,0,1
EMP-0731,2025-08-01,Operations,22,0,0
EMP-0731,2025-09-01,Operations,20,1,1
EMP-0731,2025-10-01,Operations,23,0,1
EMP-0731,2025-11-01,Operations,22,0,3
EMP-0731,2025-12-01,Operations,23,3,0
EMP-0732,2024-03-01,Operations,20,1,1
EMP-0732,2024-04-01,Operations,20,0,0
EMP-0732,2024-05-01,Operations,20,1,0
EMP-0732,2024-06-01,Operations,21,0,1
EMP-0732,2024-07-01,Operations,20,0,1
EMP-0732,2024-08-01,Operations,20,1,1
EMP-0732,2024-09-01,Operations,22,1,2
EMP-0732,2024-10-01,Operations,21,0,0
EMP-0732,2024-11-01,Operations,20,0,1
EMP-0732,2024-12-01,Operations,23,0,1
EMP-0732,2025-01-01,Operations,20,0,0
EMP-0732,2025-02-01,Operations,23,1,0
EMP-0732,2025-03-01,Operations,21,0,0
EMP-0732,2025-04-01,Operations,20,0,1
EMP-0732,2025-05-01,Operations,23,2,1
EMP-0732,2025-06-01,Operations,22,1,0
EMP-0732,2025-07-01,Operations,23,3,2
EMP-0732,2025-08-01,Operations,21,0,0
EMP-0732,2025-09-01,Operations,21,1,0
EMP-0732,2025-10-01,Operations,21,0,1
EMP-0732,2025-11-01,Operations,21,0,1
EMP-0732,2025-12-01,Operations,21,0,2
EMP-0733,2025-02-01,IT & Data,21,1,0
EMP-0733,2025-03-01,IT & Data,23,0,2
EMP-0733,2025-04-01,IT & Data,23,1,2
EMP-0734,2024-01-01,Customer Service,23,2,1
EMP-0734,2024-02-01,Customer Service,21,0,1
EMP-0734,2024-03-01,Customer Service,21,1,0
EMP-0734,2024-04-01,Customer Service,21,0,1
EMP-0734,2024-05-01,Customer Service,21,0,3
EMP-0734,2024-06-01,Customer Service,21,1,1
EMP-0734,2024-07-01,Customer Service,21,0,2
EMP-0734,2024-08-01,Customer Service,22,1,1
EMP-0734,2024-09-01,Customer Service,22,0,0
EMP-0734,2024-10-01,Customer Service,23,1,0
EMP-0734,2024-11-01,Customer Service,22,1,1
EMP-0734,2024-12-01,Customer Service,21,0,2
EMP-0734,2025-01-01,Customer Service,22,0,0
EMP-0735,2024-05-01,Sales,20,0,2
EMP-0735,2024-06-01,Sales,22,0,2
EMP-0735,2024-07-01,Sales,21,0,2
EMP-0735,2024-08-01,Sales,22,0,1
EMP-0735,2024-09-01,Sales,23,0,0
EMP-0735,2024-10-01,Sales,22,0,2
EMP-0735,2024-11-01,Sales,22,0,1
EMP-0735,2024-12-01,Sales,20,0,2
EMP-0735,2025-01-01,Sales,23,0,1
EMP-0735,2025-02-01,Sales,22,0,1
EMP-0735,2025-03-01,Sales,23,0,2
EMP-0735,2025-04-01,Sales,21,1,1
EMP-0735,2025-05-01,Sales,22,1,0
EMP-0735,2025-06-01,Sales,22,1,0
EMP-0735,2025-07-01,Sales,22,0,0
EMP-0735,2025-08-01,Sales,20,0,0
EMP-0735,2025-09-01,Sales,21,1,0
EMP-0735,2025-10-01,Sales,23,0,1
EMP-0735,2025-11-01,Sales,22,1,1
EMP-0735,2025-12-01,Sales,20,2,1
EMP-0736,2024-03-01,Customer Service,23,0,0
EMP-0736,2024-04-01,Customer Service,21,0,0
EMP-0736,2024-05-01,Customer Service,22,0,1
EMP-0736,2024-06-01,Customer Service,22,2,3
EMP-0736,2024-07-01,Customer Service,21,0,0
EMP-0736,2024-08-01,Customer Service,21,1,3
EMP-0736,2024-09-01,Customer Service,21,0,3
EMP-0736,2024-10-01,Customer Service,23,2,3
EMP-0736,2024-11-01,Customer Service,23,0,2
EMP-0736,2024-12-01,Customer Service,20,1,2
EMP-0736,2025-01-01,Customer Service,21,0,2
EMP-0736,2025-02-01,Customer Service,22,0,0
EMP-0736,2025-03-01,Customer Service,21,0,3
EMP-0736,2025-04-01,Customer Service,22,1,0
EMP-0736,2025-05-01,Customer Service,22,0,0
EMP-0736,2025-06-01,Customer Service,20,2,0
EMP-0736,2025-07-01,Customer Service,21,2,0
EMP-0736,2025-08-01,Customer Service,22,1,1
EMP-0736,2025-09-01,Customer Service,23,1,0
EMP-0736,2025-10-01,Customer Service,22,1,1
EMP-0736,2025-11-01,Customer Service,23,1,1
EMP-0736,2025-12-01,Customer Service,23,0,1
EMP-0737,2025-11-01,Sales,21,0,1
EMP-0737,2025-12-01,Sales,22,1,2
EMP-0738,2024-08-01,Operations,23,2,0
EMP-0738,2024-09-01,Operations,20,0,1
EMP-0738,2024-10-01,Operations,23,0,0
EMP-0738,2024-11-01,Operations,22,0,0
EMP-0738,2024-12-01,Operations,20,0,1
EMP-0738,2025-01-01,Operations,22,0,2
EMP-0738,2025-02-01,Operations,21,1,1
EMP-0738,2025-03-01,Operations,20,1,0
EMP-0738,2025-04-01,Operations,22,2,2
EMP-0738,2025-05-01,Operations,20,0,1
EMP-0738,2025-06-01,Operations,22,0,0
EMP-0739,2024-10-01,IT & Data,23,1,1
EMP-0739,2024-11-01,IT & Data,21,1,0
EMP-0739,2024-12-01,IT & Data,23,1,0
EMP-0739,2025-01-01,IT & Data,20,0,1
EMP-0739,2025-02-01,IT & Data,22,2,1
EMP-0739,2025-03-01,IT & Data,20,1,1
EMP-0739,2025-04-01,IT & Data,21,1,0
EMP-0739,2025-05-01,IT & Data,21,0,1
EMP-0739,2025-06-01,IT & Data,20,0,0
EMP-0739,2025-07-01,IT & Data,21,2,1
EMP-0739,2025-08-01,IT & Data,20,0,3
EMP-0739,2025-09-01,IT & Data,22,0,1
EMP-0739,2025-10-01,IT & Data,22,0,1
EMP-0739,2025-11-01,IT & Data,23,0,1
EMP-0739,2025-12-01,IT & Data,20,1,0
EMP-0740,2024-06-01,Finance,22,0,2
EMP-0740,2024-07-01,Finance,22,1,0
EMP-0740,2024-08-01,Finance,23,1,0
EMP-0740,2024-09-01,Finance,22,0,1
EMP-0740,2024-10-01,Finance,20,2,1
EMP-0740,2024-11-01,Finance,20,1,0
EMP-0740,2024-12-01,Finance,20,0,1
EMP-0740,2025-01-01,Finance,23,1,1
EMP-0740,2025-02-01,Finance,21,1,2
EMP-0740,2025-03-01,Finance,21,0,1
EMP-0740,2025-04-01,Finance,23,1,3
EMP-0740,2025-05-01,Finance,23,0,0
EMP-0740,2025-06-01,Finance,23,1,1
EMP-0740,2025-07-01,Finance,20,0,1
EMP-0740,2025-08-01,Finance,22,0,1
EMP-0740,2025-09-01,Finance,22,0,2
EMP-0740,2025-10-01,Finance,21,0,1
EMP-0740,2025-11-01,Finance,23,1,1
EMP-0740,2025-12-01,Finance,23,0,2
EMP-0741,2025-10-01,Customer Service,23,2,2
EMP-0741,2025-11-01,Customer Service,21,0,0
EMP-0741,2025-12-01,Customer Service,22,1,0
EMP-0742,2025-04-01,IT & Data,21,3,0
EMP-0742,2025-05-01,IT & Data,22,2,0
EMP-0742,2025-06-01,IT & Data,22,1,2
EMP-0742,2025-07-01,IT & Data,21,0,2
EMP-0742,2025-08-01,IT & Data,20,0,3
EMP-0742,2025-09-01,IT & Data,22,2,0
EMP-0742,2025-10-01,IT & Data,22,3,1
EMP-0742,2025-11-01,IT & Data,21,2,0
EMP-0742,2025-12-01,IT & Data,20,1,2
EMP-0743,2025-04-01,Operations,20,0,2
EMP-0743,2025-05-01,Operations,21,0,1
EMP-0743,2025-06-01,Operations,23,1,0
EMP-0743,2025-07-01,Operations,23,2,0
EMP-0743,2025-08-01,Operations,23,0,1
EMP-0743,2025-09-01,Operations,21,0,0
EMP-0743,2025-10-01,Operations,20,0,1
EMP-0743,2025-11-01,Operations,21,0,1
EMP-0743,2025-12-01,Operations,22,0,2
EMP-0744,2025-12-01,Marketing,22,1,1
EMP-0745,2025-10-01,Human Resources,21,1,2
EMP-0745,2025-11-01,Human Resources,22,1,0
EMP-0745,2025-12-01,Human Resources,21,2,1
EMP-0746,2024-02-01,Customer Service,20,0,0
EMP-0746,2024-03-01,Customer Service,20,1,0
EMP-0746,2024-04-01,Customer Service,23,1,0
EMP-0746,2024-05-01,Customer Service,20,0,0
EMP-0746,2024-06-01,Customer Service,22,0,0
EMP-0746,2024-07-01,Customer Service,22,1,1
EMP-0746,2024-08-01,Customer Service,20,1,0
EMP-0746,2024-09-01,Customer Service,20,0,0
EMP-0746,2024-10-01,Customer Service,22,0,2
EMP-0746,2024-11-01,Customer Service,20,1,1
EMP-0746,2024-12-01,Customer Service,23,1,1
EMP-0746,2025-01-01,Customer Service,22,1,1
EMP-0746,2025-02-01,Customer Service,22,0,1
EMP-0746,2025-03-01,Customer Service,21,1,0
EMP-0746,2025-04-01,Customer Service,23,1,2
EMP-0746,2025-05-01,Customer Service,22,0,1
EMP-0746,2025-06-01,Customer Service,22,1,1
EMP-0746,2025-07-01,Customer Service,21,0,2
EMP-0746,2025-08-01,Customer Service,21,1,1
EMP-0746,2025-09-01,Customer Service,22,0,3
EMP-0746,2025-10-01,Customer Service,21,0,3
EMP-0746,2025-11-01,Customer Service,22,0,0
EMP-0746,2025-12-01,Customer Service,22,2,1
EMP-0747,2025-09-01,Operations,20,1,0
EMP-0747,2025-10-01,Operations,22,1,2
EMP-0747,2025-11-01,Operations,22,0,0
EMP-0747,2025-12-01,Operations,20,0,2
EMP-0748,2025-09-01,Marketing,22,0,1
EMP-0748,2025-10-01,Marketing,23,1,3
EMP-0748,2025-11-01,Marketing,21,0,1
EMP-0749,2024-09-01,Sales,22,2,0
EMP-0749,2024-10-01,Sales,22,1,1
EMP-0749,2024-11-01,Sales,21,3,1
EMP-0749,2024-12-01,Sales,22,1,0
EMP-0749,2025-01-01,Sales,21,1,1
EMP-0749,2025-02-01,Sales,20,1,1
EMP-0749,2025-03-01,Sales,23,1,1
EMP-0749,2025-04-01,Sales,21,0,0
EMP-0749,2025-05-01,Sales,20,1,0
EMP-0749,2025-06-01,Sales,23,1,0
EMP-0749,2025-07-01,Sales,23,3,0
EMP-0749,2025-08-01,Sales,20,2,0
EMP-0749,2025-09-01,Sales,22,2,1
EMP-0749,2025-10-01,Sales,21,2,2
EMP-0750,2024-07-01,Sales,21,0,1
EMP-0750,2024-08-01,Sales,21,0,2
EMP-0750,2024-09-01,Sales,23,0,0
EMP-0750,2024-10-01,Sales,21,0,0
EMP-0750,2024-11-01,Sales,21,0,0
EMP-0750,2024-12-01,Sales,23,1,1
EMP-0750,2025-01-01,Sales,22,1,2
EMP-0750,2025-02-01,Sales,23,0,4
EMP-0750,2025-03-01,Sales,20,0,0
EMP-0750,2025-04-01,Sales,20,2,0
EMP-0750,2025-05-01,Sales,22,1,2
EMP-0750,2025-06-01,Sales,21,0,0
EMP-0750,2025-07-01,Sales,20,1,1
EMP-0750,2025-08-01,Sales,22,2,2
EMP-0750,2025-09-01,Sales,22,0,2
EMP-0750,2025-10-01,Sales,20,0,1
EMP-0750,2025-11-01,Sales,23,1,0
EMP-0750,2025-12-01,Sales,21,0,3
EMP-0751,2025-10-01,Sales,23,0,0
EMP-0751,2025-11-01,Sales,22,1,0
EMP-0751,2025-12-01,Sales,21,0,2
EMP-0752,2025-07-01,Sales,22,0,1
EMP-0752,2025-08-01,Sales,21,0,0
EMP-0752,2025-09-01,Sales,22,1,0
EMP-0752,2025-10-01,Sales,22,2,0
EMP-0752,2025-11-01,Sales,23,1,1
EMP-0752,2025-12-01,Sales,22,1,3
EMP-0753,2024-12-01,Sales,23,0,0
EMP-0753,2025-01-01,Sales,21,0,0
EMP-0753,2025-02-01,Sales,21,0,3
EMP-0753,2025-03-01,Sales,22,0,1
EMP-0753,2025-04-01,Sales,23,0,0
EMP-0753,2025-05-01,Sales,20,2,0
EMP-0753,2025-06-01,Sales,20,0,2
EMP-0753,2025-07-01,Sales,23,0,0
EMP-0753,2025-08-01,Sales,23,1,0
EMP-0753,2025-09-01,Sales,21,0,2
EMP-0753,2025-10-01,Sales,22,0,1
EMP-0753,2025-11-01,Sales,22,0,0
EMP-0753,2025-12-01,Sales,22,2,1
EMP-0754,2025-10-01,Customer Service,20,0,0
EMP-0754,2025-11-01,Customer Service,23,1,0
EMP-0754,2025-12-01,Customer Service,22,0,0
EMP-0755,2025-12-01,Sales,22,0,0
EMP-0756,2025-02-01,Sales,22,0,0
EMP-0756,2025-03-01,Sales,23,0,5
EMP-0756,2025-04-01,Sales,21,0,0
EMP-0756,2025-05-01,Sales,21,2,0
EMP-0756,2025-06-01,Sales,20,0,1
EMP-0756,2025-07-01,Sales,20,1,1
EMP-0756,2025-08-01,Sales,23,1,1
EMP-0756,2025-09-01,Sales,23,1,2
EMP-0756,2025-10-01,Sales,20,1,0
EMP-0756,2025-11-01,Sales,21,1,0
EMP-0756,2025-12-01,Sales,21,0,0
EMP-0757,2025-05-01,Finance,23,3,0
EMP-0757,2025-06-01,Finance,20,2,1
EMP-0757,2025-07-01,Finance,20,2,1
EMP-0757,2025-08-01,Finance,21,0,1
EMP-0757,2025-09-01,Finance,23,1,0
EMP-0757,2025-10-01,Finance,22,1,0
EMP-0758,2025-10-01,Sales,20,0,3
EMP-0758,2025-11-01,Sales,21,2,1
EMP-0758,2025-12-01,Sales,21,0,0
EMP-0759,2024-05-01,Sales,22,0,1
EMP-0759,2024-06-01,Sales,21,1,1
EMP-0759,2024-07-01,Sales,20,1,0
EMP-0759,2024-08-01,Sales,23,1,1
EMP-0759,2024-09-01,Sales,22,1,2
EMP-0759,2024-10-01,Sales,23,0,3
EMP-0759,2024-11-01,Sales,21,0,2
EMP-0759,2024-12-01,Sales,23,0,3
EMP-0759,2025-01-01,Sales,20,1,0
EMP-0759,2025-02-01,Sales,20,2,1
EMP-0759,2025-03-01,Sales,23,2,3
EMP-0759,2025-04-01,Sales,20,0,1
EMP-0759,2025-05-01,Sales,22,1,1
EMP-0759,2025-06-01,Sales,23,1,1
EMP-0759,2025-07-01,Sales,23,0,2
EMP-0759,2025-08-01,Sales,23,0,0
EMP-0759,2025-09-01,Sales,23,0,0
EMP-0759,2025-10-01,Sales,22,2,2
EMP-0759,2025-11-01,Sales,20,0,0
EMP-0759,2025-12-01,Sales,23,0,0
EMP-0760,2025-02-01,Operations,23,0,0
EMP-0760,2025-03-01,Operations,23,0,1
EMP-0760,2025-04-01,Operations,23,2,1
EMP-0760,2025-05-01,Operations,23,0,0
EMP-0760,2025-06-01,Operations,22,0,0
EMP-0760,2025-07-01,Operations,21,0,2
EMP-0760,2025-08-01,Operations,20,0,1
EMP-0760,2025-09-01,Operations,21,1,2
EMP-0760,2025-10-01,Operations,22,0,0
EMP-0761,2024-12-01,Operations,21,1,1
EMP-0761,2025-01-01,Operations,21,0,1
EMP-0761,2025-02-01,Operations,23,0,1
EMP-0761,2025-03-01,Operations,20,0,1
EMP-0761,2025-04-01,Operations,23,1,0
EMP-0761,2025-05-01,Operations,20,1,0
EMP-0761,2025-06-01,Operations,23,0,3
EMP-0761,2025-07-01,Operations,20,0,1
EMP-0761,2025-08-01,Operations,21,0,2
EMP-0761,2025-09-01,Operations,22,1,2
EMP-0761,2025-10-01,Operations,23,0,0
EMP-0761,2025-11-01,Operations,20,0,1
EMP-0761,2025-12-01,Operations,22,0,1
EMP-0762,2025-03-01,Finance,23,0,1
EMP-0762,2025-04-01,Finance,23,1,3
EMP-0762,2025-05-01,Finance,23,0,0
EMP-0762,2025-06-01,Finance,20,1,0
EMP-0762,2025-07-01,Finance,23,0,0
EMP-0762,2025-08-01,Finance,22,0,3
EMP-0762,2025-09-01,Finance,23,0,2
EMP-0762,2025-10-01,Finance,22,0,1
EMP-0762,2025-11-01,Finance,21,1,0
EMP-0762,2025-12-01,Finance,23,0,0
EMP-0763,2025-06-01,IT & Data,20,1,1
EMP-0763,2025-07-01,IT & Data,22,0,0
EMP-0763,2025-08-01,IT & Data,23,2,0
EMP-0763,2025-09-01,IT & Data,20,2,2
EMP-0763,2025-10-01,IT & Data,20,0,0
EMP-0763,2025-11-01,IT & Data,22,1,1
EMP-0763,2025-12-01,IT & Data,20,0,2
EMP-0764,2025-08-01,Finance,20,2,1
EMP-0764,2025-09-01,Finance,22,1,0
EMP-0764,2025-10-01,Finance,23,1,1
EMP-0764,2025-11-01,Finance,21,2,0
EMP-0764,2025-12-01,Finance,20,0,1
EMP-0765,2025-10-01,Finance,21,0,0
EMP-0765,2025-11-01,Finance,21,0,3
EMP-0765,2025-12-01,Finance,23,0,0
EMP-0766,2024-10-01,Operations,23,1,0
EMP-0766,2024-11-01,Operations,20,0,0
EMP-0766,2024-12-01,Operations,21,0,0
EMP-0766,2025-01-01,Operations,22,0,0
EMP-0766,2025-02-01,Operations,22,1,0
EMP-0766,2025-03-01,Operations,22,1,2
EMP-0766,2025-04-01,Operations,21,0,1
EMP-0766,2025-05-01,Operations,21,0,0
EMP-0766,2025-06-01,Operations,21,0,0
EMP-0766,2025-07-01,Operations,21,0,3
EMP-0766,2025-08-01,Operations,23,0,0
EMP-0766,2025-09-01,Operations,23,0,0
EMP-0766,2025-10-01,Operations,20,1,2
EMP-0766,2025-11-01,Operations,22,1,0
EMP-0766,2025-12-01,Operations,20,0,0
EMP-0767,2024-05-01,Human Resources,21,0,0
EMP-0767,2024-06-01,Human Resources,22,0,0
EMP-0767,2024-07-01,Human Resources,20,1,3
EMP-0767,2024-08-01,Human Resources,21,0,2
EMP-0767,2024-09-01,Human Resources,21,0,1
EMP-0767,2024-10-01,Human Resources,20,0,0
EMP-0767,2024-11-01,Human Resources,21,0,1
EMP-0767,2024-12-01,Human Resources,23,1,0
EMP-0767,2025-01-01,Human Resources,23,0,0
EMP-0767,2025-02-01,Human Resources,22,1,2
EMP-0767,2025-03-01,Human Resources,22,2,0
EMP-0767,2025-04-01,Human Resources,20,1,2
EMP-0767,2025-05-01,Human Resources,21,0,4
EMP-0767,2025-06-01,Human Resources,23,1,0
EMP-0767,2025-07-01,Human Resources,20,1,2
EMP-0767,2025-08-01,Human Resources,20,0,2
EMP-0767,2025-09-01,Human Resources,21,1,1
EMP-0767,2025-10-01,Human Resources,22,0,1
EMP-0767,2025-11-01,Human Resources,21,0,1
EMP-0767,2025-12-01,Human Resources,23,2,0
EMP-0768,2025-11-01,IT & Data,22,0,1
EMP-0768,2025-12-01,IT & Data,21,0,1
EMP-0769,2025-10-01,Operations,20,1,1
EMP-0769,2025-11-01,Operations,22,1,1
EMP-0769,2025-12-01,Operations,22,1,0
EMP-0770,2025-11-01,Operations,23,0,0
EMP-0770,2025-12-01,Operations,23,1,0
EMP-0771,2025-08-01,Sales,22,0,0
EMP-0771,2025-09-01,Sales,23,1,0
EMP-0771,2025-10-01,Sales,20,0,0
EMP-0771,2025-11-01,Sales,22,1,1
EMP-0771,2025-12-01,Sales,21,0,1
EMP-0772,2025-01-01,Sales,21,0,2
EMP-0772,2025-02-01,Sales,22,1,2
EMP-0772,2025-03-01,Sales,20,1,1
EMP-0772,2025-04-01,Sales,22,0,0
EMP-0772,2025-05-01,Sales,20,0,3
EMP-0772,2025-06-01,Sales,21,1,2
EMP-0772,2025-07-01,Sales,20,0,3
EMP-0772,2025-08-01,Sales,23,0,2
EMP-0772,2025-09-01,Sales,22,0,0
EMP-0772,2025-10-01,Sales,22,0,0
EMP-0772,2025-11-01,Sales,22,2,1
EMP-0772,2025-12-01,Sales,20,1,0
EMP-0773,2025-05-01,Customer Service,22,2,2
EMP-0773,2025-06-01,Customer Service,23,2,0
EMP-0773,2025-07-01,Customer Service,22,1,1
EMP-0773,2025-08-01,Customer Service,22,2,1
EMP-0773,2025-09-01,Customer Service,23,0,0
EMP-0773,2025-10-01,Customer Service,20,0,1
EMP-0773,2025-11-01,Customer Service,22,3,0
EMP-0773,2025-12-01,Customer Service,20,0,2
EMP-0774,2024-06-01,Customer Service,21,1,2
EMP-0774,2024-07-01,Customer Service,22,2,0
EMP-0774,2024-08-01,Customer Service,20,0,2
EMP-0774,2024-09-01,Customer Service,22,3,0
EMP-0774,2024-10-01,Customer Service,22,2,0
EMP-0774,2024-11-01,Customer Service,23,3,0
EMP-0774,2024-12-01,Customer Service,22,2,2
EMP-0774,2025-01-01,Customer Service,22,4,0
EMP-0774,2025-02-01,Customer Service,23,2,2
EMP-0774,2025-03-01,Customer Service,23,3,0
EMP-0774,2025-04-01,Customer Service,23,1,0
EMP-0774,2025-05-01,Customer Service,20,4,1
EMP-0774,2025-06-01,Customer Service,22,3,0
EMP-0774,2025-07-01,Customer Service,21,0,1
EMP-0774,2025-08-01,Customer Service,23,3,1
EMP-0774,2025-09-01,Customer Service,22,4,1
EMP-0774,2025-10-01,Customer Service,22,1,2
EMP-0774,2025-11-01,Customer Service,20,0,1
EMP-0774,2025-12-01,Customer Service,22,1,1
EMP-0775,2025-03-01,Marketing,22,1,0
EMP-0775,2025-04-01,Marketing,20,1,0
EMP-0775,2025-05-01,Marketing,23,0,2
EMP-0775,2025-06-01,Marketing,20,0,3
EMP-0775,2025-07-01,Marketing,20,1,0
EMP-0775,2025-08-01,Marketing,22,1,1
EMP-0775,2025-09-01,Marketing,20,0,2
EMP-0775,2025-10-01,Marketing,20,0,1
EMP-0775,2025-11-01,Marketing,23,0,1
EMP-0775,2025-12-01,Marketing,21,1,2
EMP-0776,2025-09-01,Finance,23,2,0
EMP-0776,2025-10-01,Finance,22,1,1
EMP-0776,2025-11-01,Finance,21,0,0
EMP-0776,2025-12-01,Finance,22,0,3
EMP-0777,2025-08-01,Operations,23,2,0
EMP-0777,2025-09-01,Operations,23,0,3
EMP-0777,2025-10-01,Operations,20,0,4
EMP-0777,2025-11-01,Operations,23,1,1
EMP-0777,2025-12-01,Operations,21,1,1
EMP-0778,2025-11-01,Customer Service,20,0,0
EMP-0778,2025-12-01,Customer Service,22,0,1
EMP-0779,2025-09-01,Customer Service,21,0,1
EMP-0779,2025-10-01,Customer Service,22,1,3
EMP-0779,2025-11-01,Customer Service,20,0,0
EMP-0779,2025-12-01,Customer Service,22,0,0
EMP-0780,2024-08-01,Human Resources,21,1,1
EMP-0780,2024-09-01,Human Resources,22,1,3
EMP-0780,2024-10-01,Human Resources,22,2,0
EMP-0780,2024-11-01,Human Resources,20,0,2
EMP-0780,2024-12-01,Human Resources,23,1,0
EMP-0780,2025-01-01,Human Resources,21,1,1
EMP-0780,2025-02-01,Human Resources,21,0,0
EMP-0780,2025-03-01,Human Resources,23,0,3
EMP-0780,2025-04-01,Human Resources,23,0,1
EMP-0780,2025-05-01,Human Resources,21,1,0
EMP-0780,2025-06-01,Human Resources,20,1,0
EMP-0780,2025-07-01,Human Resources,23,1,0
EMP-0780,2025-08-01,Human Resources,22,1,0
EMP-0780,2025-09-01,Human Resources,22,1,0
EMP-0780,2025-10-01,Human Resources,22,0,0
EMP-0780,2025-11-01,Human Resources,22,0,2
EMP-0780,2025-12-01,Human Resources,20,0,0
EMP-0781,2025-07-01,Human Resources,20,0,0
EMP-0781,2025-08-01,Human Resources,22,1,0
EMP-0781,2025-09-01,Human Resources,23,1,1
EMP-0781,2025-10-01,Human Resources,21,0,0
EMP-0781,2025-11-01,Human Resources,20,0,0
EMP-0781,2025-12-01,Human Resources,21,0,2
EMP-0782,2025-06-01,Marketing,20,0,2
EMP-0782,2025-07-01,Marketing,23,0,0
EMP-0782,2025-08-01,Marketing,21,1,1
EMP-0782,2025-09-01,Marketing,22,0,3
EMP-0782,2025-10-01,Marketing,20,0,0
EMP-0782,2025-11-01,Marketing,22,0,1
EMP-0782,2025-12-01,Marketing,23,0,0
EMP-0783,2024-07-01,Human Resources,22,0,0
EMP-0783,2024-08-01,Human Resources,22,1,0
EMP-0783,2024-09-01,Human Resources,21,2,1
EMP-0783,2024-10-01,Human Resources,22,1,2
EMP-0783,2024-11-01,Human Resources,20,1,2
EMP-0783,2024-12-01,Human Resources,21,2,2
EMP-0783,2025-01-01,Human Resources,22,2,3
EMP-0783,2025-02-01,Human Resources,20,2,0
EMP-0783,2025-03-01,Human Resources,21,1,0
EMP-0783,2025-04-01,Human Resources,20,2,0
EMP-0783,2025-05-01,Human Resources,20,2,1
EMP-0783,2025-06-01,Human Resources,22,0,0
EMP-0783,2025-07-01,Human Resources,23,0,3
EMP-0783,2025-08-01,Human Resources,20,3,2
EMP-0783,2025-09-01,Human Resources,20,0,1
EMP-0783,2025-10-01,Human Resources,20,1,0
EMP-0783,2025-11-01,Human Resources,21,1,1
EMP-0783,2025-12-01,Human Resources,23,2,2
EMP-0784,2024-02-01,IT & Data,20,0,0
EMP-0784,2024-03-01,IT & Data,22,2,1
EMP-0784,2024-04-01,IT & Data,22,5,2
EMP-0784,2024-05-01,IT & Data,20,0,1
EMP-0784,2024-06-01,IT & Data,22,3,1
EMP-0784,2024-07-01,IT & Data,20,2,2
EMP-0784,2024-08-01,IT & Data,23,2,0
EMP-0784,2024-09-01,IT & Data,20,1,1
EMP-0784,2024-10-01,IT & Data,22,2,2
EMP-0784,2024-11-01,IT & Data,21,2,0
EMP-0784,2024-12-01,IT & Data,22,3,1
EMP-0784,2025-01-01,IT & Data,21,2,1
EMP-0784,2025-02-01,IT & Data,23,1,0
EMP-0784,2025-03-01,IT & Data,22,3,1
EMP-0784,2025-04-01,IT & Data,23,1,2
EMP-0784,2025-05-01,IT & Data,23,2,0
EMP-0784,2025-06-01,IT & Data,22,2,0
EMP-0784,2025-07-01,IT & Data,23,2,0
EMP-0784,2025-08-01,IT & Data,23,2,0
EMP-0784,2025-09-01,IT & Data,20,2,0
EMP-0784,2025-10-01,IT & Data,23,2,1
EMP-0784,2025-11-01,IT & Data,21,0,1
EMP-0784,2025-12-01,IT & Data,23,2,1
EMP-0785,2025-06-01,IT & Data,21,0,0
EMP-0785,2025-07-01,IT & Data,23,2,2
EMP-0785,2025-08-01,IT & Data,20,1,0
EMP-0785,2025-09-01,IT & Data,22,1,1
EMP-0785,2025-10-01,IT & Data,22,0,1
EMP-0785,2025-11-01,IT & Data,22,1,1
EMP-0785,2025-12-01,IT & Data,21,0,2
EMP-0786,2024-12-01,Human Resources,21,1,0
EMP-0786,2025-01-01,Human Resources,22,0,3
EMP-0786,2025-02-01,Human Resources,23,0,3
EMP-0786,2025-03-01,Human Resources,20,2,2
EMP-0786,2025-04-01,Human Resources,22,1,0
EMP-0786,2025-05-01,Human Resources,23,0,0
EMP-0786,2025-06-01,Human Resources,22,1,0
EMP-0786,2025-07-01,Human Resources,23,0,0
EMP-0786,2025-08-01,Human Resources,23,0,2
EMP-0786,2025-09-01,Human Resources,20,0,2
EMP-0786,2025-10-01,Human Resources,22,0,2
EMP-0786,2025-11-01,Human Resources,22,1,0
EMP-0786,2025-12-01,Human Resources,20,0,1
EMP-0787,2025-10-01,Operations,23,0,0
EMP-0787,2025-11-01,Operations,21,2,0
EMP-0787,2025-12-01,Operations,23,0,1
EMP-0788,2024-12-01,Sales,20,0,0
EMP-0788,2025-01-01,Sales,23,1,0
EMP-0788,2025-02-01,Sales,20,2,0
EMP-0788,2025-03-01,Sales,21,0,2
EMP-0788,2025-04-01,Sales,20,0,0
EMP-0788,2025-05-01,Sales,21,0,0
EMP-0788,2025-06-01,Sales,20,2,0
EMP-0788,2025-07-01,Sales,20,0,4
EMP-0788,2025-08-01,Sales,20,1,0
EMP-0788,2025-09-01,Sales,20,0,0
EMP-0788,2025-10-01,Sales,21,0,1
EMP-0788,2025-11-01,Sales,22,1,0
EMP-0788,2025-12-01,Sales,23,0,0
EMP-0789,2025-03-01,Sales,23,0,1
EMP-0789,2025-04-01,Sales,20,0,0
EMP-0789,2025-05-01,Sales,23,1,1
EMP-0789,2025-06-01,Sales,20,3,0
EMP-0789,2025-07-01,Sales,21,1,1
EMP-0789,2025-08-01,Sales,22,1,0
EMP-0789,2025-09-01,Sales,21,1,3
EMP-0789,2025-10-01,Sales,22,1,2
EMP-0789,2025-11-01,Sales,20,1,1
EMP-0789,2025-12-01,Sales,23,1,2
EMP-0790,2024-10-01,Human Resources,22,0,2
EMP-0790,2024-11-01,Human Resources,21,1,1
EMP-0790,2024-12-01,Human Resources,20,1,3
EMP-0790,2025-01-01,Human Resources,21,0,0
EMP-0790,2025-02-01,Human Resources,23,1,0
EMP-0790,2025-03-01,Human Resources,20,0,2
EMP-0790,2025-04-01,Human Resources,20,1,2
EMP-0790,2025-05-01,Human Resources,20,0,1
EMP-0790,2025-06-01,Human Resources,22,1,2
EMP-0790,2025-07-01,Human Resources,21,0,2
EMP-0790,2025-08-01,Human Resources,22,0,0
EMP-0790,2025-09-01,Human Resources,23,1,1
EMP-0790,2025-10-01,Human Resources,22,0,4
EMP-0790,2025-11-01,Human Resources,23,0,1
EMP-0790,2025-12-01,Human Resources,23,0,4
EMP-0791,2024-01-01,Sales,23,0,3
EMP-0791,2024-02-01,Sales,21,0,0
EMP-0791,2024-03-01,Sales,20,0,0
EMP-0791,2024-04-01,Sales,23,0,0
EMP-0791,2024-05-01,Sales,21,0,0
EMP-0791,2024-06-01,Sales,21,0,0
EMP-0791,2024-07-01,Sales,23,0,0
EMP-0791,2024-08-01,Sales,22,1,0
EMP-0791,2024-09-01,Sales,20,0,2
EMP-0791,2024-10-01,Sales,20,0,0
EMP-0791,2024-11-01,Sales,20,1,1
EMP-0791,2024-12-01,Sales,23,2,1
EMP-0791,2025-01-01,Sales,21,0,0
EMP-0791,2025-02-01,Sales,22,0,0
EMP-0791,2025-03-01,Sales,23,0,1
EMP-0791,2025-04-01,Sales,20,1,0
EMP-0791,2025-05-01,Sales,22,1,2
EMP-0791,2025-06-01,Sales,20,0,0
EMP-0791,2025-07-01,Sales,22,0,1
EMP-0791,2025-08-01,Sales,23,0,0
EMP-0791,2025-09-01,Sales,22,1,1
EMP-0791,2025-10-01,Sales,21,2,0
EMP-0791,2025-11-01,Sales,22,0,1
EMP-0791,2025-12-01,Sales,22,1,0
EMP-0792,2025-10-01,Operations,21,1,0
EMP-0792,2025-11-01,Operations,21,0,1
EMP-0792,2025-12-01,Operations,20,0,0
EMP-0793,2025-02-01,IT & Data,21,0,1
EMP-0793,2025-03-01,IT & Data,21,0,0
EMP-0793,2025-04-01,IT & Data,22,0,0
EMP-0794,2025-02-01,Sales,20,1,3
EMP-0794,2025-03-01,Sales,22,0,0
EMP-0794,2025-04-01,Sales,20,0,0
EMP-0794,2025-05-01,Sales,21,1,1
EMP-0794,2025-06-01,Sales,23,0,2
EMP-0794,2025-07-01,Sales,21,0,2
EMP-0794,2025-08-01,Sales,23,2,1
EMP-0794,2025-09-01,Sales,22,0,0
EMP-0794,2025-10-01,Sales,21,2,0
EMP-0794,2025-11-01,Sales,22,1,2
EMP-0794,2025-12-01,Sales,20,0,0
EMP-0795,2024-09-01,Operations,20,1,1
EMP-0795,2024-10-01,Operations,22,0,1
EMP-0795,2024-11-01,Operations,22,1,1
EMP-0795,2024-12-01,Operations,22,1,0
EMP-0795,2025-01-01,Operations,22,2,0
EMP-0795,2025-02-01,Operations,22,0,1
EMP-0795,2025-03-01,Operations,23,1,1
EMP-0795,2025-04-01,Operations,23,3,0
EMP-0795,2025-05-01,Operations,20,0,0
EMP-0795,2025-06-01,Operations,20,0,2
EMP-0795,2025-07-01,Operations,20,0,0
EMP-0795,2025-08-01,Operations,22,1,0
EMP-0795,2025-09-01,Operations,23,0,2
EMP-0795,2025-10-01,Operations,21,0,0
EMP-0795,2025-11-01,Operations,23,0,0
EMP-0795,2025-12-01,Operations,23,0,0
EMP-0796,2024-09-01,Sales,20,0,1
EMP-0796,2024-10-01,Sales,21,0,1
EMP-0796,2024-11-01,Sales,22,2,0
EMP-0796,2024-12-01,Sales,23,3,0
EMP-0796,2025-01-01,Sales,20,0,1
EMP-0796,2025-02-01,Sales,22,1,3
EMP-0796,2025-03-01,Sales,21,1,3
EMP-0796,2025-04-01,Sales,20,2,2
EMP-0796,2025-05-01,Sales,20,2,0
EMP-0796,2025-06-01,Sales,23,1,0
EMP-0796,2025-07-01,Sales,22,2,0
EMP-0796,2025-08-01,Sales,20,1,1
EMP-0796,2025-09-01,Sales,23,1,1
EMP-0796,2025-10-01,Sales,21,1,3
EMP-0796,2025-11-01,Sales,22,3,0
EMP-0796,2025-12-01,Sales,23,0,1
EMP-0797,2024-10-01,Sales,22,0,0
EMP-0797,2024-11-01,Sales,22,0,0
EMP-0797,2024-12-01,Sales,22,0,2
EMP-0797,2025-01-01,Sales,22,1,0
EMP-0797,2025-02-01,Sales,22,0,0
EMP-0797,2025-03-01,Sales,20,2,2
EMP-0797,2025-04-01,Sales,22,1,1
EMP-0797,2025-05-01,Sales,20,0,0
EMP-0797,2025-06-01,Sales,20,1,2
EMP-0797,2025-07-01,Sales,21,0,0
EMP-0797,2025-08-01,Sales,21,0,0
EMP-0797,2025-09-01,Sales,20,1,0
EMP-0797,2025-10-01,Sales,21,0,2
EMP-0797,2025-11-01,Sales,22,0,1
EMP-0797,2025-12-01,Sales,23,0,0
EMP-0798,2025-07-01,Finance,20,0,1
EMP-0798,2025-08-01,Finance,20,2,1
EMP-0798,2025-09-01,Finance,21,0,0
EMP-0798,2025-10-01,Finance,20,0,0
EMP-0798,2025-11-01,Finance,20,0,0
EMP-0798,2025-12-01,Finance,20,0,0
EMP-0799,2025-01-01,Marketing,20,2,0
EMP-0799,2025-02-01,Marketing,22,0,2
EMP-0799,2025-03-01,Marketing,21,0,2
EMP-0799,2025-04-01,Marketing,20,0,3
EMP-0799,2025-05-01,Marketing,21,0,2
EMP-0799,2025-06-01,Marketing,20,0,1
EMP-0799,2025-07-01,Marketing,23,0,0
EMP-0799,2025-08-01,Marketing,21,2,0
EMP-0799,2025-09-01,Marketing,22,1,0
EMP-0799,2025-10-01,Marketing,21,0,2
EMP-0799,2025-11-01,Marketing,20,0,0
EMP-0799,2025-12-01,Marketing,22,1,0
EMP-0800,2024-01-01,Finance,21,0,2
EMP-0800,2024-02-01,Finance,20,1,0
EMP-0800,2024-03-01,Finance,21,0,2
EMP-0800,2024-04-01,Finance,21,0,1
EMP-0800,2024-05-01,Finance,23,1,1
EMP-0800,2024-06-01,Finance,23,0,2
EMP-0800,2024-07-01,Finance,21,2,2
EMP-0800,2024-08-01,Finance,21,0,0
EMP-0800,2024-09-01,Finance,23,0,1
EMP-0800,2024-10-01,Finance,23,0,0
EMP-0800,2024-11-01,Finance,23,0,2
EMP-0800,2024-12-01,Finance,23,2,1
EMP-0800,2025-01-01,Finance,22,1,3
EMP-0800,2025-02-01,Finance,21,0,2
EMP-0800,2025-03-01,Finance,23,1,1
EMP-0800,2025-04-01,Finance,22,1,1
EMP-0800,2025-05-01,Finance,21,1,1
EMP-0800,2025-06-01,Finance,23,0,0
EMP-0800,2025-07-01,Finance,22,0,0
EMP-0800,2025-08-01,Finance,20,0,1
EMP-0800,2025-09-01,Finance,22,0,2
EMP-0800,2025-10-01,Finance,22,0,0
EMP-0800,2025-11-01,Finance,23,0,0
EMP-0800,2025-12-01,Finance,21,0,2
EMP-0801,2025-04-01,Operations,20,0,0
EMP-0801,2025-05-01,Operations,21,1,0
EMP-0801,2025-06-01,Operations,20,0,0
EMP-0801,2025-07-01,Operations,20,0,1
EMP-0801,2025-08-01,Operations,22,0,0
EMP-0801,2025-09-01,Operations,23,1,1
EMP-0801,2025-10-01,Operations,23,0,2
EMP-0801,2025-11-01,Operations,21,0,0
EMP-0802,2024-09-01,Sales,20,0,0
EMP-0802,2024-10-01,Sales,21,0,0
EMP-0802,2024-11-01,Sales,23,1,1
EMP-0802,2024-12-01,Sales,21,0,0
EMP-0802,2025-01-01,Sales,21,0,0
EMP-0802,2025-02-01,Sales,23,1,0
EMP-0802,2025-03-01,Sales,23,0,2
EMP-0802,2025-04-01,Sales,22,0,0
EMP-0802,2025-05-01,Sales,21,0,1
EMP-0802,2025-06-01,Sales,23,0,0
EMP-0802,2025-07-01,Sales,22,0,0
EMP-0802,2025-08-01,Sales,21,0,0
EMP-0802,2025-09-01,Sales,22,2,1
EMP-0802,2025-10-01,Sales,23,0,0
EMP-0802,2025-11-01,Sales,21,0,1
EMP-0802,2025-12-01,Sales,20,2,1
EMP-0803,2024-01-01,Customer Service,20,0,1
EMP-0803,2024-02-01,Customer Service,23,0,3
EMP-0803,2024-03-01,Customer Service,22,0,1
EMP-0803,2024-04-01,Customer Service,20,0,0
EMP-0803,2024-05-01,Customer Service,22,0,0
EMP-0803,2024-06-01,Customer Service,22,1,0
EMP-0803,2024-07-01,Customer Service,20,1,1
EMP-0803,2024-08-01,Customer Service,23,0,0
EMP-0803,2024-09-01,Customer Service,22,0,0
EMP-0803,2024-10-01,Customer Service,22,0,2
EMP-0803,2024-11-01,Customer Service,21,0,1
EMP-0803,2024-12-01,Customer Service,23,0,0
EMP-0803,2025-01-01,Customer Service,20,0,0
EMP-0803,2025-02-01,Customer Service,22,0,1
EMP-0803,2025-03-01,Customer Service,21,0,1
EMP-0803,2025-04-01,Customer Service,21,1,1
EMP-0803,2025-05-01,Customer Service,21,0,1
EMP-0803,2025-06-01,Customer Service,22,2,1
EMP-0803,2025-07-01,Customer Service,22,1,2
EMP-0803,2025-08-01,Customer Service,23,0,0
EMP-0803,2025-09-01,Customer Service,21,0,3
EMP-0803,2025-10-01,Customer Service,22,0,1
EMP-0803,2025-11-01,Customer Service,23,0,0
EMP-0803,2025-12-01,Customer Service,21,0,1
EMP-0804,2024-04-01,Sales,23,0,2
EMP-0804,2024-05-01,Sales,20,0,0
EMP-0804,2024-06-01,Sales,20,0,2
EMP-0804,2024-07-01,Sales,20,0,1
EMP-0804,2024-08-01,Sales,21,0,1
EMP-0804,2024-09-01,Sales,23,1,0
EMP-0804,2024-10-01,Sales,21,0,0
EMP-0804,2024-11-01,Sales,22,0,3
EMP-0804,2024-12-01,Sales,21,0,0
EMP-0804,2025-01-01,Sales,21,2,0
EMP-0804,2025-02-01,Sales,23,1,1
EMP-0804,2025-03-01,Sales,20,1,1
EMP-0804,2025-04-01,Sales,21,2,3
EMP-0804,2025-05-01,Sales,20,2,0
EMP-0804,2025-06-01,Sales,20,1,0
EMP-0804,2025-07-01,Sales,20,0,2
EMP-0804,2025-08-01,Sales,21,0,0
EMP-0804,2025-09-01,Sales,20,2,1
EMP-0804,2025-10-01,Sales,22,0,0
EMP-0804,2025-11-01,Sales,23,0,0
EMP-0804,2025-12-01,Sales,20,1,2
EMP-0805,2025-09-01,Customer Service,21,1,1
EMP-0805,2025-10-01,Customer Service,23,1,0
EMP-0805,2025-11-01,Customer Service,23,1,2
EMP-0805,2025-12-01,Customer Service,23,1,1
EMP-0806,2024-08-01,Operations,21,0,0
EMP-0806,2024-09-01,Operations,21,0,1
EMP-0806,2024-10-01,Operations,21,0,1
EMP-0806,2024-11-01,Operations,23,0,0
EMP-0806,2024-12-01,Operations,22,1,1
EMP-0806,2025-01-01,Operations,23,0,4
EMP-0806,2025-02-01,Operations,21,1,0
EMP-0806,2025-03-01,Operations,21,1,0
EMP-0806,2025-04-01,Operations,20,1,0
EMP-0806,2025-05-01,Operations,20,0,0
EMP-0806,2025-06-01,Operations,21,0,1
EMP-0806,2025-07-01,Operations,21,0,3
EMP-0806,2025-08-01,Operations,21,0,1
EMP-0806,2025-09-01,Operations,21,1,0
EMP-0806,2025-10-01,Operations,20,1,3
EMP-0806,2025-11-01,Operations,22,0,1
EMP-0806,2025-12-01,Operations,21,0,1
EMP-0807,2025-11-01,Operations,23,1,0
EMP-0807,2025-12-01,Operations,22,1,0
EMP-0808,2025-04-01,IT & Data,23,1,2
EMP-0808,2025-05-01,IT & Data,22,0,3
EMP-0808,2025-06-01,IT & Data,21,1,0
EMP-0808,2025-07-01,IT & Data,23,0,1
EMP-0808,2025-08-01,IT & Data,22,0,0
EMP-0808,2025-09-01,IT & Data,20,0,1
EMP-0808,2025-10-01,IT & Data,20,0,2
EMP-0808,2025-11-01,IT & Data,23,0,1
EMP-0808,2025-12-01,IT & Data,22,0,0
EMP-0809,2025-06-01,Marketing,21,1,3
EMP-0809,2025-07-01,Marketing,22,0,0
EMP-0809,2025-08-01,Marketing,22,2,1
EMP-0809,2025-09-01,Marketing,21,0,0
EMP-0809,2025-10-01,Marketing,22,0,0
EMP-0809,2025-11-01,Marketing,20,0,1
EMP-0809,2025-12-01,Marketing,21,0,0
EMP-0810,2024-03-01,Operations,20,1,3
EMP-0810,2024-04-01,Operations,20,1,0
EMP-0810,2024-05-01,Operations,22,0,3
EMP-0810,2024-06-01,Operations,20,0,1
EMP-0810,2024-07-01,Operations,23,1,4
EMP-0810,2024-08-01,Operations,20,0,3
EMP-0810,2024-09-01,Operations,22,0,1
EMP-0810,2024-10-01,Operations,21,0,0
EMP-0810,2024-11-01,Operations,22,0,0
EMP-0810,2024-12-01,Operations,21,1,4
EMP-0810,2025-01-01,Operations,20,0,2
EMP-0810,2025-02-01,Operations,22,1,0
EMP-0810,2025-03-01,Operations,22,0,0
EMP-0810,2025-04-01,Operations,23,0,1
EMP-0810,2025-05-01,Operations,21,0,1
EMP-0810,2025-06-01,Operations,22,1,2
EMP-0810,2025-07-01,Operations,22,2,2
EMP-0810,2025-08-01,Operations,21,2,2
EMP-0810,2025-09-01,Operations,22,0,2
EMP-0810,2025-10-01,Operations,23,1,1
EMP-0810,2025-11-01,Operations,20,1,0
EMP-0811,2025-08-01,Finance,20,0,2
EMP-0811,2025-09-01,Finance,22,0,0
EMP-0811,2025-10-01,Finance,20,1,0
EMP-0811,2025-11-01,Finance,20,0,0
EMP-0811,2025-12-01,Finance,22,0,0
EMP-0812,2025-01-01,Operations,22,0,0
EMP-0812,2025-02-01,Operations,23,0,0
EMP-0812,2025-03-01,Operations,23,1,0
EMP-0812,2025-04-01,Operations,23,2,0
EMP-0812,2025-05-01,Operations,20,0,2
EMP-0812,2025-06-01,Operations,21,0,0
EMP-0812,2025-07-01,Operations,23,0,0
EMP-0812,2025-08-01,Operations,22,0,3
EMP-0812,2025-09-01,Operations,22,2,2
EMP-0812,2025-10-01,Operations,20,0,0
EMP-0812,2025-11-01,Operations,20,0,1
EMP-0812,2025-12-01,Operations,21,0,0
EMP-0813,2024-09-01,Sales,23,0,0
EMP-0813,2024-10-01,Sales,21,1,0
EMP-0813,2024-11-01,Sales,21,0,0
EMP-0813,2024-12-01,Sales,22,0,0
EMP-0813,2025-01-01,Sales,21,0,2
EMP-0813,2025-02-01,Sales,22,0,0
EMP-0813,2025-03-01,Sales,23,0,0
EMP-0813,2025-04-01,Sales,22,0,0
EMP-0813,2025-05-01,Sales,21,1,0
EMP-0813,2025-06-01,Sales,22,1,0
EMP-0813,2025-07-01,Sales,20,0,3
EMP-0813,2025-08-01,Sales,22,2,2
EMP-0813,2025-09-01,Sales,21,1,3
EMP-0813,2025-10-01,Sales,23,0,2
EMP-0813,2025-11-01,Sales,21,0,3
EMP-0813,2025-12-01,Sales,23,1,0
EMP-0814,2025-12-01,Customer Service,20,1,0
EMP-0815,2025-07-01,Human Resources,21,1,1
EMP-0815,2025-08-01,Human Resources,20,0,0
EMP-0815,2025-09-01,Human Resources,21,2,1
EMP-0815,2025-10-01,Human Resources,20,1,1
EMP-0816,2024-04-01,Operations,21,0,1
EMP-0816,2024-05-01,Operations,22,0,1
EMP-0816,2024-06-01,Operations,22,0,0
EMP-0816,2024-07-01,Operations,22,1,0
EMP-0816,2024-08-01,Operations,23,0,0
EMP-0816,2024-09-01,Operations,22,1,1
EMP-0816,2024-10-01,Operations,21,0,0
EMP-0816,2024-11-01,Operations,23,0,3
EMP-0816,2024-12-01,Operations,20,0,0
EMP-0816,2025-01-01,Operations,22,0,1
EMP-0816,2025-02-01,Operations,20,0,0
EMP-0816,2025-03-01,Operations,21,1,0
EMP-0816,2025-04-01,Operations,23,1,1
EMP-0816,2025-05-01,Operations,21,0,0
EMP-0816,2025-06-01,Operations,20,0,0
EMP-0816,2025-07-01,Operations,22,0,0
EMP-0816,2025-08-01,Operations,21,0,0
EMP-0816,2025-09-01,Operations,22,0,1
EMP-0816,2025-10-01,Operations,20,0,2
EMP-0816,2025-11-01,Operations,21,0,2
EMP-0816,2025-12-01,Operations,20,0,0
EMP-0817,2025-07-01,Customer Service,20,0,0
EMP-0817,2025-08-01,Customer Service,23,2,2
EMP-0817,2025-09-01,Customer Service,22,1,2
EMP-0818,2024-04-01,Customer Service,23,0,0
EMP-0818,2024-05-01,Customer Service,22,1,1
EMP-0818,2024-06-01,Customer Service,22,1,0
EMP-0818,2024-07-01,Customer Service,22,1,0
EMP-0818,2024-08-01,Customer Service,22,0,0
EMP-0818,2024-09-01,Customer Service,21,1,0
EMP-0818,2024-10-01,Customer Service,20,0,0
EMP-0818,2024-11-01,Customer Service,22,0,2
EMP-0818,2024-12-01,Customer Service,21,1,1
EMP-0818,2025-01-01,Customer Service,20,1,0
EMP-0818,2025-02-01,Customer Service,21,1,1
EMP-0818,2025-03-01,Customer Service,22,0,0
EMP-0818,2025-04-01,Customer Service,20,1,0
EMP-0818,2025-05-01,Customer Service,22,1,0
EMP-0818,2025-06-01,Customer Service,23,0,3
EMP-0818,2025-07-01,Customer Service,20,0,0
EMP-0818,2025-08-01,Customer Service,21,1,2
EMP-0818,2025-09-01,Customer Service,20,2,0
EMP-0818,2025-10-01,Customer Service,23,0,1
EMP-0818,2025-11-01,Customer Service,22,1,2
EMP-0818,2025-12-01,Customer Service,23,1,0
EMP-0819,2024-09-01,IT & Data,21,3,0
EMP-0819,2024-10-01,IT & Data,20,1,0
EMP-0819,2024-11-01,IT & Data,21,1,2
EMP-0819,2024-12-01,IT & Data,22,2,1
EMP-0819,2025-01-01,IT & Data,23,2,1
EMP-0819,2025-02-01,IT & Data,20,1,2
EMP-0819,2025-03-01,IT & Data,23,1,0
EMP-0819,2025-04-01,IT & Data,21,2,2
EMP-0819,2025-05-01,IT & Data,22,2,1
EMP-0819,2025-06-01,IT & Data,21,2,0
EMP-0819,2025-07-01,IT & Data,21,2,0
EMP-0819,2025-08-01,IT & Data,21,0,0
EMP-0819,2025-09-01,IT & Data,20,4,2
EMP-0819,2025-10-01,IT & Data,22,1,2
EMP-0819,2025-11-01,IT & Data,22,2,2
EMP-0819,2025-12-01,IT & Data,21,1,0
EMP-0820,2025-03-01,Finance,21,0,0
EMP-0820,2025-04-01,Finance,20,0,2
EMP-0820,2025-05-01,Finance,21,0,0
EMP-0820,2025-06-01,Finance,22,0,0
EMP-0820,2025-07-01,Finance,21,0,0
EMP-0820,2025-08-01,Finance,23,1,0
EMP-0820,2025-09-01,Finance,22,0,2
EMP-0820,2025-10-01,Finance,22,1,0
EMP-0820,2025-11-01,Finance,20,0,1
EMP-0820,2025-12-01,Finance,20,0,0
EMP-0821,2025-12-01,Sales,23,0,0
EMP-0822,2025-02-01,Customer Service,23,2,0
EMP-0822,2025-03-01,Customer Service,23,0,1
EMP-0822,2025-04-01,Customer Service,20,0,2
EMP-0822,2025-05-01,Customer Service,22,1,2
EMP-0822,2025-06-01,Customer Service,23,1,2
EMP-0822,2025-07-01,Customer Service,23,0,2
EMP-0822,2025-08-01,Customer Service,21,2,0
EMP-0822,2025-09-01,Customer Service,21,0,1
EMP-0822,2025-10-01,Customer Service,23,1,0
EMP-0822,2025-11-01,Customer Service,23,1,1
EMP-0822,2025-12-01,Customer Service,23,0,0
EMP-0823,2024-12-01,Operations,21,0,0
EMP-0823,2025-01-01,Operations,21,1,0
EMP-0823,2025-02-01,Operations,23,0,3
EMP-0823,2025-03-01,Operations,23,1,1
EMP-0823,2025-04-01,Operations,23,1,0
EMP-0823,2025-05-01,Operations,22,0,1
EMP-0823,2025-06-01,Operations,21,1,2
EMP-0823,2025-07-01,Operations,20,0,1
EMP-0823,2025-08-01,Operations,20,0,1
EMP-0823,2025-09-01,Operations,20,2,0
EMP-0823,2025-10-01,Operations,22,0,0
EMP-0823,2025-11-01,Operations,23,0,2
EMP-0823,2025-12-01,Operations,23,0,0
EMP-0824,2025-07-01,Customer Service,22,1,3
EMP-0824,2025-08-01,Customer Service,23,1,0
EMP-0824,2025-09-01,Customer Service,20,0,1
EMP-0824,2025-10-01,Customer Service,23,0,1
EMP-0824,2025-11-01,Customer Service,21,1,1
EMP-0824,2025-12-01,Customer Service,22,0,3
EMP-0825,2025-12-01,Operations,21,2,0
EMP-0826,2025-04-01,Operations,23,0,0
EMP-0826,2025-05-01,Operations,21,0,2
EMP-0826,2025-06-01,Operations,20,1,0
EMP-0826,2025-07-01,Operations,23,1,1
EMP-0826,2025-08-01,Operations,20,1,0
EMP-0826,2025-09-01,Operations,20,1,1
EMP-0826,2025-10-01,Operations,23,0,0
EMP-0827,2025-11-01,Sales,20,0,1
EMP-0827,2025-12-01,Sales,21,2,1
EMP-0828,2024-06-01,Finance,20,2,0
EMP-0828,2024-07-01,Finance,23,2,2
EMP-0828,2024-08-01,Finance,20,2,1
EMP-0829,2024-03-01,Operations,23,0,1
EMP-0829,2024-04-01,Operations,23,0,0
EMP-0829,2024-05-01,Operations,22,0,2
EMP-0829,2024-06-01,Operations,20,1,0
EMP-0829,2024-07-01,Operations,23,0,0
EMP-0829,2024-08-01,Operations,23,0,2
EMP-0829,2024-09-01,Operations,23,1,1
EMP-0829,2024-10-01,Operations,21,0,0
EMP-0829,2024-11-01,Operations,20,0,3
EMP-0829,2024-12-01,Operations,20,0,2
EMP-0829,2025-01-01,Operations,21,1,2
EMP-0829,2025-02-01,Operations,23,1,0
EMP-0829,2025-03-01,Operations,21,2,0
EMP-0829,2025-04-01,Operations,22,0,1
EMP-0829,2025-05-01,Operations,23,0,1
EMP-0829,2025-06-01,Operations,21,0,0
EMP-0829,2025-07-01,Operations,20,0,1
EMP-0829,2025-08-01,Operations,21,0,3
EMP-0829,2025-09-01,Operations,22,0,1
EMP-0829,2025-10-01,Operations,20,0,2
EMP-0829,2025-11-01,Operations,23,0,1
EMP-0829,2025-12-01,Operations,20,0,1
EMP-0830,2025-05-01,Sales,20,0,0
EMP-0830,2025-06-01,Sales,21,2,1
EMP-0830,2025-07-01,Sales,22,2,1
EMP-0830,2025-08-01,Sales,23,0,0
EMP-0830,2025-09-01,Sales,22,0,0
EMP-0830,2025-10-01,Sales,23,0,0
EMP-0830,2025-11-01,Sales,20,1,1
EMP-0830,2025-12-01,Sales,21,1,1
EMP-0831,2024-03-01,IT & Data,22,0,2
EMP-0831,2024-04-01,IT & Data,22,0,2
EMP-0831,2024-05-01,IT & Data,23,3,0
EMP-0831,2024-06-01,IT & Data,23,0,1
EMP-0831,2024-07-01,IT & Data,23,0,3
EMP-0831,2024-08-01,IT & Data,22,0,2
EMP-0831,2024-09-01,IT & Data,22,0,0
EMP-0831,2024-10-01,IT & Data,22,0,1
EMP-0831,2024-11-01,IT & Data,21,0,1
EMP-0831,2024-12-01,IT & Data,23,0,0
EMP-0831,2025-01-01,IT & Data,21,0,2
EMP-0831,2025-02-01,IT & Data,20,0,1
EMP-0831,2025-03-01,IT & Data,23,0,1
EMP-0831,2025-04-01,IT & Data,22,2,0
EMP-0831,2025-05-01,IT & Data,23,1,1
EMP-0831,2025-06-01,IT & Data,21,0,4
EMP-0831,2025-07-01,IT & Data,23,0,1
EMP-0831,2025-08-01,IT & Data,23,1,1
EMP-0831,2025-09-01,IT & Data,23,0,2
EMP-0831,2025-10-01,IT & Data,22,0,0
EMP-0831,2025-11-01,IT & Data,22,0,2
EMP-0831,2025-12-01,IT & Data,22,0,1
EMP-0832,2025-06-01,Operations,21,0,1
EMP-0832,2025-07-01,Operations,21,0,1
EMP-0832,2025-08-01,Operations,22,1,1
EMP-0832,2025-09-01,Operations,21,1,0
EMP-0832,2025-10-01,Operations,20,2,1
EMP-0832,2025-11-01,Operations,21,0,0
EMP-0832,2025-12-01,Operations,22,2,1
EMP-0833,2025-08-01,Operations,20,1,0
EMP-0833,2025-09-01,Operations,21,0,1
EMP-0833,2025-10-01,Operations,20,0,0
EMP-0833,2025-11-01,Operations,22,0,1
EMP-0833,2025-12-01,Operations,23,0,0
EMP-0834,2024-08-01,Operations,21,0,2
EMP-0834,2024-09-01,Operations,22,0,2
EMP-0834,2024-10-01,Operations,23,0,1
EMP-0834,2024-11-01,Operations,23,0,2
EMP-0834,2024-12-01,Operations,20,0,0
EMP-0834,2025-01-01,Operations,20,0,0
EMP-0834,2025-02-01,Operations,22,1,0
EMP-0834,2025-03-01,Operations,23,1,1
EMP-0834,2025-04-01,Operations,21,0,2
EMP-0834,2025-05-01,Operations,22,0,0
EMP-0834,2025-06-01,Operations,21,1,1
EMP-0834,2025-07-01,Operations,20,1,2
EMP-0834,2025-08-01,Operations,20,0,1
EMP-0834,2025-09-01,Operations,20,2,1
EMP-0834,2025-10-01,Operations,21,0,0
EMP-0834,2025-11-01,Operations,23,1,1
EMP-0834,2025-12-01,Operations,20,1,1
EMP-0835,2025-07-01,Customer Service,22,1,1
EMP-0835,2025-08-01,Customer Service,23,1,0
EMP-0835,2025-09-01,Customer Service,23,0,1
EMP-0835,2025-10-01,Customer Service,23,1,0
EMP-0835,2025-11-01,Customer Service,20,0,1
EMP-0835,2025-12-01,Customer Service,21,1,3
EMP-0836,2024-04-01,Customer Service,23,3,0
EMP-0836,2024-05-01,Customer Service,22,1,0
EMP-0836,2024-06-01,Customer Service,22,2,3
EMP-0837,2025-03-01,IT & Data,22,0,0
EMP-0837,2025-04-01,IT & Data,22,0,1
EMP-0837,2025-05-01,IT & Data,22,0,0
EMP-0837,2025-06-01,IT & Data,20,0,0
EMP-0837,2025-07-01,IT & Data,23,0,0
EMP-0837,2025-08-01,IT & Data,23,1,0
EMP-0837,2025-09-01,IT & Data,20,0,3
EMP-0837,2025-10-01,IT & Data,23,1,0
EMP-0837,2025-11-01,IT & Data,21,0,0
EMP-0837,2025-12-01,IT & Data,21,0,1
EMP-0838,2024-06-01,Operations,22,1,2
EMP-0838,2024-07-01,Operations,23,0,2
EMP-0838,2024-08-01,Operations,21,2,1
EMP-0838,2024-09-01,Operations,23,2,1
EMP-0838,2024-10-01,Operations,20,1,2
EMP-0838,2024-11-01,Operations,21,0,0
EMP-0838,2024-12-01,Operations,22,0,0
EMP-0838,2025-01-01,Operations,21,0,2
EMP-0839,2024-02-01,IT & Data,23,2,2
EMP-0839,2024-03-01,IT & Data,23,0,0
EMP-0839,2024-04-01,IT & Data,20,0,1
EMP-0839,2024-05-01,IT & Data,20,1,1
EMP-0839,2024-06-01,IT & Data,21,0,1
EMP-0839,2024-07-01,IT & Data,23,0,0
EMP-0839,2024-08-01,IT & Data,20,0,1
EMP-0839,2024-09-01,IT & Data,23,0,0
EMP-0839,2024-10-01,IT & Data,23,0,0
EMP-0839,2024-11-01,IT & Data,20,0,1
EMP-0839,2024-12-01,IT & Data,23,0,0
EMP-0839,2025-01-01,IT & Data,20,0,1
EMP-0839,2025-02-01,IT & Data,23,0,2
EMP-0839,2025-03-01,IT & Data,21,0,0
EMP-0839,2025-04-01,IT & Data,21,0,2
EMP-0839,2025-05-01,IT & Data,21,1,3
EMP-0839,2025-06-01,IT & Data,23,0,0
EMP-0839,2025-07-01,IT & Data,20,1,0
EMP-0839,2025-08-01,IT & Data,23,0,2
EMP-0839,2025-09-01,IT & Data,23,1,0
EMP-0839,2025-10-01,IT & Data,20,1,1
EMP-0839,2025-11-01,IT & Data,23,1,1
EMP-0839,2025-12-01,IT & Data,23,0,0
EMP-0840,2024-07-01,Operations,21,0,0
EMP-0840,2024-08-01,Operations,23,0,0
EMP-0840,2024-09-01,Operations,22,2,0
EMP-0840,2024-10-01,Operations,23,1,0
EMP-0840,2024-11-01,Operations,20,1,1
EMP-0840,2024-12-01,Operations,22,0,0
EMP-0840,2025-01-01,Operations,20,0,1
EMP-0840,2025-02-01,Operations,22,0,0
EMP-0840,2025-03-01,Operations,22,1,0
EMP-0840,2025-04-01,Operations,22,1,2
EMP-0840,2025-05-01,Operations,22,2,0
EMP-0840,2025-06-01,Operations,22,1,3
EMP-0840,2025-07-01,Operations,22,0,2
EMP-0840,2025-08-01,Operations,22,0,1
EMP-0840,2025-09-01,Operations,22,0,1
EMP-0840,2025-10-01,Operations,20,0,2
EMP-0840,2025-11-01,Operations,21,1,3
EMP-0840,2025-12-01,Operations,21,1,0
EMP-0841,2025-12-01,Marketing,22,1,1
EMP-0842,2025-11-01,Customer Service,23,1,3
EMP-0842,2025-12-01,Customer Service,22,2,1
EMP-0843,2024-09-01,Customer Service,22,0,2
EMP-0843,2024-10-01,Customer Service,20,1,3
EMP-0843,2024-11-01,Customer Service,20,1,2
EMP-0843,2024-12-01,Customer Service,20,0,0
EMP-0843,2025-01-01,Customer Service,21,1,2
EMP-0843,2025-02-01,Customer Service,22,0,2
EMP-0843,2025-03-01,Customer Service,20,2,0
EMP-0843,2025-04-01,Customer Service,22,0,2
EMP-0843,2025-05-01,Customer Service,23,0,1
EMP-0843,2025-06-01,Customer Service,20,0,1
EMP-0843,2025-07-01,Customer Service,23,1,4
EMP-0843,2025-08-01,Customer Service,21,0,3
EMP-0843,2025-09-01,Customer Service,22,1,0
EMP-0843,2025-10-01,Customer Service,22,1,1
EMP-0843,2025-11-01,Customer Service,20,1,0
EMP-0843,2025-12-01,Customer Service,23,2,2
EMP-0844,2025-05-01,Human Resources,20,1,0
EMP-0844,2025-06-01,Human Resources,21,3,0
EMP-0844,2025-07-01,Human Resources,23,1,1
EMP-0844,2025-08-01,Human Resources,23,0,0
EMP-0844,2025-09-01,Human Resources,22,0,1
EMP-0844,2025-10-01,Human Resources,20,1,1
EMP-0844,2025-11-01,Human Resources,21,0,1
EMP-0844,2025-12-01,Human Resources,20,0,2
EMP-0845,2024-11-01,Sales,22,0,0
EMP-0845,2024-12-01,Sales,22,0,0
EMP-0845,2025-01-01,Sales,23,2,1
EMP-0845,2025-02-01,Sales,22,1,0
EMP-0845,2025-03-01,Sales,23,1,0
EMP-0845,2025-04-01,Sales,23,0,0
EMP-0845,2025-05-01,Sales,23,0,0
EMP-0845,2025-06-01,Sales,20,1,0
EMP-0845,2025-07-01,Sales,20,1,1
EMP-0845,2025-08-01,Sales,23,1,0
EMP-0845,2025-09-01,Sales,22,0,1
EMP-0845,2025-10-01,Sales,20,0,1
EMP-0845,2025-11-01,Sales,20,0,1
EMP-0845,2025-12-01,Sales,23,0,0
EMP-0846,2024-05-01,Operations,23,0,1
EMP-0846,2024-06-01,Operations,23,1,0
EMP-0846,2024-07-01,Operations,20,0,1
EMP-0846,2024-08-01,Operations,20,0,1
EMP-0846,2024-09-01,Operations,22,1,0
EMP-0846,2024-10-01,Operations,23,0,0
EMP-0846,2024-11-01,Operations,20,0,0
EMP-0846,2024-12-01,Operations,21,1,0
EMP-0846,2025-01-01,Operations,22,1,0
EMP-0846,2025-02-01,Operations,20,1,2
EMP-0846,2025-03-01,Operations,22,1,2
EMP-0846,2025-04-01,Operations,20,0,1
EMP-0846,2025-05-01,Operations,22,1,2
EMP-0846,2025-06-01,Operations,20,1,0
EMP-0846,2025-07-01,Operations,22,2,0
EMP-0846,2025-08-01,Operations,23,1,1
EMP-0846,2025-09-01,Operations,21,0,1
EMP-0846,2025-10-01,Operations,20,0,0
EMP-0846,2025-11-01,Operations,21,1,3
EMP-0846,2025-12-01,Operations,22,0,0
EMP-0847,2025-03-01,Customer Service,21,2,2
EMP-0847,2025-04-01,Customer Service,21,1,0
EMP-0847,2025-05-01,Customer Service,21,0,0
EMP-0847,2025-06-01,Customer Service,20,0,2
EMP-0847,2025-07-01,Customer Service,22,0,0
EMP-0847,2025-08-01,Customer Service,22,0,0
EMP-0847,2025-09-01,Customer Service,21,0,0
EMP-0847,2025-10-01,Customer Service,22,0,0
EMP-0847,2025-11-01,Customer Service,22,2,1
EMP-0847,2025-12-01,Customer Service,23,1,2
EMP-0848,2024-05-01,IT & Data,20,1,0
EMP-0848,2024-06-01,IT & Data,22,0,1
EMP-0848,2024-07-01,IT & Data,22,0,1
EMP-0848,2024-08-01,IT & Data,23,2,0
EMP-0848,2024-09-01,IT & Data,21,2,1
EMP-0848,2024-10-01,IT & Data,23,1,0
EMP-0848,2024-11-01,IT & Data,20,1,0
EMP-0848,2024-12-01,IT & Data,20,2,1
EMP-0848,2025-01-01,IT & Data,23,1,1
EMP-0848,2025-02-01,IT & Data,20,1,1
EMP-0848,2025-03-01,IT & Data,20,1,2
EMP-0848,2025-04-01,IT & Data,23,2,0
EMP-0848,2025-05-01,IT & Data,21,0,2
EMP-0848,2025-06-01,IT & Data,23,0,0
EMP-0848,2025-07-01,IT & Data,22,2,0
EMP-0848,2025-08-01,IT & Data,23,3,1
EMP-0848,2025-09-01,IT & Data,22,4,1
EMP-0848,2025-10-01,IT & Data,23,4,0
EMP-0848,2025-11-01,IT & Data,21,1,0
EMP-0848,2025-12-01,IT & Data,20,1,0
EMP-0849,2025-05-01,Sales,22,0,0
EMP-0849,2025-06-01,Sales,21,1,1
EMP-0849,2025-07-01,Sales,23,1,1
EMP-0849,2025-08-01,Sales,23,1,2
EMP-0850,2025-01-01,Marketing,23,0,2
EMP-0850,2025-02-01,Marketing,20,0,0
EMP-0850,2025-03-01,Marketing,22,1,0
EMP-0850,2025-04-01,Marketing,21,0,0
EMP-0850,2025-05-01,Marketing,22,0,0
EMP-0850,2025-06-01,Marketing,21,3,2
EMP-0850,2025-07-01,Marketing,23,0,0
EMP-0850,2025-08-01,Marketing,22,1,3
EMP-0850,2025-09-01,Marketing,20,1,0
EMP-0850,2025-10-01,Marketing,23,0,0
EMP-0850,2025-11-01,Marketing,22,0,1
EMP-0850,2025-12-01,Marketing,22,2,3
EMP-0851,2025-06-01,Sales,20,1,0
EMP-0851,2025-07-01,Sales,20,0,2
EMP-0851,2025-08-01,Sales,22,0,0
EMP-0851,2025-09-01,Sales,22,0,0
EMP-0851,2025-10-01,Sales,22,0,1
EMP-0851,2025-11-01,Sales,23,2,4
EMP-0852,2024-08-01,Marketing,23,0,1
EMP-0852,2024-09-01,Marketing,22,2,0
EMP-0852,2024-10-01,Marketing,23,0,1
EMP-0852,2024-11-01,Marketing,21,0,0
EMP-0852,2024-12-01,Marketing,22,1,1
EMP-0852,2025-01-01,Marketing,22,1,1
EMP-0852,2025-02-01,Marketing,21,0,1
EMP-0852,2025-03-01,Marketing,20,2,0
EMP-0852,2025-04-01,Marketing,22,0,0
EMP-0852,2025-05-01,Marketing,22,1,1
EMP-0852,2025-06-01,Marketing,23,0,0
EMP-0852,2025-07-01,Marketing,21,0,2
EMP-0852,2025-08-01,Marketing,22,0,1
EMP-0852,2025-09-01,Marketing,22,1,2
EMP-0852,2025-10-01,Marketing,21,0,0
EMP-0852,2025-11-01,Marketing,23,2,1
EMP-0852,2025-12-01,Marketing,20,0,1
EMP-0853,2024-12-01,Operations,20,0,0
EMP-0853,2025-01-01,Operations,20,0,0
EMP-0853,2025-02-01,Operations,20,1,1
EMP-0853,2025-03-01,Operations,21,0,0
EMP-0853,2025-04-01,Operations,21,1,2
EMP-0853,2025-05-01,Operations,22,0,1
EMP-0853,2025-06-01,Operations,21,0,1
EMP-0853,2025-07-01,Operations,23,0,0
EMP-0853,2025-08-01,Operations,21,0,0
EMP-0853,2025-09-01,Operations,21,0,2
EMP-0853,2025-10-01,Operations,20,1,0
EMP-0853,2025-11-01,Operations,22,1,2
EMP-0853,2025-12-01,Operations,20,0,2
EMP-0854,2025-06-01,Customer Service,21,1,3
EMP-0854,2025-07-01,Customer Service,21,0,2
EMP-0854,2025-08-01,Customer Service,23,0,0
EMP-0854,2025-09-01,Customer Service,23,0,0
EMP-0854,2025-10-01,Customer Service,23,0,0
EMP-0854,2025-11-01,Customer Service,21,0,1
EMP-0854,2025-12-01,Customer Service,22,0,0
EMP-0855,2025-11-01,Customer Service,23,0,0
EMP-0855,2025-12-01,Customer Service,20,1,0
EMP-0856,2024-01-01,Customer Service,22,1,2
EMP-0856,2024-02-01,Customer Service,22,0,0
EMP-0856,2024-03-01,Customer Service,22,3,1
EMP-0856,2024-04-01,Customer Service,20,2,1
EMP-0856,2024-05-01,Customer Service,23,0,2
EMP-0856,2024-06-01,Customer Service,21,1,3
EMP-0856,2024-07-01,Customer Service,22,0,2
EMP-0856,2024-08-01,Customer Service,23,0,1
EMP-0856,2024-09-01,Customer Service,20,1,2
EMP-0857,2025-08-01,Sales,21,0,1
EMP-0857,2025-09-01,Sales,22,0,1
EMP-0857,2025-10-01,Sales,23,1,1
EMP-0857,2025-11-01,Sales,22,0,0
EMP-0857,2025-12-01,Sales,22,1,0
EMP-0858,2024-12-01,Sales,20,1,0
EMP-0858,2025-01-01,Sales,22,0,3
EMP-0858,2025-02-01,Sales,20,0,1
EMP-0859,2025-09-01,Sales,22,2,0
EMP-0859,2025-10-01,Sales,22,0,1
EMP-0859,2025-11-01,Sales,22,0,0
EMP-0859,2025-12-01,Sales,22,0,0
EMP-0860,2024-05-01,Customer Service,23,1,2
EMP-0860,2024-06-01,Customer Service,23,0,2
EMP-0860,2024-07-01,Customer Service,20,2,1
EMP-0860,2024-08-01,Customer Service,21,1,0
EMP-0860,2024-09-01,Customer Service,20,1,0
EMP-0860,2024-10-01,Customer Service,21,0,0
EMP-0860,2024-11-01,Customer Service,21,0,0
EMP-0860,2024-12-01,Customer Service,22,1,2
EMP-0860,2025-01-01,Customer Service,22,1,0
EMP-0860,2025-02-01,Customer Service,20,1,0
EMP-0860,2025-03-01,Customer Service,22,0,0
EMP-0860,2025-04-01,Customer Service,22,0,1
EMP-0860,2025-05-01,Customer Service,23,1,1
EMP-0860,2025-06-01,Customer Service,23,1,1
EMP-0860,2025-07-01,Customer Service,21,1,3
EMP-0860,2025-08-01,Customer Service,21,1,1
EMP-0860,2025-09-01,Customer Service,23,0,1
EMP-0860,2025-10-01,Customer Service,23,0,1
EMP-0860,2025-11-01,Customer Service,23,2,0
EMP-0860,2025-12-01,Customer Service,22,1,1
EMP-0861,2024-01-01,Human Resources,21,0,0
EMP-0861,2024-02-01,Human Resources,21,0,0
EMP-0861,2024-03-01,Human Resources,21,0,2
EMP-0861,2024-04-01,Human Resources,21,0,0
EMP-0861,2024-05-01,Human Resources,20,1,0
EMP-0861,2024-06-01,Human Resources,21,1,1
EMP-0861,2024-07-01,Human Resources,21,1,1
EMP-0861,2024-08-01,Human Resources,22,1,0
EMP-0861,2024-09-01,Human Resources,20,1,0
EMP-0861,2024-10-01,Human Resources,20,0,2
EMP-0861,2024-11-01,Human Resources,22,1,0
EMP-0861,2024-12-01,Human Resources,20,0,1
EMP-0861,2025-01-01,Human Resources,23,2,1
EMP-0861,2025-02-01,Human Resources,21,0,0
EMP-0861,2025-03-01,Human Resources,20,1,0
EMP-0861,2025-04-01,Human Resources,20,0,1
EMP-0861,2025-05-01,Human Resources,20,1,0
EMP-0861,2025-06-01,Human Resources,21,0,1
EMP-0861,2025-07-01,Human Resources,22,2,2
EMP-0861,2025-08-01,Human Resources,20,0,1
EMP-0861,2025-09-01,Human Resources,23,1,1
EMP-0861,2025-10-01,Human Resources,23,1,2
EMP-0861,2025-11-01,Human Resources,22,2,0
EMP-0861,2025-12-01,Human Resources,22,1,1
EMP-0862,2024-01-01,Operations,20,2,1
EMP-0862,2024-02-01,Operations,22,1,0
EMP-0862,2024-03-01,Operations,22,0,0
EMP-0862,2024-04-01,Operations,23,0,1
EMP-0862,2024-05-01,Operations,21,1,0
EMP-0862,2024-06-01,Operations,23,0,0
EMP-0862,2024-07-01,Operations,20,0,1
EMP-0862,2024-08-01,Operations,23,0,2
EMP-0862,2024-09-01,Operations,21,1,0
EMP-0862,2024-10-01,Operations,20,0,2
EMP-0862,2024-11-01,Operations,21,0,0
EMP-0862,2024-12-01,Operations,23,1,2
EMP-0862,2025-01-01,Operations,22,0,1
EMP-0862,2025-02-01,Operations,21,0,1
EMP-0862,2025-03-01,Operations,22,0,1
EMP-0862,2025-04-01,Operations,20,0,1
EMP-0862,2025-05-01,Operations,22,1,0
EMP-0862,2025-06-01,Operations,21,0,0
EMP-0862,2025-07-01,Operations,22,0,0
EMP-0862,2025-08-01,Operations,20,1,0
EMP-0862,2025-09-01,Operations,22,0,2
EMP-0862,2025-10-01,Operations,23,0,4
EMP-0862,2025-11-01,Operations,20,0,1
EMP-0862,2025-12-01,Operations,21,2,2
EMP-0863,2024-12-01,Sales,22,0,2
EMP-0863,2025-01-01,Sales,23,0,0
EMP-0863,2025-02-01,Sales,21,1,0
EMP-0863,2025-03-01,Sales,22,0,2
EMP-0863,2025-04-01,Sales,22,0,0
EMP-0863,2025-05-01,Sales,21,0,0
EMP-0863,2025-06-01,Sales,23,0,1
EMP-0863,2025-07-01,Sales,22,0,0
EMP-0863,2025-08-01,Sales,23,1,0
EMP-0863,2025-09-01,Sales,21,0,2
EMP-0863,2025-10-01,Sales,20,0,0
EMP-0863,2025-11-01,Sales,20,0,0
EMP-0863,2025-12-01,Sales,21,0,0
EMP-0864,2025-04-01,Customer Service,21,0,1
EMP-0864,2025-05-01,Customer Service,21,1,0
EMP-0864,2025-06-01,Customer Service,23,2,2
EMP-0864,2025-07-01,Customer Service,23,1,2
EMP-0864,2025-08-01,Customer Service,22,2,1
EMP-0864,2025-09-01,Customer Service,23,1,1
EMP-0864,2025-10-01,Customer Service,20,0,2
EMP-0864,2025-11-01,Customer Service,23,0,0
EMP-0864,2025-12-01,Customer Service,20,1,1
EMP-0865,2024-10-01,Customer Service,23,0,1
EMP-0865,2024-11-01,Customer Service,22,1,2
EMP-0865,2024-12-01,Customer Service,21,3,0
EMP-0865,2025-01-01,Customer Service,23,0,0
EMP-0865,2025-02-01,Customer Service,20,2,0
EMP-0865,2025-03-01,Customer Service,20,0,3
EMP-0865,2025-04-01,Customer Service,23,0,0
EMP-0865,2025-05-01,Customer Service,20,0,1
EMP-0865,2025-06-01,Customer Service,20,2,0
EMP-0866,2024-08-01,Sales,23,0,0
EMP-0866,2024-09-01,Sales,22,1,0
EMP-0866,2024-10-01,Sales,20,1,1
EMP-0866,2024-11-01,Sales,22,0,1
EMP-0866,2024-12-01,Sales,20,1,0
EMP-0866,2025-01-01,Sales,23,0,0
EMP-0866,2025-02-01,Sales,22,0,2
EMP-0866,2025-03-01,Sales,20,1,0
EMP-0866,2025-04-01,Sales,21,0,0
EMP-0866,2025-05-01,Sales,21,1,0
EMP-0866,2025-06-01,Sales,23,0,1
EMP-0866,2025-07-01,Sales,21,1,1
EMP-0866,2025-08-01,Sales,23,2,2
EMP-0866,2025-09-01,Sales,20,0,0
EMP-0866,2025-10-01,Sales,20,0,0
EMP-0866,2025-11-01,Sales,22,0,0
EMP-0866,2025-12-01,Sales,21,0,0
EMP-0867,2024-08-01,Human Resources,23,1,0
EMP-0867,2024-09-01,Human Resources,21,1,1
EMP-0867,2024-10-01,Human Resources,23,1,1
EMP-0867,2024-11-01,Human Resources,21,0,1
EMP-0867,2024-12-01,Human Resources,20,1,1
EMP-0867,2025-01-01,Human Resources,20,0,3
EMP-0867,2025-02-01,Human Resources,23,0,1
EMP-0867,2025-03-01,Human Resources,22,0,0
EMP-0867,2025-04-01,Human Resources,21,1,0
EMP-0867,2025-05-01,Human Resources,22,0,0
EMP-0867,2025-06-01,Human Resources,20,1,0
EMP-0867,2025-07-01,Human Resources,22,1,1
EMP-0867,2025-08-01,Human Resources,23,0,2
EMP-0867,2025-09-01,Human Resources,20,0,0
EMP-0867,2025-10-01,Human Resources,21,1,0
EMP-0867,2025-11-01,Human Resources,23,1,1
EMP-0867,2025-12-01,Human Resources,20,1,0
EMP-0868,2024-02-01,Sales,23,2,0
EMP-0868,2024-03-01,Sales,22,0,2
EMP-0868,2024-04-01,Sales,23,3,1
EMP-0868,2024-05-01,Sales,20,3,2
EMP-0868,2024-06-01,Sales,20,2,3
EMP-0869,2024-05-01,Sales,21,1,1
EMP-0869,2024-06-01,Sales,20,1,1
EMP-0869,2024-07-01,Sales,23,0,0
EMP-0869,2024-08-01,Sales,21,0,3
EMP-0869,2024-09-01,Sales,20,0,2
EMP-0869,2024-10-01,Sales,20,0,0
EMP-0869,2024-11-01,Sales,22,0,1
EMP-0869,2024-12-01,Sales,22,2,1
EMP-0869,2025-01-01,Sales,20,0,1
EMP-0869,2025-02-01,Sales,21,0,2
EMP-0869,2025-03-01,Sales,22,1,0
EMP-0869,2025-04-01,Sales,22,1,1
EMP-0869,2025-05-01,Sales,21,1,1
EMP-0869,2025-06-01,Sales,23,0,0
EMP-0869,2025-07-01,Sales,23,0,1
EMP-0869,2025-08-01,Sales,20,0,2
EMP-0869,2025-09-01,Sales,20,2,3
EMP-0869,2025-10-01,Sales,21,1,2
EMP-0869,2025-11-01,Sales,23,2,2
EMP-0869,2025-12-01,Sales,21,1,1
EMP-0870,2024-07-01,Sales,21,1,0
EMP-0870,2024-08-01,Sales,22,0,3
EMP-0870,2024-09-01,Sales,23,2,1
EMP-0870,2024-10-01,Sales,23,0,0
EMP-0870,2024-11-01,Sales,20,1,1
EMP-0870,2024-12-01,Sales,20,0,1
EMP-0870,2025-01-01,Sales,20,1,2
EMP-0870,2025-02-01,Sales,23,0,0
EMP-0870,2025-03-01,Sales,21,1,0
EMP-0870,2025-04-01,Sales,21,0,0
EMP-0870,2025-05-01,Sales,22,0,0
EMP-0870,2025-06-01,Sales,20,2,1
EMP-0870,2025-07-01,Sales,20,0,2
EMP-0870,2025-08-01,Sales,22,1,0
EMP-0870,2025-09-01,Sales,22,0,1
EMP-0870,2025-10-01,Sales,23,1,1
EMP-0870,2025-11-01,Sales,20,0,1
EMP-0870,2025-12-01,Sales,22,2,1
EMP-0871,2025-09-01,Sales,20,0,0
EMP-0871,2025-10-01,Sales,21,2,2
EMP-0871,2025-11-01,Sales,23,3,1
EMP-0871,2025-12-01,Sales,23,1,1
EMP-0872,2024-04-01,Operations,20,1,0
EMP-0872,2024-05-01,Operations,22,1,2
EMP-0872,2024-06-01,Operations,23,0,0
EMP-0872,2024-07-01,Operations,21,0,2
EMP-0872,2024-08-01,Operations,23,0,3
EMP-0872,2024-09-01,Operations,20,0,2
EMP-0872,2024-10-01,Operations,20,1,3
EMP-0872,2024-11-01,Operations,23,1,1
EMP-0872,2024-12-01,Operations,22,0,0
EMP-0872,2025-01-01,Operations,23,0,1
EMP-0872,2025-02-01,Operations,22,0,2
EMP-0872,2025-03-01,Operations,20,0,0
EMP-0872,2025-04-01,Operations,20,1,1
EMP-0872,2025-05-01,Operations,23,1,1
EMP-0872,2025-06-01,Operations,21,0,1
EMP-0872,2025-07-01,Operations,23,0,2
EMP-0872,2025-08-01,Operations,21,0,0
EMP-0872,2025-09-01,Operations,22,1,0
EMP-0872,2025-10-01,Operations,23,1,1
EMP-0872,2025-11-01,Operations,22,0,0
EMP-0872,2025-12-01,Operations,20,1,0
EMP-0873,2024-08-01,Customer Service,22,0,0
EMP-0873,2024-09-01,Customer Service,23,0,0
EMP-0873,2024-10-01,Customer Service,23,0,0
EMP-0873,2024-11-01,Customer Service,23,1,2
EMP-0873,2024-12-01,Customer Service,20,1,2
EMP-0873,2025-01-01,Customer Service,22,0,2
EMP-0873,2025-02-01,Customer Service,22,0,0
EMP-0873,2025-03-01,Customer Service,20,0,1
EMP-0873,2025-04-01,Customer Service,22,0,0
EMP-0873,2025-05-01,Customer Service,23,1,1
EMP-0873,2025-06-01,Customer Service,21,0,1
EMP-0873,2025-07-01,Customer Service,20,0,1
EMP-0873,2025-08-01,Customer Service,20,0,0
EMP-0873,2025-09-01,Customer Service,20,1,1
EMP-0873,2025-10-01,Customer Service,21,1,0
EMP-0873,2025-11-01,Customer Service,23,0,0
EMP-0873,2025-12-01,Customer Service,23,0,2
EMP-0874,2024-11-01,Operations,22,0,0
EMP-0874,2024-12-01,Operations,21,1,2
EMP-0874,2025-01-01,Operations,20,0,1
EMP-0874,2025-02-01,Operations,22,1,2
EMP-0874,2025-03-01,Operations,23,1,2
EMP-0874,2025-04-01,Operations,20,0,1
EMP-0874,2025-05-01,Operations,20,1,4
EMP-0874,2025-06-01,Operations,23,2,2
EMP-0875,2025-11-01,Operations,23,0,2
EMP-0875,2025-12-01,Operations,23,1,0
EMP-0876,2024-05-01,Customer Service,20,2,0
EMP-0876,2024-06-01,Customer Service,22,3,0
EMP-0876,2024-07-01,Customer Service,23,1,0
EMP-0876,2024-08-01,Customer Service,20,1,3
EMP-0876,2024-09-01,Customer Service,23,2,0
EMP-0876,2024-10-01,Customer Service,20,3,3
EMP-0877,2025-03-01,Operations,23,0,0
EMP-0877,2025-04-01,Operations,22,1,1
EMP-0877,2025-05-01,Operations,20,0,0
EMP-0877,2025-06-01,Operations,21,0,0
EMP-0877,2025-07-01,Operations,21,0,0
EMP-0877,2025-08-01,Operations,23,0,0
EMP-0877,2025-09-01,Operations,20,1,0
EMP-0877,2025-10-01,Operations,21,1,1
EMP-0877,2025-11-01,Operations,22,0,1
EMP-0877,2025-12-01,Operations,22,0,1
EMP-0878,2025-03-01,Finance,21,1,1
EMP-0878,2025-04-01,Finance,23,3,0
EMP-0878,2025-05-01,Finance,21,0,1
EMP-0878,2025-06-01,Finance,23,2,2
EMP-0878,2025-07-01,Finance,20,1,1
EMP-0878,2025-08-01,Finance,23,1,0
EMP-0878,2025-09-01,Finance,23,0,1
EMP-0878,2025-10-01,Finance,20,0,2
EMP-0878,2025-11-01,Finance,20,2,1
EMP-0878,2025-12-01,Finance,22,0,1
EMP-0879,2024-06-01,Sales,21,1,1
EMP-0879,2024-07-01,Sales,21,2,0
EMP-0879,2024-08-01,Sales,20,1,1
EMP-0879,2024-09-01,Sales,21,0,0
EMP-0879,2024-10-01,Sales,20,0,1
EMP-0879,2024-11-01,Sales,20,1,2
EMP-0879,2024-12-01,Sales,21,2,1
EMP-0879,2025-01-01,Sales,22,0,0
EMP-0879,2025-02-01,Sales,22,0,0
EMP-0879,2025-03-01,Sales,20,1,0
EMP-0879,2025-04-01,Sales,22,1,0
EMP-0879,2025-05-01,Sales,23,0,1
EMP-0879,2025-06-01,Sales,22,2,0
EMP-0879,2025-07-01,Sales,20,1,1
EMP-0879,2025-08-01,Sales,21,1,2
EMP-0879,2025-09-01,Sales,20,0,1
EMP-0879,2025-10-01,Sales,20,0,3
EMP-0879,2025-11-01,Sales,20,1,3
EMP-0879,2025-12-01,Sales,20,0,0
EMP-0880,2025-04-01,IT & Data,21,0,2
EMP-0880,2025-05-01,IT & Data,21,3,0
EMP-0880,2025-06-01,IT & Data,23,1,0
EMP-0880,2025-07-01,IT & Data,20,0,0
EMP-0880,2025-08-01,IT & Data,21,0,0
EMP-0880,2025-09-01,IT & Data,23,0,1
EMP-0880,2025-10-01,IT & Data,20,0,1
EMP-0880,2025-11-01,IT & Data,21,1,1
EMP-0880,2025-12-01,IT & Data,23,1,1
EMP-0881,2024-07-01,Customer Service,21,0,2
EMP-0881,2024-08-01,Customer Service,22,1,0
EMP-0881,2024-09-01,Customer Service,23,1,1
EMP-0881,2024-10-01,Customer Service,21,0,1
EMP-0881,2024-11-01,Customer Service,20,2,2
EMP-0881,2024-12-01,Customer Service,22,0,1
EMP-0881,2025-01-01,Customer Service,23,1,1
EMP-0881,2025-02-01,Customer Service,20,2,0
EMP-0881,2025-03-01,Customer Service,22,3,1
EMP-0881,2025-04-01,Customer Service,22,1,1
EMP-0881,2025-05-01,Customer Service,21,2,3
EMP-0881,2025-06-01,Customer Service,21,3,0
EMP-0881,2025-07-01,Customer Service,22,1,0
EMP-0881,2025-08-01,Customer Service,20,3,1
EMP-0881,2025-09-01,Customer Service,23,3,0
EMP-0881,2025-10-01,Customer Service,20,1,0
EMP-0881,2025-11-01,Customer Service,22,2,0
EMP-0881,2025-12-01,Customer Service,23,2,0
EMP-0882,2025-07-01,Human Resources,22,1,1
EMP-0882,2025-08-01,Human Resources,23,0,1
EMP-0882,2025-09-01,Human Resources,22,1,1
EMP-0882,2025-10-01,Human Resources,21,0,1
EMP-0882,2025-11-01,Human Resources,22,0,2
EMP-0882,2025-12-01,Human Resources,23,1,2
EMP-0883,2025-08-01,Operations,20,0,0
EMP-0883,2025-09-01,Operations,21,0,1
EMP-0883,2025-10-01,Operations,21,0,3
EMP-0883,2025-11-01,Operations,23,0,2
EMP-0884,2024-09-01,Marketing,22,1,1
EMP-0884,2024-10-01,Marketing,22,0,3
EMP-0884,2024-11-01,Marketing,20,2,1
EMP-0884,2024-12-01,Marketing,21,0,0
EMP-0884,2025-01-01,Marketing,21,1,0
EMP-0884,2025-02-01,Marketing,23,1,1
EMP-0884,2025-03-01,Marketing,22,0,2
EMP-0884,2025-04-01,Marketing,22,0,1
EMP-0884,2025-05-01,Marketing,20,1,0
EMP-0884,2025-06-01,Marketing,21,0,2
EMP-0884,2025-07-01,Marketing,20,0,0
EMP-0884,2025-08-01,Marketing,22,0,2
EMP-0884,2025-09-01,Marketing,20,1,0
EMP-0884,2025-10-01,Marketing,20,1,0
EMP-0884,2025-11-01,Marketing,20,0,1
EMP-0884,2025-12-01,Marketing,20,1,1
EMP-0885,2024-12-01,Sales,22,1,3
EMP-0885,2025-01-01,Sales,21,0,0
EMP-0885,2025-02-01,Sales,22,3,1
EMP-0885,2025-03-01,Sales,23,0,3
EMP-0885,2025-04-01,Sales,21,1,1
EMP-0885,2025-05-01,Sales,20,0,0
EMP-0885,2025-06-01,Sales,22,1,0
EMP-0885,2025-07-01,Sales,22,1,3
EMP-0885,2025-08-01,Sales,22,1,1
EMP-0885,2025-09-01,Sales,23,2,1
EMP-0885,2025-10-01,Sales,20,0,0
EMP-0885,2025-11-01,Sales,23,0,0
EMP-0886,2025-01-01,Operations,22,1,2
EMP-0886,2025-02-01,Operations,23,1,1
EMP-0886,2025-03-01,Operations,23,0,1
EMP-0886,2025-04-01,Operations,20,0,0
EMP-0886,2025-05-01,Operations,23,1,0
EMP-0886,2025-06-01,Operations,22,1,1
EMP-0886,2025-07-01,Operations,20,0,3
EMP-0886,2025-08-01,Operations,21,1,0
EMP-0886,2025-09-01,Operations,22,0,1
EMP-0886,2025-10-01,Operations,20,0,4
EMP-0886,2025-11-01,Operations,23,0,2
EMP-0886,2025-12-01,Operations,22,0,0
EMP-0887,2025-07-01,Marketing,21,1,0
EMP-0887,2025-08-01,Marketing,22,2,1
EMP-0887,2025-09-01,Marketing,21,0,0
EMP-0887,2025-10-01,Marketing,21,1,0
EMP-0887,2025-11-01,Marketing,22,0,1
EMP-0887,2025-12-01,Marketing,23,0,0
EMP-0888,2025-01-01,Operations,22,0,2
EMP-0888,2025-02-01,Operations,21,0,1
EMP-0888,2025-03-01,Operations,20,0,2
EMP-0888,2025-04-01,Operations,23,0,1
EMP-0888,2025-05-01,Operations,21,1,0
EMP-0888,2025-06-01,Operations,20,1,0
EMP-0888,2025-07-01,Operations,22,0,0
EMP-0888,2025-08-01,Operations,21,0,0
EMP-0888,2025-09-01,Operations,22,1,2
EMP-0888,2025-10-01,Operations,23,0,0
EMP-0888,2025-11-01,Operations,20,1,0
EMP-0888,2025-12-01,Operations,20,0,0
EMP-0889,2024-05-01,Operations,20,1,2
EMP-0889,2024-06-01,Operations,21,1,1
EMP-0889,2024-07-01,Operations,20,0,0
EMP-0889,2024-08-01,Operations,22,0,1
EMP-0889,2024-09-01,Operations,21,2,1
EMP-0889,2024-10-01,Operations,23,0,1
EMP-0889,2024-11-01,Operations,23,0,0
EMP-0889,2024-12-01,Operations,21,1,0
EMP-0889,2025-01-01,Operations,21,0,2
EMP-0889,2025-02-01,Operations,21,1,0
EMP-0889,2025-03-01,Operations,20,0,1
EMP-0889,2025-04-01,Operations,22,0,0
EMP-0889,2025-05-01,Operations,23,1,1
EMP-0889,2025-06-01,Operations,20,0,0
EMP-0889,2025-07-01,Operations,22,0,1
EMP-0889,2025-08-01,Operations,22,1,0
EMP-0889,2025-09-01,Operations,23,0,0
EMP-0889,2025-10-01,Operations,22,1,0
EMP-0889,2025-11-01,Operations,21,2,1
EMP-0889,2025-12-01,Operations,23,1,1
EMP-0890,2025-07-01,Human Resources,23,2,0
EMP-0890,2025-08-01,Human Resources,22,2,0
EMP-0890,2025-09-01,Human Resources,21,3,0
EMP-0891,2024-03-01,Marketing,21,1,0
EMP-0891,2024-04-01,Marketing,22,0,0
EMP-0891,2024-05-01,Marketing,21,1,2
EMP-0891,2024-06-01,Marketing,23,0,1
EMP-0891,2024-07-01,Marketing,21,0,1
EMP-0891,2024-08-01,Marketing,22,1,1
EMP-0891,2024-09-01,Marketing,22,1,0
EMP-0891,2024-10-01,Marketing,22,0,1
EMP-0891,2024-11-01,Marketing,21,0,0
EMP-0891,2024-12-01,Marketing,23,1,1
EMP-0891,2025-01-01,Marketing,20,0,1
EMP-0891,2025-02-01,Marketing,21,0,0
EMP-0891,2025-03-01,Marketing,23,0,2
EMP-0891,2025-04-01,Marketing,21,0,0
EMP-0891,2025-05-01,Marketing,23,1,1
EMP-0891,2025-06-01,Marketing,20,2,4
EMP-0891,2025-07-01,Marketing,23,1,0
EMP-0891,2025-08-01,Marketing,20,1,0
EMP-0891,2025-09-01,Marketing,22,1,2
EMP-0891,2025-10-01,Marketing,21,3,3
EMP-0891,2025-11-01,Marketing,23,1,1
EMP-0891,2025-12-01,Marketing,21,0,1
EMP-0892,2025-01-01,Sales,22,0,0
EMP-0892,2025-02-01,Sales,22,1,0
EMP-0892,2025-03-01,Sales,20,1,1
EMP-0892,2025-04-01,Sales,23,0,2
EMP-0892,2025-05-01,Sales,23,0,3
EMP-0892,2025-06-01,Sales,22,2,2
EMP-0892,2025-07-01,Sales,23,1,0
EMP-0892,2025-08-01,Sales,22,0,0
EMP-0892,2025-09-01,Sales,21,0,3
EMP-0892,2025-10-01,Sales,22,2,0
EMP-0892,2025-11-01,Sales,23,0,1
EMP-0892,2025-12-01,Sales,23,0,1
EMP-0893,2024-01-01,Marketing,22,0,0
EMP-0893,2024-02-01,Marketing,23,0,0
EMP-0893,2024-03-01,Marketing,23,1,1
EMP-0893,2024-04-01,Marketing,20,1,0
EMP-0893,2024-05-01,Marketing,22,0,0
EMP-0893,2024-06-01,Marketing,20,0,0
EMP-0893,2024-07-01,Marketing,23,0,2
EMP-0893,2024-08-01,Marketing,20,0,1
EMP-0893,2024-09-01,Marketing,21,0,1
EMP-0893,2024-10-01,Marketing,23,0,1
EMP-0893,2024-11-01,Marketing,20,0,0
EMP-0893,2024-12-01,Marketing,20,1,0
EMP-0893,2025-01-01,Marketing,22,3,1
EMP-0893,2025-02-01,Marketing,23,1,2
EMP-0893,2025-03-01,Marketing,20,0,0
EMP-0893,2025-04-01,Marketing,21,0,0
EMP-0893,2025-05-01,Marketing,21,1,2
EMP-0893,2025-06-01,Marketing,22,0,0
EMP-0893,2025-07-01,Marketing,22,2,0
EMP-0893,2025-08-01,Marketing,21,0,0
EMP-0893,2025-09-01,Marketing,21,0,0
EMP-0893,2025-10-01,Marketing,20,1,0
EMP-0893,2025-11-01,Marketing,23,0,0
EMP-0893,2025-12-01,Marketing,22,0,1
EMP-0894,2025-05-01,Human Resources,20,0,2
EMP-0894,2025-06-01,Human Resources,23,2,0
EMP-0894,2025-07-01,Human Resources,23,1,0
EMP-0894,2025-08-01,Human Resources,20,0,1
EMP-0894,2025-09-01,Human Resources,20,0,1
EMP-0894,2025-10-01,Human Resources,21,0,0
EMP-0894,2025-11-01,Human Resources,20,0,0
EMP-0894,2025-12-01,Human Resources,22,0,0
EMP-0895,2025-08-01,Sales,20,1,0
EMP-0895,2025-09-01,Sales,22,0,0
EMP-0895,2025-10-01,Sales,20,2,0
EMP-0895,2025-11-01,Sales,22,3,0
EMP-0896,2025-10-01,Customer Service,23,1,3
EMP-0896,2025-11-01,Customer Service,20,0,1
EMP-0896,2025-12-01,Customer Service,21,0,0
EMP-0897,2024-09-01,Human Resources,23,1,0
EMP-0897,2024-10-01,Human Resources,20,1,0
EMP-0897,2024-11-01,Human Resources,21,0,1
EMP-0897,2024-12-01,Human Resources,20,0,1
EMP-0897,2025-01-01,Human Resources,22,0,0
EMP-0897,2025-02-01,Human Resources,21,0,3
EMP-0897,2025-03-01,Human Resources,22,1,3
EMP-0897,2025-04-01,Human Resources,22,0,1
EMP-0897,2025-05-01,Human Resources,22,1,0
EMP-0897,2025-06-01,Human Resources,22,1,0
EMP-0897,2025-07-01,Human Resources,21,0,3
EMP-0897,2025-08-01,Human Resources,20,2,3
EMP-0897,2025-09-01,Human Resources,22,1,0
EMP-0897,2025-10-01,Human Resources,21,0,2
EMP-0897,2025-11-01,Human Resources,21,1,2
EMP-0897,2025-12-01,Human Resources,22,1,0
EMP-0898,2025-01-01,IT & Data,22,0,0
EMP-0898,2025-02-01,IT & Data,23,2,1
EMP-0898,2025-03-01,IT & Data,23,1,2
EMP-0898,2025-04-01,IT & Data,21,0,0
EMP-0898,2025-05-01,IT & Data,22,1,2
EMP-0898,2025-06-01,IT & Data,23,0,0
EMP-0898,2025-07-01,IT & Data,23,0,1
EMP-0898,2025-08-01,IT & Data,20,1,2
EMP-0898,2025-09-01,IT & Data,22,0,3
EMP-0898,2025-10-01,IT & Data,22,1,0
EMP-0898,2025-11-01,IT & Data,20,0,1
EMP-0898,2025-12-01,IT & Data,21,1,0
EMP-0899,2025-08-01,Human Resources,22,0,2
EMP-0899,2025-09-01,Human Resources,21,1,0
EMP-0899,2025-10-01,Human Resources,22,0,1
EMP-0899,2025-11-01,Human Resources,23,0,1
EMP-0899,2025-12-01,Human Resources,23,0,1
EMP-0900,2025-03-01,Sales,22,2,2
EMP-0900,2025-04-01,Sales,20,0,1
EMP-0900,2025-05-01,Sales,20,1,1
EMP-0900,2025-06-01,Sales,23,1,3
EMP-0900,2025-07-01,Sales,21,3,0
EMP-0900,2025-08-01,Sales,23,4,1
EMP-0900,2025-09-01,Sales,21,2,1
EMP-0900,2025-10-01,Sales,22,1,1
EMP-0900,2025-11-01,Sales,22,0,4
EMP-0900,2025-12-01,Sales,22,1,2
